UMAP1,UMAP2,ID,height_above,labels_k2,labels_k3,labels_k4,labels_k5,labels_k6,labels_k7,labels_k8,labels_k9,labels_k10
13.343689,11.239347,2802,0.0,0,2,2,2,2,6,6,6,6
0.72186685,12.602516,6660,0.173736,1,0,0,0,5,5,5,5,5
6.287788,3.0183907,3597,3.681984,0,1,1,1,0,2,2,0,1
10.843772,1.7468224,3546,0.0,0,1,1,1,0,2,2,0,1
7.325669,1.8419516,4001,0.0,0,1,1,1,0,2,2,0,1
13.780795,9.905643,6106,0.8382,0,2,2,2,2,6,6,6,6
7.6889176,18.730566,7460,1.118616,1,0,0,0,1,0,3,3,3
12.138311,2.3144753,3736,0.0,0,1,1,1,0,2,2,0,1
10.455017,0.90567636,3856,0.7213600000000001,0,1,1,1,0,2,2,0,1
6.3358135,12.260382,7326,1.078992,1,0,0,0,1,0,1,1,0
18.962412,-3.601258,7824,0.9144,0,1,1,1,0,1,0,2,2
3.5692809,12.048393,5503,0.9144,1,0,0,0,5,5,5,5,5
10.144385,6.439562,3204,0.0,0,1,1,1,0,2,2,0,4
-7.684831,6.839556,5424,0.771144,1,0,3,3,3,3,7,7,7
7.3559165,18.433908,7363,0.414528,1,0,0,0,1,0,3,3,3
7.70436,2.780183,14689,0.2286,0,1,1,1,0,2,2,0,1
15.60652,9.664109,2757,1.31064,0,2,2,2,2,6,6,6,6
16.364408,9.859438,2706,0.0,0,2,2,2,2,6,6,6,6
8.202987,18.476286,8054,0.0,1,0,0,0,1,0,3,3,3
7.55554,18.943722,7473,0.704088,1,0,0,0,1,0,3,3,3
4.9085813,16.578243,7617,1.524,1,0,0,0,1,0,3,3,3
5.4842067,17.380917,7652,0.524256,1,0,0,0,1,0,3,3,3
6.329077,11.943881,7700,0.618744,1,0,0,0,1,0,1,1,0
1.7345595,12.730719,6092,0.954024,1,0,0,0,5,5,5,5,5
15.92082,11.745463,2689,2.1336,0,2,2,2,2,6,6,6,6
12.490689,24.28926,7558,0.21336,1,0,0,4,4,4,4,4,9
11.786089,4.6093554,3477,0.0,0,1,1,1,0,2,2,0,4
2.2853298,13.645939,6548,1.32588,1,0,0,0,5,5,5,5,5
11.085404,2.5000253,4366,0.173736,0,1,1,1,0,2,2,0,1
16.046368,11.928532,2765,0.3048,0,2,2,2,2,6,6,6,6
6.247595,13.962004,7351,0.03048,1,0,0,0,1,0,1,1,0
12.030908,23.856571,7525,0.984504,1,0,0,4,4,4,4,4,9
5.1639504,17.17245,7444,0.603504,1,0,0,0,1,0,3,3,3
5.0817523,14.032465,7295,0.4032504,1,0,0,0,1,0,1,1,0
3.356555,11.967547,5259,1.6002,1,0,0,0,5,5,5,5,5
16.848896,11.084248,2726,0.728472,0,2,2,2,2,6,6,6,6
12.778412,-2.7485728,14060,0.71628,0,1,1,1,0,1,0,2,2
14.248574,10.101261,6593,1.322832,0,2,2,2,2,6,6,6,6
-0.80715084,14.679122,8064,0.9144,1,0,0,0,5,5,5,5,5
0.7808149,12.519162,6584,0.0,1,0,0,0,5,5,5,5,5
11.908781,6.2081513,3586,0.432816,0,1,1,1,0,2,2,0,4
3.3933468,11.788203,5496,1.03632,1,0,0,0,5,5,5,5,5
0.90342975,12.087191,6598,0.0,1,0,0,0,5,5,5,5,5
5.1915174,17.13034,7624,1.453896,1,0,0,0,1,0,3,3,3
7.3231125,1.8023126,3714,1.709928,0,1,1,1,0,2,2,0,1
9.573134,7.552032,4392,0.0,0,1,1,1,0,2,2,0,4
-7.5904484,6.9322267,5462,0.323088,1,0,3,3,3,3,7,7,7
16.399221,8.476876,2846,1.58496,0,2,2,2,2,6,6,6,6
-7.5081406,6.824208,5449,0.356616,1,0,3,3,3,3,7,7,7
-7.4589987,6.843776,5507,0.47244,1,0,3,3,3,3,7,7,7
2.3159058,-3.2856328,2791,2.25552,0,1,1,1,0,1,0,8,8
15.858497,11.726415,2687,1.31064,0,2,2,2,2,6,6,6,6
-7.647667,6.9224386,5463,0.54864,1,0,3,3,3,3,7,7,7
9.611921,11.070307,6269,1.069848,1,0,0,0,1,0,1,1,0
15.446707,23.02433,7402,0.646176,1,0,0,4,4,4,4,4,9
8.995283,17.335512,7483,0.35052,1,0,0,0,1,0,3,3,3
3.1745927,11.713545,5454,0.1524,1,0,0,0,5,5,5,5,5
5.604295,12.447333,7224,0.551688,1,0,0,0,1,0,1,1,0
7.159974,2.8795042,6031,1.459992,0,1,1,1,0,2,2,0,1
14.427839,9.741621,6302,1.499616,0,2,2,2,2,6,6,6,6
12.160841,3.5037706,4859,0.4826,0,1,1,1,0,2,2,0,4
16.313135,10.527108,2709,1.389888,0,2,2,2,2,6,6,6,6
10.845886,1.2014077,3773,1.469136,0,1,1,1,0,2,2,0,1
4.9975114,14.225202,7668,1.261872,1,0,0,0,1,0,1,1,0
6.065529,13.689437,7377,0.240792,1,0,0,0,1,0,1,1,0
11.624228,-2.1627667,15108,1.15316,0,1,1,1,0,1,0,2,2
7.3980937,1.7441547,3599,0.569976,0,1,1,1,0,2,2,0,1
-0.14550744,12.708789,6537,1.685544,1,0,0,0,5,5,5,5,5
6.35759,11.938622,7238,0.280416,1,0,0,0,1,0,1,1,0
12.380192,24.25229,7548,0.118872,1,0,0,4,4,4,4,4,9
12.242918,23.858686,7521,1.383792,1,0,0,4,4,4,4,4,9
7.0400586,17.813911,7628,1.0668,1,0,0,0,1,0,3,3,3
9.548056,11.036799,6410,0.70104,1,0,0,0,1,0,1,1,0
-7.5982556,6.5440307,5413,0.79248,1,0,3,3,3,3,7,7,7
6.343113,12.05418,7283,0.819912,1,0,0,0,1,0,1,1,0
13.394393,11.189103,2803,0.85344,0,2,2,2,2,6,6,6,6
0.9361414,12.15626,6247,0.0,1,0,0,0,5,5,5,5,5
2.32015,13.4709635,6071,0.0,1,0,0,0,5,5,5,5,5
2.0851655,13.727649,6067,1.2192,1,0,0,0,5,5,5,5,5
8.783276,1.7106538,3491,0.0,0,1,1,1,0,2,2,0,1
9.582577,11.039589,6116,1.304544,1,0,0,0,1,0,1,1,0
10.794588,1.1976383,3943,0.0,0,1,1,1,0,2,2,0,1
11.798054,6.074497,3572,0.920496,0,1,1,1,0,2,2,0,4
15.382058,23.088394,7410,1.018032,1,0,0,4,4,4,4,4,9
8.53467,16.982113,4537,1.05156,1,0,0,0,1,0,3,3,3
11.255357,5.151229,4355,0.341376,0,1,1,1,0,2,2,0,4
11.706124,5.952163,3334,0.0,0,1,1,1,0,2,2,0,4
10.429396,17.445625,7454,2.6347928,1,0,0,0,1,0,3,3,3
16.059881,10.44941,2866,1.2192,0,2,2,2,2,6,6,6,6
9.959407,11.071365,6242,0.79248,1,0,0,0,1,0,1,1,0
2.2613971,13.543375,6136,0.310896,1,0,0,0,5,5,5,5,5
-8.101561,10.579581,8077,2.779776,1,0,3,3,3,3,7,7,7
13.373811,11.230164,2801,1.40208,0,2,2,2,2,6,6,6,6
9.617368,16.891525,7388,0.5334,1,0,0,0,1,0,3,3,3
10.18212,6.4195566,3203,0.451104,0,1,1,1,0,2,2,0,4
12.669713,23.725649,7513,0.509016,1,0,0,4,4,4,4,4,9
6.287382,-4.918229,793,0.4754879999999999,0,1,1,1,0,1,0,8,8
7.7848954,18.577538,7447,1.207008,1,0,0,0,1,0,3,3,3
6.2237563,-4.8688025,790,0.4754879999999999,0,1,1,1,0,1,0,8,8
4.555581,15.75152,7368,1.892808,1,0,0,0,1,0,1,1,0
4.8878784,16.607666,7616,1.243584,1,0,0,0,1,0,3,3,3
10.185021,0.9345005,4037,0.13716,0,1,1,1,0,2,2,0,1
6.0064945,-5.721848,774,1.5392400000000002,0,1,1,1,0,1,0,8,8
10.195532,0.9993369,3998,1.133856,0,1,1,1,0,2,2,0,1
16.382257,10.31978,2872,0.7111999999999999,0,2,2,2,2,6,6,6,6
1.2630403,12.702893,6590,0.0,1,0,0,0,5,5,5,5,5
10.203765,17.210546,7228,0.8382,1,0,0,0,1,0,3,3,3
-7.500368,6.704723,5471,0.542544,1,0,3,3,3,3,7,7,7
2.5657325,11.910185,5316,0.41656,1,0,0,0,5,5,5,5,5
12.395506,24.35531,7554,0.612648,1,0,0,4,4,4,4,4,9
16.870157,11.073709,2729,2.161032,0,2,2,2,2,6,6,6,6
8.901593,1.5957829,3324,3.61188,0,1,1,1,0,2,2,0,1
6.2104836,2.9943705,3637,0.0,0,1,1,1,0,2,2,0,1
16.674963,10.14954,2692,0.28956,0,2,2,2,2,6,6,6,6
11.777628,6.037375,3332,0.246888,0,1,1,1,0,2,2,0,4
8.838184,1.6221207,3767,0.0,0,1,1,1,0,2,2,0,1
9.6151,11.016822,6137,0.88392,1,0,0,0,1,0,1,1,0
7.779974,18.827696,7417,0.3048,1,0,0,0,1,0,3,3,3
8.814319,16.59268,7348,0.566928,1,0,0,0,1,0,3,3,3
12.675861,23.746513,7550,0.935736,1,0,0,4,4,4,4,4,9
-7.357338,6.3582516,5338,0.804672,1,0,3,3,3,3,7,7,7
10.252287,0.9566787,3694,1.267968,0,1,1,1,0,2,2,0,1
8.725746,1.7460507,3748,0.771144,0,1,1,1,0,2,2,0,1
10.289474,1.019019,4039,0.0,0,1,1,1,0,2,2,0,1
13.253853,11.314579,7529,1.05156,0,2,2,2,2,6,6,6,6
5.9783516,17.502619,7633,0.246888,1,0,0,0,1,0,3,3,3
9.008886,17.346264,7484,0.0,1,0,0,0,1,0,3,3,3
13.281556,11.276738,6266,1.420368,0,2,2,2,2,6,6,6,6
11.739983,4.069794,3253,2.4384,0,1,1,1,0,2,2,0,4
5.998931,13.607664,7655,0.1524,1,0,0,0,1,0,1,1,0
11.765513,4.688021,3497,0.0,0,1,1,1,0,2,2,0,4
17.088589,10.393608,2735,0.41148,0,2,2,2,2,6,6,6,6
16.725368,11.029849,2727,0.618744,0,2,2,2,2,6,6,6,6
0.8647391,12.052183,6550,0.0,1,0,0,0,5,5,5,5,5
15.431547,23.039785,7425,0.652272,1,0,0,4,4,4,4,4,9
8.249683,18.298601,7308,0.3048,1,0,0,0,1,0,3,3,3
2.5741065,13.934508,6176,0.3048,1,0,0,0,5,5,5,5,5
7.780555,18.549162,7441,0.762,1,0,0,0,1,0,3,3,3
11.238616,4.0555863,4280,0.0,0,1,1,1,0,2,2,0,4
-7.555603,6.572543,5425,0.246888,1,0,3,3,3,3,7,7,7
6.3599353,12.091198,7282,1.685544,1,0,0,0,1,0,1,1,0
10.105949,10.813355,6384,0.542544,1,0,0,0,1,0,1,1,0
7.7320356,2.8461902,14688,0.1524,0,1,1,1,0,2,2,0,1
11.569338,2.2558737,3274,1.2192,0,1,1,1,0,2,2,0,1
-7.367078,6.4501653,5360,1.0668,1,0,3,3,3,3,7,7,7
8.234645,18.314571,7307,0.762,1,0,0,0,1,0,3,3,3
0.6735664,12.152408,6531,0.0,1,0,0,0,5,5,5,5,5
6.139775,13.774335,7657,0.676656,1,0,0,0,1,0,1,1,0
10.127748,10.994783,6162,0.984504,1,0,0,0,1,0,1,1,0
7.930577,2.7028782,14690,0.57912,0,1,1,1,0,2,2,0,1
3.4516027,11.98478,5497,1.03632,1,0,0,0,5,5,5,5,5
12.07702,2.311916,3735,0.3048,0,1,1,1,0,2,2,0,1
5.8544188,-4.584065,785,1.42748,0,1,1,1,0,1,0,8,8
17.223856,8.149884,2841,1.959864,0,2,2,2,2,6,6,6,6
12.138553,3.8598974,4865,0.418592,0,1,1,1,0,2,2,0,4
2.5343602,13.94448,6175,0.140208,1,0,0,0,5,5,5,5,5
14.175836,10.164275,6095,0.33528,0,2,2,2,2,6,6,6,6
12.203608,3.6563256,4861,0.57404,0,1,1,1,0,2,2,0,4
6.227763,-5.0219917,6285,0.0,0,1,1,1,0,1,0,8,8
2.4651413,12.409593,6036,0.0,1,0,0,0,5,5,5,5,5
6.208464,2.6205235,3483,0.542544,0,1,1,1,0,2,2,0,1
9.973142,6.566693,3195,0.545592,0,1,1,1,0,2,2,0,4
3.3030112,11.67323,5495,0.6096,1,0,0,0,5,5,5,5,5
13.310996,11.259747,7677,1.179576,0,2,2,2,2,6,6,6,6
17.338737,8.1122265,2740,2.478024,0,2,2,2,2,6,6,6,6
16.09601,10.141271,2733,1.15824,0,2,2,2,2,6,6,6,6
12.490686,24.331078,7407,0.588264,1,0,0,4,4,4,4,4,9
0.6164025,11.721053,6493,0.0,1,0,0,0,5,5,5,5,5
13.777948,9.901075,6099,0.92964,0,2,2,2,2,6,6,6,6
2.7694328,11.94458,5482,0.3048,1,0,0,0,5,5,5,5,5
6.403027,12.211576,7325,1.08204,1,0,0,0,1,0,1,1,0
15.379048,23.091331,7560,0.59436,1,0,0,4,4,4,4,4,9
12.76044,-2.7494364,14119,0.179832,0,1,1,1,0,1,0,2,2
9.591867,7.5319104,4393,0.0,0,1,1,1,0,2,2,0,4
12.113462,2.1969748,3709,0.0,0,1,1,1,0,2,2,0,1
11.344401,4.17301,3603,0.6096,0,1,1,1,0,2,2,0,4
3.3899224,11.962917,5258,1.292352,1,0,0,0,5,5,5,5,5
0.5024672,12.858647,6656,0.89916,1,0,0,0,5,5,5,5,5
16.837597,9.43993,2548,0.3048,0,2,2,2,2,6,6,6,6
10.174553,10.858378,6231,0.460248,1,0,0,0,1,0,1,1,0
10.158424,5.766753,3200,0.0,0,1,1,1,0,2,2,0,4
-7.345183,6.3750677,5335,0.527304,1,0,3,3,3,3,7,7,7
6.5317063,-4.3762836,780,1.545336,0,1,1,1,0,1,0,8,8
10.520197,1.1162888,3763,0.0,0,1,1,1,0,2,2,0,1
0.63483965,11.816487,6469,1.018032,1,0,0,0,5,5,5,5,5
12.101933,2.1636107,4957,2.4384,0,1,1,1,0,2,2,0,1
-7.5508423,6.882598,5472,1.374648,1,0,3,3,3,3,7,7,7
16.474915,8.402063,2848,1.72212,0,2,2,2,2,6,6,6,6
12.76013,-2.743915,14061,0.652272,0,1,1,1,0,1,0,2,2
-0.79786956,14.6912565,8063,0.9144,1,0,0,0,5,5,5,5,5
8.768661,1.685059,3957,0.0,0,1,1,1,0,2,2,0,1
5.5325394,12.991299,7480,0.0762,1,0,0,0,1,0,1,1,0
14.151606,10.080095,6237,0.972312,0,2,2,2,2,6,6,6,6
2.6237266,13.837369,6294,0.12192,1,0,0,0,5,5,5,5,5
5.8506002,-4.585468,783,1.42748,0,1,1,1,0,1,0,8,8
9.564468,11.066371,6412,0.85344,1,0,0,0,1,0,1,1,0
3.1570265,11.678784,5485,0.0,1,0,0,0,5,5,5,5,5
6.024732,13.751736,7374,0.103632,1,0,0,0,1,0,1,1,0
9.9756975,11.091175,6261,1.429512,1,0,0,0,1,0,1,1,0
10.126762,10.896708,6189,2.35458,1,0,0,0,1,0,1,1,0
6.2387166,2.5738769,3482,0.0,0,1,1,1,0,2,2,0,1
11.300663,5.30034,3594,0.536448,0,1,1,1,0,2,2,0,4
12.362885,24.314873,7555,0.499872,1,0,0,4,4,4,4,4,9
8.763046,16.696112,7337,0.0,1,0,0,0,1,0,3,3,3
12.757607,-2.7414317,14059,0.73152,0,1,1,1,0,1,0,2,2
9.195482,16.45303,7286,0.402336,1,0,0,0,1,0,3,3,3
10.158364,0.90832186,4035,0.0,0,1,1,1,0,2,2,0,1
0.2052247,12.905428,6545,0.4572,1,0,0,0,5,5,5,5,5
16.752201,9.567777,2713,1.3716,0,2,2,2,2,6,6,6,6
16.52608,10.457199,2694,0.088392,0,2,2,2,2,6,6,6,6
8.840546,1.648456,3325,0.2286,0,1,1,1,0,2,2,0,1
10.715969,1.5782874,3950,0.3048,0,1,1,1,0,2,2,0,1
2.7713993,12.035319,5329,0.5344159999999999,1,0,0,0,5,5,5,5,5
6.0709696,13.7267885,7656,0.42672,1,0,0,0,1,0,1,1,0
0.5662995,11.656212,6477,0.569976,1,0,0,0,5,5,5,5,5
6.762744,11.913906,9766,1.133856,1,0,0,0,1,0,1,1,0
11.209708,2.598926,4216,0.0,0,1,1,1,0,2,2,0,1
-7.436354,6.6733646,5420,1.039368,1,0,3,3,3,3,7,7,7
9.11429,17.35865,7287,1.13538,1,0,0,0,1,0,3,3,3
11.319577,5.023461,4554,0.67056,0,1,1,1,0,2,2,0,4
7.489268,2.8712528,14711,0.35052,0,1,1,1,0,2,2,0,1
16.38746,9.922133,2754,1.6764,0,2,2,2,2,6,6,6,6
17.142748,10.338247,2738,0.51816,0,2,2,2,2,6,6,6,6
9.110564,17.405043,7323,0.03048,1,0,0,0,1,0,3,3,3
5.93019,17.48536,7642,0.509016,1,0,0,0,1,0,3,3,3
10.278441,17.439152,7424,0.0,1,0,0,0,1,0,3,3,3
15.424324,23.046778,7421,1.298448,1,0,0,4,4,4,4,4,9
16.346638,10.446352,2743,2.112264,0,2,2,2,2,6,6,6,6
10.013141,17.060076,7241,0.094488,1,0,0,0,1,0,3,3,3
8.924079,16.871984,7334,0.0,1,0,0,0,1,0,3,3,3
0.92630893,12.204154,6173,0.0,1,0,0,0,5,5,5,5,5
16.12484,9.760482,2818,1.524,0,2,2,2,2,6,6,6,6
1.9538059,12.991447,6075,1.408176,1,0,0,0,5,5,5,5,5
17.185526,10.355737,2736,0.576072,0,2,2,2,2,6,6,6,6
10.832629,1.825029,3948,1.78308,0,1,1,1,0,2,2,0,1
5.761354,13.187571,7362,1.487424,1,0,0,0,1,0,1,1,0
15.618223,9.677026,2759,1.3716,0,2,2,2,2,6,6,6,6
5.727615,13.153971,7247,0.32512,1,0,0,0,1,0,1,1,0
16.20185,9.419053,2744,1.335024,0,2,2,2,2,6,6,6,6
-8.101575,10.579569,8107,0.39624,1,0,3,3,3,3,7,7,7
2.183581,13.628196,6115,0.70104,1,0,0,0,5,5,5,5,5
5.420674,13.1836,7482,0.140208,1,0,0,0,1,0,1,1,0
16.383768,8.466963,2850,2.33172,0,2,2,2,2,6,6,6,6
16.146954,10.42244,2752,0.06096,0,2,2,2,2,6,6,6,6
8.904407,16.094315,7320,0.0,1,0,0,0,1,0,3,3,3
13.352763,11.226002,14855,1.078992,0,2,2,2,2,6,6,6,6
5.5629754,12.79759,7250,0.381,1,0,0,0,1,0,1,1,0
-0.82891893,14.601606,8059,0.0,1,0,0,0,5,5,5,5,5
16.854115,11.094576,2731,1.289304,0,2,2,2,2,6,6,6,6
9.597882,7.519037,4387,0.2621279999999999,0,1,1,1,0,2,2,0,4
7.2931614,18.172752,7627,0.92964,1,0,0,0,1,0,3,3,3
12.044627,23.866404,7526,0.972312,1,0,0,4,4,4,4,4,9
7.026674,17.794943,7629,1.0668,1,0,0,0,1,0,3,3,3
10.399542,0.9079439,3911,0.0,0,1,1,1,0,2,2,0,1
10.320915,10.687719,7887,0.762,1,0,0,0,1,0,1,1,0
2.8053,11.994877,5477,0.3048,1,0,0,0,5,5,5,5,5
4.8873267,16.575792,7620,0.8382,1,0,0,0,1,0,3,3,3
6.2664795,-4.855974,796,0.4754879999999999,0,1,1,1,0,1,0,8,8
0.42779577,11.446513,6253,0.728472,1,0,0,0,5,5,5,5,5
12.153906,2.1707153,3717,0.0,0,1,1,1,0,2,2,0,1
16.030563,11.898396,2771,1.2191999999999998,0,2,2,2,2,6,6,6,6
0.75497645,11.979957,6474,0.0,1,0,0,0,5,5,5,5,5
7.463753,2.5388007,6138,0.65532,0,1,1,1,0,2,2,0,1
-7.4480963,6.7792583,5422,0.252984,1,0,3,3,3,3,7,7,7
4.937071,14.304998,7322,0.67056,1,0,0,0,1,0,1,1,0
15.561808,9.697135,2758,1.31064,0,2,2,2,2,6,6,6,6
12.5855255,23.896181,7451,0.86868,1,0,0,4,4,4,4,4,9
12.221056,24.012398,7518,0.704088,1,0,0,4,4,4,4,4,9
16.471947,8.409316,2784,1.594104,0,2,2,2,2,6,6,6,6
11.64299,-2.200642,14932,1.627632,0,1,1,1,0,1,0,2,2
3.4214976,11.797415,5487,0.70104,1,0,0,0,5,5,5,5,5
15.495378,9.8041315,2829,1.46304,0,2,2,2,2,6,6,6,6
4.925574,14.314121,7314,0.460248,1,0,0,0,1,0,1,1,0
12.235325,3.6345024,4868,1.3208,0,1,1,1,0,2,2,0,4
-7.592239,6.7347054,5368,1.66116,1,0,3,3,3,3,7,7,7
10.381348,17.453604,7438,0.85344,1,0,0,0,1,0,3,3,3
10.149553,10.771877,6187,0.73152,1,0,0,0,1,0,1,1,0
15.578125,9.67079,2760,1.3716,0,2,2,2,2,6,6,6,6
15.371976,23.098316,7735,1.633728,1,0,0,4,4,4,4,4,9
16.028719,11.902061,2770,1.88976,0,2,2,2,2,6,6,6,6
7.3702407,1.8725468,3996,0.341376,0,1,1,1,0,2,2,0,1
10.8794775,1.9113688,4977,0.35052,0,1,1,1,0,2,2,0,1
16.309803,10.537325,2749,0.826008,0,2,2,2,2,6,6,6,6
8.873877,16.094023,7312,0.368808,1,0,0,0,1,0,3,3,3
6.107693,-4.7955594,6307,0.03048,0,1,1,1,0,1,0,8,8
0.81298685,12.085106,6511,0.0,1,0,0,0,5,5,5,5,5
2.3160083,-3.2855966,2851,2.10312,0,1,1,1,0,1,0,8,8
16.656324,9.610207,2542,1.08204,0,2,2,2,2,6,6,6,6
12.765415,-2.7517831,14062,0.643128,0,1,1,1,0,1,0,2,2
1.7359046,12.706998,6097,1.155192,1,0,0,0,5,5,5,5,5
11.969343,2.2528708,3719,0.94488,0,1,1,1,0,2,2,0,1
10.583855,1.1033242,3753,0.606552,0,1,1,1,0,2,2,0,1
12.10323,23.63984,7380,1.32588,1,0,0,4,4,4,4,4,9
10.123397,11.015994,6241,0.886968,1,0,0,0,1,0,1,1,0
11.574418,1.6052849,4052,0.0,0,1,1,1,0,2,2,0,1
-8.101628,10.579549,8074,2.828544,1,0,3,3,3,3,7,7,7
5.2661376,17.112902,7453,0.749808,1,0,0,0,1,0,3,3,3
5.998902,13.619317,7373,0.109728,1,0,0,0,1,0,1,1,0
2.7869792,11.948404,5486,0.21336,1,0,0,0,5,5,5,5,5
9.407903,16.824276,7394,0.573024,1,0,0,0,1,0,3,3,3
11.544001,4.3950644,3494,1.58496,0,1,1,1,0,2,2,0,4
16.053534,11.935187,2769,1.6154400000000002,0,2,2,2,2,6,6,6,6
9.58515,7.532648,4386,0.0,0,1,1,1,0,2,2,0,4
14.430229,9.752956,6301,2.520696,0,2,2,2,2,6,6,6,6
6.7325478,11.892912,9767,1.121664,1,0,0,0,1,0,1,1,0
0.34992713,12.929859,6588,0.527304,1,0,0,0,5,5,5,5,5
10.305789,10.696693,6267,0.515112,1,0,0,0,1,0,1,1,0
17.665743,9.285437,2816,0.953008,0,2,2,2,2,6,6,6,6
12.1388855,2.1740868,3715,0.0,0,1,1,1,0,2,2,0,1
16.328547,10.674021,2705,0.762,0,2,2,2,2,6,6,6,6
5.1347466,17.1296,7440,0.819912,1,0,0,0,1,0,3,3,3
5.4212437,13.17398,7481,0.551688,1,0,0,0,1,0,1,1,0
9.874738,6.0270157,4358,2.654808,0,1,1,1,0,2,2,0,4
16.377533,8.491465,2849,1.761744,0,2,2,2,2,6,6,6,6
0.26377335,12.970334,6646,0.420624,1,0,0,0,5,5,5,5,5
16.151373,10.404831,2753,0.0,0,2,2,2,2,6,6,6,6
6.8798313,17.588715,7654,0.082296,1,0,0,0,1,0,3,3,3
12.390494,24.252396,7556,0.313944,1,0,0,4,4,4,4,4,9
7.477093,2.8611643,14708,0.13716,0,1,1,1,0,2,2,0,1
16.899172,10.276643,2528,1.225296,0,2,2,2,2,6,6,6,6
2.742313,12.016426,5479,0.70104,1,0,0,0,5,5,5,5,5
11.841861,6.1152825,3571,1.292352,0,1,1,1,0,2,2,0,4
9.071857,16.311165,7292,0.448056,1,0,0,0,1,0,3,3,3
8.783397,1.7181212,3956,0.0,0,1,1,1,0,2,2,0,1
11.590313,4.0733237,3271,0.0,0,1,1,1,0,2,2,0,4
17.109299,10.273923,2496,0.954024,0,2,2,2,2,6,6,6,6
9.61654,7.5315866,4385,0.0,0,1,1,1,0,2,2,0,4
3.0617108,13.509026,6665,0.819912,1,0,0,0,5,5,5,5,5
9.120099,16.365782,7300,0.612648,1,0,0,0,1,0,3,3,3
-7.394777,6.4807415,5470,0.41148,1,0,3,3,3,3,7,7,7
9.597769,7.521007,4383,0.0,0,1,1,1,0,2,2,0,4
11.7417965,3.9824677,3266,2.7432,0,1,1,1,0,2,2,0,4
16.379292,10.4980345,2716,2.078736,0,2,2,2,2,6,6,6,6
7.8391347,18.616117,7462,0.179832,1,0,0,0,1,0,3,3,3
4.9021435,14.343393,7313,0.478536,1,0,0,0,1,0,1,1,0
2.4975796,13.887636,6284,1.99644,1,0,0,0,5,5,5,5,5
8.033303,2.6319954,14693,2.10312,0,1,1,1,0,2,2,0,1
12.182331,3.3250146,3721,0.6096,0,1,1,1,0,2,2,0,4
16.156796,10.533528,2868,0.1524,0,2,2,2,2,6,6,6,6
8.912502,16.09456,7465,0.758952,1,0,0,0,1,0,3,3,3
10.087285,10.895676,6166,0.454152,1,0,0,0,1,0,1,1,0
9.588644,11.12117,6270,0.48768,1,0,0,0,1,0,1,1,0
11.574751,-2.1591625,14928,1.472184,0,1,1,1,0,1,0,2,2
4.583517,15.748596,7476,1.6764,1,0,0,0,1,0,1,1,0
12.660484,23.747387,7549,0.996696,1,0,0,4,4,4,4,4,9
-7.5939856,6.3950825,5447,1.34112,1,0,3,3,3,3,7,7,7
16.232056,9.236088,2780,2.25552,0,2,2,2,2,6,6,6,6
12.100682,2.8947482,3740,0.57912,0,1,1,1,0,2,2,0,4
16.022205,11.903762,2767,1.6764,0,2,2,2,2,6,6,6,6
15.487473,9.820796,2761,1.46304,0,2,2,2,2,6,6,6,6
6.999336,17.795448,7630,0.51816,1,0,0,0,1,0,3,3,3
2.48046,13.913321,6244,1.365504,1,0,0,0,5,5,5,5,5
6.034083,-5.702819,778,1.5392400000000002,0,1,1,1,0,1,0,8,8
4.908748,14.326286,7316,0.758952,1,0,0,0,1,0,1,1,0
15.389325,23.082233,7420,1.283208,1,0,0,4,4,4,4,4,9
0.4373875,11.417872,6256,0.466344,1,0,0,0,5,5,5,5,5
7.574513,18.911757,7472,0.697992,1,0,0,0,1,0,3,3,3
5.895288,13.475147,7594,1.286256,1,0,0,0,1,0,1,1,0
4.582575,15.770604,7711,1.255776,1,0,0,0,1,0,1,1,0
13.890764,10.616312,6239,0.618744,0,2,2,2,2,6,6,6,6
6.182228,13.8444605,7603,0.201168,1,0,0,0,1,0,1,1,0
0.8602043,12.049991,6499,0.0,1,0,0,0,5,5,5,5,5
7.812789,18.666492,7471,0.298704,1,0,0,0,1,0,3,3,3
4.9598784,14.28831,7667,1.033272,1,0,0,0,1,0,1,1,0
6.205179,2.6266606,3484,0.0,0,1,1,1,0,2,2,0,1
9.596147,7.519446,4390,0.0,0,1,1,1,0,2,2,0,4
0.1073306,12.905795,6543,0.6096,1,0,0,0,5,5,5,5,5
9.169409,16.929657,7279,0.0,1,0,0,0,1,0,3,3,3
8.78384,16.671627,7331,1.17348,1,0,0,0,1,0,3,3,3
7.325351,18.208363,7626,1.243584,1,0,0,0,1,0,3,3,3
14.366981,9.94294,6359,1.143,0,2,2,2,2,6,6,6,6
-8.101641,10.579549,8079,2.718816,1,0,3,3,3,3,7,7,7
6.963656,17.447653,7443,1.110996,1,0,0,0,1,0,3,3,3
5.648814,12.67068,7243,0.463296,1,0,0,0,1,0,1,1,0
6.2096925,2.9929743,3640,0.0,0,1,1,1,0,2,2,0,1
5.8437405,14.4065695,7676,0.10668,1,0,0,0,1,0,1,1,0
9.975562,6.566253,3197,0.0,0,1,1,1,0,2,2,0,4
18.905172,-3.621504,7829,1.8288,0,1,1,1,0,1,0,2,2
6.1726866,2.772883,3575,1.450848,0,1,1,1,0,2,2,0,1
11.607239,-2.1923857,15105,0.97536,0,1,1,1,0,1,0,2,2
0.824814,12.633298,6524,0.0,1,0,0,0,5,5,5,5,5
-7.436596,6.544269,5358,0.51816,1,0,3,3,3,3,7,7,7
11.9151945,6.218798,3592,0.423672,0,1,1,1,0,2,2,0,4
11.341576,4.0811486,4872,0.46228,0,1,1,1,0,2,2,0,4
9.898365,10.951753,6432,0.12192,1,0,0,0,1,0,1,1,0
0.8474856,12.428254,6530,0.195072,1,0,0,0,5,5,5,5,5
-7.403098,6.5367284,5417,0.969264,1,0,3,3,3,3,7,7,7
11.250009,5.4638324,4548,0.390144,0,1,1,1,0,2,2,0,4
10.018678,6.5512204,3193,1.045464,0,1,1,1,0,2,2,0,4
8.39571,17.592228,9594,0.771144,1,0,0,0,1,0,3,3,3
4.876773,16.696678,7613,0.18288,1,0,0,0,1,0,3,3,3
11.762372,4.586067,3476,0.085344,0,1,1,1,0,2,2,0,4
6.3795443,12.297958,7310,0.329184,1,0,0,0,1,0,1,1,0
5.9990005,14.530378,7675,1.155192,1,0,0,0,1,0,1,1,0
6.1115713,-4.6177416,792,1.545336,0,1,1,1,0,1,0,8,8
8.794411,1.6449838,3963,0.3048,0,1,1,1,0,2,2,0,1
11.81781,6.0943165,3485,0.0,0,1,1,1,0,2,2,0,4
12.357531,24.250814,7547,0.097536,1,0,0,4,4,4,4,4,9
10.34109,17.433697,7426,0.161544,1,0,0,0,1,0,3,3,3
12.407947,23.658587,7478,0.0,1,0,0,4,4,4,4,4,9
8.937289,17.212597,7349,0.41148,1,0,0,0,1,0,3,3,3
17.155787,10.301208,2508,0.957072,0,2,2,2,2,6,6,6,6
9.96708,6.569871,3196,0.094488,0,1,1,1,0,2,2,0,4
16.75974,10.967251,2822,2.65176,0,2,2,2,2,6,6,6,6
5.5762973,12.823044,7249,0.417576,1,0,0,0,1,0,1,1,0
6.2084713,13.87741,7601,0.633984,1,0,0,0,1,0,1,1,0
5.8513336,-4.5860853,789,1.42748,0,1,1,1,0,1,0,8,8
10.737642,1.285705,3764,0.0,0,1,1,1,0,2,2,0,1
4.571623,15.72932,7347,1.210056,1,0,0,0,1,0,1,1,0
0.19147167,12.887515,6551,0.420624,1,0,0,0,5,5,5,5,5
10.0787115,6.483042,3205,0.32004,0,1,1,1,0,2,2,0,4
-0.8505357,14.589413,8069,1.2192,1,0,0,0,5,5,5,5,5
16.893696,11.053356,2730,2.404872,0,2,2,2,2,6,6,6,6
5.8564487,14.613402,7669,1.033272,1,0,0,0,1,0,1,1,0
11.742674,2.3063874,3262,0.12192,0,1,1,1,0,2,2,0,1
11.561537,1.5883869,4106,0.0,0,1,1,1,0,2,2,0,1
8.651739,16.885834,4538,1.359408,1,0,0,0,1,0,3,3,3
0.6826263,12.121727,6532,0.1219199999999999,1,0,0,0,5,5,5,5,5
10.312224,17.401745,7427,0.1524,1,0,0,0,1,0,3,3,3
11.651174,-2.212183,15110,0.816864,0,1,1,1,0,1,0,2,2
11.624412,-2.1548822,15101,0.399288,0,1,1,1,0,1,0,2,2
11.904472,4.114144,4282,0.0,0,1,1,1,0,2,2,0,4
10.370672,17.439907,7437,0.984504,1,0,0,0,1,0,3,3,3
12.199195,3.7469716,4866,0.713232,0,1,1,1,0,2,2,0,4
-0.8314493,14.622712,8068,0.3048,1,0,0,0,5,5,5,5,5
6.3372374,11.960653,7239,0.277368,1,0,0,0,1,0,1,1,0
5.058974,14.018938,7296,1.414272,1,0,0,0,1,0,1,1,0
0.08629391,12.930511,6541,0.2286,1,0,0,0,5,5,5,5,5
16.539818,8.337875,2847,1.66116,0,2,2,2,2,6,6,6,6
5.1520243,16.850061,7369,1.484376,1,0,0,0,1,0,3,3,3
0.10997449,12.986542,6538,0.6096,1,0,0,0,5,5,5,5,5
6.6346884,12.076434,7321,0.18288,1,0,0,0,1,0,1,1,0
0.43695804,11.454971,6260,0.722376,1,0,0,0,5,5,5,5,5
15.633495,10.239011,2762,1.31064,0,2,2,2,2,6,6,6,6
16.665184,11.001055,2728,0.810768,0,2,2,2,2,6,6,6,6
5.7064314,13.150119,7223,1.377696,1,0,0,0,1,0,1,1,0
11.745368,4.0356445,3265,2.1336,0,1,1,1,0,2,2,0,4
9.920445,6.0035186,4359,1.55448,0,1,1,1,0,2,2,0,4
14.27429,10.015803,6332,0.6096,0,2,2,2,2,6,6,6,6
11.4623785,5.2388854,3212,0.633984,0,1,1,1,0,2,2,0,4
14.402769,9.81944,6651,0.637032,0,2,2,2,2,6,6,6,6
4.587951,15.761106,7486,1.792224,1,0,0,0,1,0,1,1,0
8.799746,16.690876,7335,0.124968,1,0,0,0,1,0,3,3,3
16.638395,10.13633,2824,2.52984,0,2,2,2,2,6,6,6,6
12.099411,2.2125714,3732,0.44704,0,1,1,1,0,2,2,0,1
10.384206,0.8524232,3971,0.6096,0,1,1,1,0,2,2,0,1
0.42453536,11.436636,6251,1.597152,1,0,0,0,5,5,5,5,5
10.030922,0.95439714,3722,0.0,0,1,1,1,0,2,2,0,1
12.192204,3.6874504,3783,0.0,0,1,1,1,0,2,2,0,4
6.1083345,-4.632449,797,1.545336,0,1,1,1,0,1,0,8,8
8.395741,17.609488,7217,0.451104,1,0,0,0,1,0,3,3,3
11.2703285,4.0389795,4871,0.62484,0,1,1,1,0,2,2,0,4
4.884537,14.597159,7327,1.776984,1,0,0,0,1,0,1,1,0
9.926106,6.1289253,4363,0.0,0,1,1,1,0,2,2,0,4
3.7725623,12.178961,5384,1.016,1,0,0,0,5,5,5,5,5
16.125597,10.530763,2776,1.88976,0,2,2,2,2,6,6,6,6
7.5501804,18.930098,7475,0.597408,1,0,0,0,1,0,3,3,3
0.8195001,12.691607,6563,0.0,1,0,0,0,5,5,5,5,5
10.316937,0.8709514,3953,0.0,0,1,1,1,0,2,2,0,1
11.575612,4.21081,4873,0.39116,0,1,1,1,0,2,2,0,4
6.510549,12.180219,7233,0.704088,1,0,0,0,1,0,1,1,0
7.870347,18.7074,7470,0.256032,1,0,0,0,1,0,3,3,3
11.750516,5.9768047,3488,0.0,0,1,1,1,0,2,2,0,4
11.533132,4.2719283,4874,0.46228,0,1,1,1,0,2,2,0,4
17.667141,9.28872,2820,1.524,0,2,2,2,2,6,6,6,6
5.4915085,17.36544,7638,0.524256,1,0,0,0,1,0,3,3,3
0.7270802,11.936458,6229,0.42672,1,0,0,0,5,5,5,5,5
15.390161,23.080584,7561,0.847344,1,0,0,4,4,4,4,4,9
6.5536013,-4.354683,777,1.690624,0,1,1,1,0,1,0,8,8
16.013988,11.869717,2774,1.12776,0,2,2,2,2,6,6,6,6
10.786085,1.6831568,3945,0.73152,0,1,1,1,0,2,2,0,1
16.818724,9.44152,2555,0.9144,0,2,2,2,2,6,6,6,6
11.902024,6.19878,3587,0.908304,0,1,1,1,0,2,2,0,4
2.576801,13.931724,6088,0.134112,1,0,0,0,5,5,5,5,5
6.116606,17.556316,7636,0.216408,1,0,0,0,1,0,3,3,3
5.873401,14.622567,7673,1.560576,1,0,0,0,1,0,1,1,0
3.238611,11.659266,5500,0.51816,1,0,0,0,5,5,5,5,5
0.7446179,12.724278,6658,0.093472,1,0,0,0,5,5,5,5,5
10.138811,17.128489,7236,1.3716,1,0,0,0,1,0,3,3,3
11.25418,5.4609985,4549,0.112776,0,1,1,1,0,2,2,0,4
6.6186996,11.73406,3618,0.0,1,0,0,0,1,0,1,1,0
11.956679,4.147298,4268,0.0,0,1,1,1,0,2,2,0,4
11.258864,2.676735,4215,0.0,0,1,1,1,0,2,2,0,1
2.8558683,11.898478,5492,0.0,1,0,0,0,5,5,5,5,5
10.299442,17.429214,7422,0.24384,1,0,0,0,1,0,3,3,3
9.097949,17.38672,7328,0.963168,1,0,0,0,1,0,3,3,3
5.9810133,13.693565,7611,0.33528,1,0,0,0,1,0,1,1,0
7.649317,18.402578,7466,1.106424,1,0,0,0,1,0,3,3,3
17.204987,8.18164,2741,2.618232,0,2,2,2,2,6,6,6,6
16.074211,9.680629,2814,2.24536,0,2,2,2,2,6,6,6,6
10.676644,1.1606004,3752,1.060704,0,1,1,1,0,2,2,0,1
5.924237,13.524685,7597,0.86868,1,0,0,0,1,0,1,1,0
6.2784452,3.024284,3595,1.776984,0,1,1,1,0,2,2,0,1
-7.4788404,6.4494686,5435,1.23444,1,0,3,3,3,3,7,7,7
2.788119,11.867839,5453,0.06096,1,0,0,0,5,5,5,5,5
3.2675085,11.718268,5271,0.847344,1,0,0,0,5,5,5,5,5
9.6078005,7.4967446,4391,0.0,0,1,1,1,0,2,2,0,4
5.522157,12.816212,7301,0.298704,1,0,0,0,1,0,1,1,0
-7.638079,6.925605,5421,1.298448,1,0,3,3,3,3,7,7,7
12.202082,3.744758,4867,0.433832,0,1,1,1,0,2,2,0,4
15.496327,22.97475,7403,0.448056,1,0,0,4,4,4,4,4,9
10.197308,0.920537,4032,0.633984,0,1,1,1,0,2,2,0,1
17.311386,8.108258,2844,2.538984,0,2,2,2,2,6,6,6,6
9.532194,11.033195,6411,1.271016,1,0,0,0,1,0,1,1,0
10.161129,5.766488,3201,0.432816,0,1,1,1,0,2,2,0,4
14.317934,9.984264,6098,0.47244,0,2,2,2,2,6,6,6,6
2.753506,13.143195,8113,0.270256,1,0,0,0,5,5,5,5,5
10.425324,0.93254113,3728,0.0,0,1,1,1,0,2,2,0,1
10.120228,10.874495,6245,0.292608,1,0,0,0,1,0,1,1,0
1.9111364,12.966818,6377,0.0,1,0,0,0,5,5,5,5,5
5.5048547,17.3846,7732,0.0,1,0,0,0,1,0,3,3,3
11.603597,-2.1590438,15134,1.207008,0,1,1,1,0,1,0,2,2
4.8928266,16.64157,7637,0.185928,1,0,0,0,1,0,3,3,3
11.193703,4.0229316,4276,0.27432,0,1,1,1,0,2,2,0,4
12.751608,-2.7360187,14064,0.131064,0,1,1,1,0,1,0,2,2
2.5658073,13.900716,6669,0.0,1,0,0,0,5,5,5,5,5
0.7770374,12.689388,6224,0.0,1,0,0,0,5,5,5,5,5
8.428238,17.63959,7231,0.22352,1,0,0,0,1,0,3,3,3
2.3769808,13.00244,8085,0.109728,1,0,0,0,5,5,5,5,5
5.58074,12.709833,7246,0.323088,1,0,0,0,1,0,1,1,0
4.9125953,16.57996,7614,0.64008,1,0,0,0,1,0,3,3,3
7.4878664,2.889626,14720,0.2377439999999999,0,1,1,1,0,2,2,0,1
17.315353,8.105442,2842,2.410968,0,2,2,2,2,6,6,6,6
5.859028,-4.5896773,787,1.42748,0,1,1,1,0,1,0,8,8
14.271021,9.942446,6357,1.469136,0,2,2,2,2,6,6,6,6
12.452827,23.671907,7457,0.445008,1,0,0,4,4,4,4,4,9
9.613129,7.507822,4384,0.0,0,1,1,1,0,2,2,0,4
9.782257,10.90352,6448,0.377952,1,0,0,0,1,0,1,1,0
7.5960245,18.883802,7474,0.938784,1,0,0,0,1,0,3,3,3
0.8186562,12.524453,6513,0.0,1,0,0,0,5,5,5,5,5
15.406493,23.06201,7418,0.97536,1,0,0,4,4,4,4,4,9
6.045615,12.160652,7240,0.323088,1,0,0,0,1,0,1,1,0
5.4676538,12.307124,8053,0.1524,1,0,0,0,1,0,1,1,0
12.490779,24.332941,7404,0.591312,1,0,0,4,4,4,4,4,9
12.205951,3.5688431,3723,0.8382,0,1,1,1,0,2,2,0,4
6.081379,13.701484,7658,0.880872,1,0,0,0,1,0,1,1,0
4.916382,14.3200655,7317,0.496824,1,0,0,0,1,0,1,1,0
13.67883,9.859886,6240,0.085344,0,2,2,2,2,6,6,6,6
6.147581,2.8476171,3328,0.204216,0,1,1,1,0,2,2,0,1
2.7669206,13.761058,6345,0.1524,1,0,0,0,5,5,5,5,5
11.606475,4.154251,3270,3.9624,0,1,1,1,0,2,2,0,4
3.290083,11.667916,5490,0.67056,1,0,0,0,5,5,5,5,5
6.065159,13.691343,7632,0.158496,1,0,0,0,1,0,1,1,0
15.382415,23.088684,7412,1.030224,1,0,0,4,4,4,4,4,9
-7.7968497,6.5245447,5362,0.435864,1,0,3,3,3,3,7,7,7
2.476465,13.883609,6159,0.0,1,0,0,0,5,5,5,5,5
4.909649,14.325713,7666,1.34112,1,0,0,0,1,0,1,1,0
0.33247033,12.95502,6639,0.149352,1,0,0,0,5,5,5,5,5
8.118761,18.489069,7625,1.652016,1,0,0,0,1,0,3,3,3
7.4030232,1.7852501,3967,0.28956,0,1,1,1,0,2,2,0,1
0.70274365,12.219014,6512,0.0,1,0,0,0,5,5,5,5,5
9.996287,5.8816237,4371,0.935736,0,1,1,1,0,2,2,0,4
8.327381,2.3877041,14011,1.9812,0,1,1,1,0,2,2,0,1
11.208248,2.660992,4499,0.509016,0,1,1,1,0,2,2,0,1
6.3971534,12.058521,7226,0.621792,1,0,0,0,1,0,1,1,0
11.796994,6.0712476,3570,1.524,0,1,1,1,0,2,2,0,4
4.8792653,14.645036,7330,1.179576,1,0,0,0,1,0,1,1,0
10.168568,5.651178,4374,0.06096,0,1,1,1,0,2,2,0,4
13.34971,11.234442,2804,0.6096,0,2,2,2,2,6,6,6,6
10.171479,5.7121468,4364,0.0,0,1,1,1,0,2,2,0,4
6.5668783,-4.3478875,772,1.690624,0,1,1,1,0,1,0,8,8
17.592878,9.343381,2809,2.16408,0,2,2,2,2,6,6,6,6
7.3224154,1.8428131,4002,0.0,0,1,1,1,0,2,2,0,1
6.7427635,12.013291,7338,0.03048,1,0,0,0,1,0,1,1,0
-7.5718517,6.76867,5467,0.893064,1,0,3,3,3,3,7,7,7
16.167246,10.562005,2777,2.1336,0,2,2,2,2,6,6,6,6
-7.6944375,6.825876,5351,0.195072,1,0,3,3,3,3,7,7,7
-0.8506704,14.611748,8058,0.0,1,0,0,0,5,5,5,5,5
9.020422,16.958523,7280,0.3048,1,0,0,0,1,0,3,3,3
16.72101,10.980459,2695,2.801112,0,2,2,2,2,6,6,6,6
-7.5154896,6.820546,5465,0.576072,1,0,3,3,3,3,7,7,7
4.5531063,15.722182,7346,1.207008,1,0,0,0,1,0,1,1,0
6.559352,-4.3568306,776,1.690624,0,1,1,1,0,1,0,8,8
-7.676776,6.8595023,5419,0.381,1,0,3,3,3,3,7,7,7
15.406031,23.064835,7419,1.6002,1,0,0,4,4,4,4,4,9
7.03916,17.689901,7309,1.23444,1,0,0,0,1,0,3,3,3
6.2054124,2.7233524,3573,2.62128,0,1,1,1,0,2,2,0,1
1.8314433,12.796856,6386,0.0,1,0,0,0,5,5,5,5,5
10.131271,17.131649,7252,0.5334,1,0,0,0,1,0,3,3,3
12.155798,3.7665555,4862,0.7366,0,1,1,1,0,2,2,0,4
0.9023577,12.062446,6254,0.0,1,0,0,0,5,5,5,5,5
11.222137,2.6624427,4498,0.0,0,1,1,1,0,2,2,0,1
11.75655,2.3176866,3264,0.12192,0,1,1,1,0,2,2,0,1
11.942854,3.9179835,4870,0.65532,0,1,1,1,0,2,2,0,4
11.733897,5.9525886,3487,0.0,0,1,1,1,0,2,2,0,4
10.413695,17.470633,7431,0.249936,1,0,0,0,1,0,3,3,3
5.715085,13.161105,7361,1.664208,1,0,0,0,1,0,1,1,0
2.1058555,12.807157,6670,0.560832,1,0,0,0,5,5,5,5,5
5.49015,17.370739,7692,0.551688,1,0,0,0,1,0,3,3,3
2.7453494,12.003579,5493,0.09144,1,0,0,0,5,5,5,5,5
8.933676,16.111637,7463,0.490728,1,0,0,0,1,0,3,3,3
7.724777,18.580917,7262,1.5281656,1,0,0,0,1,0,3,3,3
17.184017,10.34366,2500,1.130808,0,2,2,2,2,6,6,6,6
12.113165,4.0884385,3489,0.0,0,1,1,1,0,2,2,0,4
5.853946,-4.5980535,782,1.42748,0,1,1,1,0,1,0,8,8
8.346137,17.868927,7221,0.999744,1,0,0,0,1,0,3,3,3
11.356261,4.150895,4876,0.39116,0,1,1,1,0,2,2,0,4
6.393249,12.22663,7271,2.212848,1,0,0,0,1,0,1,1,0
8.40426,17.571821,9602,1.594104,1,0,0,0,1,0,3,3,3
11.243377,5.098058,4493,1.106424,0,1,1,1,0,2,2,0,4
-7.801761,6.518477,5363,0.295656,1,0,3,3,3,3,7,7,7
2.7844026,12.039415,5310,0.56896,1,0,0,0,5,5,5,5,5
0.7868154,12.741387,6655,0.57912,1,0,0,0,5,5,5,5,5
5.854666,14.576438,7670,1.776984,1,0,0,0,1,0,1,1,0
18.93172,-3.5936172,7830,1.524,0,1,1,1,0,1,0,2,2
7.473645,2.7089164,6140,0.10668,0,1,1,1,0,2,2,0,1
12.189402,3.6915746,4264,0.88392,0,1,1,1,0,2,2,0,4
12.714195,-2.716589,14023,0.387096,0,1,1,1,0,1,0,2,2
15.83553,11.668576,2690,2.1336,0,2,2,2,2,6,6,6,6
7.3731875,1.7286257,3598,0.390144,0,1,1,1,0,2,2,0,1
10.267062,10.719969,7889,0.9144,1,0,0,0,1,0,1,1,0
13.695861,9.867911,6100,0.54864,0,2,2,2,2,6,6,6,6
0.69566786,11.822149,6476,0.0,1,0,0,0,5,5,5,5,5
5.4917784,12.997819,7299,0.496824,1,0,0,0,1,0,1,1,0
9.22268,1.4353591,3583,0.0,0,1,1,1,0,2,2,0,1
9.670596,7.4540596,4382,0.0,0,1,1,1,0,2,2,0,4
2.7267387,11.918953,5483,0.3048,1,0,0,0,5,5,5,5,5
10.420796,17.45394,7455,2.6039064,1,0,0,0,1,0,3,3,3
11.223027,4.035793,4279,0.0,0,1,1,1,0,2,2,0,4
12.77009,-2.7635438,14021,1.9812,0,1,1,1,0,1,0,2,2
2.401964,13.830989,6046,0.124968,1,0,0,0,5,5,5,5,5
14.154798,10.231312,6094,0.50292,0,2,2,2,2,6,6,6,6
16.665648,9.665702,2714,1.9812,0,2,2,2,2,6,6,6,6
16.699074,10.94984,2821,2.49936,0,2,2,2,2,6,6,6,6
14.364172,9.888762,6649,1.594104,0,2,2,2,2,6,6,6,6
12.009829,4.0827456,4269,0.417576,0,1,1,1,0,2,2,0,4
16.174786,10.365734,2756,1.0668,0,2,2,2,2,6,6,6,6
8.496532,1.6526185,3961,0.28956,0,1,1,1,0,2,2,0,1
2.1502557,12.761319,6073,1.161288,1,0,0,0,5,5,5,5,5
11.318679,4.0880237,4875,0.39116,0,1,1,1,0,2,2,0,4
9.574916,11.086477,6268,0.490728,1,0,0,0,1,0,1,1,0
8.055834,2.604884,14692,0.64008,0,1,1,1,0,2,2,0,1
12.099292,23.868347,7446,0.80772,1,0,0,4,4,4,4,4,9
10.156222,0.91820437,3962,0.292608,0,1,1,1,0,2,2,0,1
10.205004,6.4539742,3202,0.387096,0,1,1,1,0,2,2,0,4
10.26428,10.715723,7890,0.9144,1,0,0,0,1,0,1,1,0
0.717603,12.2309675,6232,0.19304,1,0,0,0,5,5,5,5,5
9.56118,11.058697,6271,0.865632,1,0,0,0,1,0,1,1,0
10.834303,1.103151,3958,0.0,0,1,1,1,0,2,2,0,1
16.13937,9.699226,2811,1.58496,0,2,2,2,2,6,6,6,6
10.272904,0.8692815,3968,0.0,0,1,1,1,0,2,2,0,1
10.054564,10.977824,6243,0.399288,1,0,0,0,1,0,1,1,0
10.38679,17.447475,7433,0.2286,1,0,0,0,1,0,3,3,3
14.407843,9.850751,6648,1.822704,0,2,2,2,2,6,6,6,6
6.398163,12.223099,7272,1.023112,1,0,0,0,1,0,1,1,0
12.639993,23.722462,7516,0.073152,1,0,0,4,4,4,4,4,9
9.981228,11.067365,6257,1.551432,1,0,0,0,1,0,1,1,0
16.151009,10.171478,2755,1.40208,0,2,2,2,2,6,6,6,6
6.6165233,12.101362,7319,0.515112,1,0,0,0,1,0,1,1,0
13.626565,9.826377,6103,0.3048,0,2,2,2,2,6,6,6,6
13.72165,9.888617,6101,0.832104,0,2,2,2,2,6,6,6,6
16.072554,10.52316,2544,0.09144,0,2,2,2,2,6,6,6,6
2.3148665,-3.2861333,2790,1.292352,0,1,1,1,0,1,0,8,8
9.335105,1.3573992,3699,0.237744,0,1,1,1,0,2,2,0,1
8.778664,1.7081846,3872,1.8288,0,1,1,1,0,2,2,0,1
16.39929,10.325794,2691,0.7111999999999999,0,2,2,2,2,6,6,6,6
5.8343344,-4.557824,788,1.42748,0,1,1,1,0,1,0,8,8
6.089668,17.542027,7634,0.210312,1,0,0,0,1,0,3,3,3
12.059082,2.356195,3733,0.713232,0,1,1,1,0,2,2,0,1
-8.101637,10.5795965,8075,2.779776,1,0,3,3,3,3,7,7,7
16.126295,10.539458,2865,2.34696,0,2,2,2,2,6,6,6,6
11.932007,6.2410803,3593,0.0,0,1,1,1,0,2,2,0,4
17.643633,9.306541,2817,0.0,0,2,2,2,2,6,6,6,6
12.148904,23.681232,7439,0.490728,1,0,0,4,4,4,4,4,9
9.412155,17.28578,7353,0.4572,1,0,0,0,1,0,3,3,3
4.9727497,14.970668,7699,1.28016,1,0,0,0,1,0,1,1,0
14.373858,9.907778,6361,1.41732,0,2,2,2,2,6,6,6,6
6.31951,3.0908108,3596,0.752856,0,1,1,1,0,2,2,0,1
0.7824943,12.699094,6657,0.280416,1,0,0,0,5,5,5,5,5
6.2049723,12.19839,7268,0.704088,1,0,0,0,1,0,1,1,0
7.8040524,18.834402,7415,0.316992,1,0,0,0,1,0,3,3,3
8.189285,18.257109,7266,0.390144,1,0,0,0,1,0,3,3,3
-0.8291996,14.618783,8060,2.1336,1,0,0,0,5,5,5,5,5
10.367074,0.87440324,3955,0.88392,0,1,1,1,0,2,2,0,1
10.212959,17.217054,7227,0.86868,1,0,0,0,1,0,3,3,3
-0.7996132,14.665424,8067,1.2192,1,0,0,0,5,5,5,5,5
11.345702,5.0410614,4555,0.649224,0,1,1,1,0,2,2,0,4
3.4667115,11.989063,5504,1.61544,1,0,0,0,5,5,5,5,5
8.868281,16.560354,7318,0.847344,1,0,0,0,1,0,3,3,3
13.679986,9.867767,6272,0.70104,0,2,2,2,2,6,6,6,6
-7.4120946,6.6367645,5448,0.115824,1,0,3,3,3,3,7,7,7
5.2285223,17.041187,7511,1.155192,1,0,0,0,1,0,3,3,3
-7.5695715,6.6672344,5468,1.389888,1,0,3,3,3,3,7,7,7
0.777103,12.680109,6654,0.0,1,0,0,0,5,5,5,5,5
1.8000449,12.781575,6389,0.0,1,0,0,0,5,5,5,5,5
6.226107,2.5915246,3478,0.445008,0,1,1,1,0,2,2,0,1
10.384884,0.8950219,3972,0.6096,0,1,1,1,0,2,2,0,1
10.010862,17.049425,7242,0.051816,1,0,0,0,1,0,3,3,3
11.5269985,-2.082454,14943,0.79248,0,1,1,1,0,1,0,2,2
0.9399872,12.0896635,6174,0.0,1,0,0,0,5,5,5,5,5
2.3898163,13.720246,6139,0.0,1,0,0,0,5,5,5,5,5
15.893995,11.712036,2688,1.95072,0,2,2,2,2,6,6,6,6
12.468227,24.311295,7559,0.374904,1,0,0,4,4,4,4,4,9
9.976565,5.883512,4361,1.959864,0,1,1,1,0,2,2,0,4
11.689054,4.0829906,3252,2.4384,0,1,1,1,0,2,2,0,4
6.7187138,12.072759,7306,0.88392,1,0,0,0,1,0,1,1,0
13.328401,11.256069,2806,0.6096,0,2,2,2,2,6,6,6,6
2.561946,13.953092,6674,0.0,1,0,0,0,5,5,5,5,5
6.1111803,13.692196,7375,0.13716,1,0,0,0,1,0,1,1,0
16.530106,10.951825,2764,0.70104,0,2,2,2,2,6,6,6,6
6.3314567,12.1128645,7229,0.115824,1,0,0,0,1,0,1,1,0
16.98664,10.259871,2499,0.902208,0,2,2,2,2,6,6,6,6
16.04646,11.903502,2772,1.18872,0,2,2,2,2,6,6,6,6
-7.367326,6.3460402,5339,0.585216,1,0,3,3,3,3,7,7,7
0.43150952,11.437542,6258,0.505968,1,0,0,0,5,5,5,5,5
5.915273,13.5312,7599,0.70104,1,0,0,0,1,0,1,1,0
15.581833,10.21297,2864,1.46304,0,2,2,2,2,6,6,6,6
6.5665245,-4.3342457,781,1.6906240000000003,0,1,1,1,0,1,0,8,8
12.11792,2.2080214,3727,0.0,0,1,1,1,0,2,2,0,1
18.934042,-3.5925426,7828,0.9144,0,1,1,1,0,1,0,2,2
2.3856144,13.830605,6114,0.0,1,0,0,0,5,5,5,5,5
5.9637203,-5.7719307,775,1.5392400000000002,0,1,1,1,0,1,0,8,8
4.8766136,14.60878,7329,1.92024,1,0,0,0,1,0,1,1,0
0.24821661,12.832423,6547,0.36576,1,0,0,0,5,5,5,5,5
9.72008,10.99157,6117,1.152144,1,0,0,0,1,0,1,1,0
8.759746,1.7527907,3941,1.08204,0,1,1,1,0,2,2,0,1
5.8831773,14.105469,7533,1.770888,1,0,0,0,1,0,1,1,0
15.385463,23.0842,7416,0.978408,1,0,0,4,4,4,4,4,9
5.6391172,13.89191,7290,0.6693408,1,0,0,0,1,0,1,1,0
-7.5540733,6.809432,5466,0.530352,1,0,3,3,3,3,7,7,7
4.884452,16.66947,7641,0.627888,1,0,0,0,1,0,3,3,3
10.183498,10.799446,6382,1.05156,1,0,0,0,1,0,1,1,0
12.300013,24.013298,7546,0.451104,1,0,0,4,4,4,4,4,9
7.123941,17.603617,7406,0.801624,1,0,0,0,1,0,3,3,3
10.9592495,2.0771325,3946,1.78308,0,1,1,1,0,2,2,0,1
2.3518894,13.718069,6160,0.246888,1,0,0,0,5,5,5,5,5
9.518185,11.0144205,6409,0.301752,1,0,0,0,1,0,1,1,0
5.8773084,17.453316,7691,0.393192,1,0,0,0,1,0,3,3,3
2.3180718,-3.2831576,2852,1.078992,0,1,1,1,0,1,0,8,8
7.5061264,2.8712025,14721,0.2377439999999999,0,1,1,1,0,2,2,0,1
6.115011,-4.6163135,795,1.545336,0,1,1,1,0,1,0,8,8
10.430128,0.9159116,3730,0.0,0,1,1,1,0,2,2,0,1
6.2640276,11.907094,7278,0.48768,1,0,0,0,1,0,1,1,0
11.955053,2.3155866,3720,0.0,0,1,1,1,0,2,2,0,1
11.123881,2.4655833,4552,1.32588,0,1,1,1,0,2,2,0,1
14.118558,10.158869,6334,0.64008,0,2,2,2,2,6,6,6,6
16.157469,10.184366,2732,1.87452,0,2,2,2,2,6,6,6,6
11.6808605,4.124377,3257,0.0,0,1,1,1,0,2,2,0,4
11.055533,1.2451639,4078,0.0,0,1,1,1,0,2,2,0,1
3.7656786,12.168563,5498,0.762,1,0,0,0,5,5,5,5,5
15.45259,23.0193,7423,0.673608,1,0,0,4,4,4,4,4,9
5.23131,13.92775,7728,1.185672,1,0,0,0,1,0,1,1,0
2.2980647,13.633325,6161,0.5334,1,0,0,0,5,5,5,5,5
4.8986597,16.611404,7618,1.3716,1,0,0,0,1,0,3,3,3
5.0667133,14.811744,7372,1.014984,1,0,0,0,1,0,1,1,0
13.554778,9.767605,3774,0.4572,0,2,2,2,2,6,6,6,6
7.002349,17.782492,7631,0.28956,1,0,0,0,1,0,3,3,3
10.8225565,1.8225874,3582,0.0,0,1,1,1,0,2,2,0,1
10.698197,1.5510851,3949,1.161288,0,1,1,1,0,2,2,0,1
17.23595,8.132698,2840,1.92024,0,2,2,2,2,6,6,6,6
8.889325,1.5755621,3766,0.21336,0,1,1,1,0,2,2,0,1
6.5478263,-4.3494782,786,1.6906240000000003,0,1,1,1,0,1,0,8,8
2.4800467,13.890607,6233,0.786384,1,0,0,0,5,5,5,5,5
7.542523,18.437782,7532,0.41148,1,0,0,0,1,0,3,3,3
11.25741,5.429537,4551,1.353312,0,1,1,1,0,2,2,0,4
12.149898,3.3635461,4368,0.768096,0,1,1,1,0,2,2,0,4
14.417687,9.758929,6316,1.179576,0,2,2,2,2,6,6,6,6
13.321702,11.247136,7854,1.096264,0,2,2,2,2,6,6,6,6
6.1489654,2.7880723,3574,1.716024,0,1,1,1,0,2,2,0,1
10.065667,6.4903708,3208,0.3048,0,1,1,1,0,2,2,0,4
-7.747826,6.8692975,5352,0.356616,1,0,3,3,3,3,7,7,7
6.7959623,11.54444,4525,1.313688,1,0,0,0,1,0,1,1,0
-0.1311136,12.735564,6533,0.402336,1,0,0,0,5,5,5,5,5
2.3165672,-3.284616,2792,1.682496,0,1,1,1,0,1,0,8,8
6.0194564,17.522375,7650,0.499872,1,0,0,0,1,0,3,3,3
8.184055,18.496202,8055,0.0,1,0,0,0,1,0,3,3,3
-7.697521,6.4722815,5355,0.923544,1,0,3,3,3,3,7,7,7
12.66763,23.718273,7514,0.463296,1,0,0,4,4,4,4,4,9
2.0900018,13.700863,6546,1.560576,1,0,0,0,5,5,5,5,5
16.76805,9.458541,2546,0.3048,0,2,2,2,2,6,6,6,6
3.3376715,11.726862,5488,0.57912,1,0,0,0,5,5,5,5,5
3.746312,12.167614,5502,1.3716,1,0,0,0,5,5,5,5,5
0.5892633,12.202082,6520,0.0,1,0,0,0,5,5,5,5,5
8.749505,1.7585874,3942,0.6858,0,1,1,1,0,2,2,0,1
16.070652,9.6146965,2813,2.65176,0,2,2,2,2,6,6,6,6
8.403983,17.626062,7216,0.451104,1,0,0,0,1,0,3,3,3
12.020075,23.836107,7528,1.091184,1,0,0,4,4,4,4,4,9
2.130378,13.699389,6119,1.34112,1,0,0,0,5,5,5,5,5
15.975094,11.862706,2766,1.6764,0,2,2,2,2,6,6,6,6
2.2054634,12.702954,6666,1.01092,1,0,0,0,5,5,5,5,5
2.4857612,13.912532,6086,0.597408,1,0,0,0,5,5,5,5,5
16.05331,9.625687,2869,2.49936,0,2,2,2,2,6,6,6,6
11.359137,5.5600166,4381,0.0,0,1,1,1,0,2,2,0,4
11.6493025,-2.2126677,15137,0.618744,0,1,1,1,0,1,0,2,2
8.875478,16.567781,7336,0.551688,1,0,0,0,1,0,3,3,3
10.265822,10.726822,7886,0.762,1,0,0,0,1,0,1,1,0
16.398024,10.485547,2715,1.700784,0,2,2,2,2,6,6,6,6
-7.553306,6.8676906,5474,0.780288,1,0,3,3,3,3,7,7,7
-0.15611222,12.713115,6534,2.252472,1,0,0,0,5,5,5,5,5
0.9168583,12.056278,6491,0.0,1,0,0,0,5,5,5,5,5
9.960032,11.143471,6217,1.6002,1,0,0,0,1,0,1,1,0
10.166264,5.703256,4375,0.512064,0,1,1,1,0,2,2,0,4
-0.1169381,12.73883,6536,2.27076,1,0,0,0,5,5,5,5,5
11.529228,1.5514983,3751,1.3716,0,1,1,1,0,2,2,0,1
12.327236,23.609673,7442,0.21336,1,0,0,4,4,4,4,4,9
0.17705905,12.907604,6544,0.9144,1,0,0,0,5,5,5,5,5
6.210835,2.9509513,3563,0.0,0,1,1,1,0,2,2,0,1
-0.814155,14.736938,8066,0.0,1,0,0,0,5,5,5,5,5
6.2511635,3.0431979,3214,0.164592,0,1,1,1,0,2,2,0,1
2.6775367,12.074046,5460,0.21336,1,0,0,0,5,5,5,5,5
12.162525,3.474064,4860,0.4826,0,1,1,1,0,2,2,0,4
2.489563,13.895323,6289,1.807464,1,0,0,0,5,5,5,5,5
14.394368,9.765756,6663,1.536192,0,2,2,2,2,6,6,6,6
10.759402,1.0679928,4071,0.0,0,1,1,1,0,2,2,0,1
8.930014,16.89686,7333,0.0,1,0,0,0,1,0,3,3,3
5.2237563,17.030823,7458,1.152144,1,0,0,0,1,0,3,3,3
5.4363666,17.327642,7640,0.478536,1,0,0,0,1,0,3,3,3
0.7902977,12.781025,6226,0.0,1,0,0,0,5,5,5,5,5
2.7147033,12.026762,5478,0.33528,1,0,0,0,5,5,5,5,5
10.674314,5.1961284,4370,1.947672,0,1,1,1,0,2,2,0,4
4.8687305,14.661662,7662,1.709928,1,0,0,0,1,0,1,1,0
11.223113,5.0958157,4494,0.67056,0,1,1,1,0,2,2,0,4
7.4169436,2.5397677,6134,0.9144,0,1,1,1,0,2,2,0,1
16.101257,10.485496,2867,1.46304,0,2,2,2,2,6,6,6,6
9.071669,17.119408,7285,1.09728,1,0,0,0,1,0,3,3,3
12.414634,24.295942,7557,0.344424,1,0,0,4,4,4,4,4,9
10.55465,1.3360091,3952,0.0,0,1,1,1,0,2,2,0,1
11.584281,4.1600513,4271,0.51816,0,1,1,1,0,2,2,0,4
9.121973,16.35267,7303,0.65532,1,0,0,0,1,0,3,3,3
12.267871,24.024742,7545,0.460248,1,0,0,4,4,4,4,4,9
12.362705,24.198143,7553,0.332232,1,0,0,4,4,4,4,4,9
-0.15607509,12.709918,6553,1.2192,1,0,0,0,5,5,5,5,5
0.43379858,11.453523,6255,0.89916,1,0,0,0,5,5,5,5,5
9.909806,6.086075,4362,0.0,0,1,1,1,0,2,2,0,4
10.273293,0.95590967,3695,0.0,0,1,1,1,0,2,2,0,1
11.551351,-2.1575046,14926,1.61544,0,1,1,1,0,1,0,2,2
12.045109,4.1642056,3490,0.0,0,1,1,1,0,2,2,0,4
5.60876,12.4455385,7225,0.551688,1,0,0,0,1,0,1,1,0
6.2180114,13.889354,7605,0.201168,1,0,0,0,1,0,1,1,0
16.213913,9.352774,2810,2.57556,0,2,2,2,2,6,6,6,6
12.141951,23.656279,7378,0.737616,1,0,0,4,4,4,4,4,9
6.459394,12.171922,7324,0.74676,1,0,0,0,1,0,1,1,0
10.215242,5.679047,4365,0.0,0,1,1,1,0,2,2,0,4
5.183303,17.123281,7469,1.448816,1,0,0,0,1,0,3,3,3
6.6118846,11.737569,3617,0.0,1,0,0,0,1,0,1,1,0
9.131114,17.139185,7298,0.0,1,0,0,0,1,0,3,3,3
10.26009,1.0539354,3999,0.67056,0,1,1,1,0,2,2,0,1
5.713812,13.157124,7358,2.414016,1,0,0,0,1,0,1,1,0
16.136341,10.375134,2704,0.06096,0,2,2,2,2,6,6,6,6
5.7035866,13.125047,7248,0.32512,1,0,0,0,1,0,1,1,0
16.108097,10.488156,2707,0.4470399999999999,0,2,2,2,2,6,6,6,6
10.305217,11.001876,6252,1.091184,1,0,0,0,1,0,1,1,0
11.631547,-2.1910498,15096,0.62484,0,1,1,1,0,1,0,2,2
-0.75270444,14.509395,8070,0.704088,1,0,0,0,5,5,5,5,5
10.367055,0.95519876,3944,0.0,0,1,1,1,0,2,2,0,1
7.445411,2.8511596,14715,0.225552,0,1,1,1,0,2,2,0,1
16.40766,10.578401,2742,1.892808,0,2,2,2,2,6,6,6,6
14.4269285,9.753546,6303,1.6764,0,2,2,2,2,6,6,6,6
9.9533615,5.9317064,4360,2.04216,0,1,1,1,0,2,2,0,4
16.956585,10.817552,2734,1.834896,0,2,2,2,2,6,6,6,6
10.835892,1.1162161,3960,0.0,0,1,1,1,0,2,2,0,1
8.361148,2.3680277,14010,2.01168,0,1,1,1,0,2,2,0,1
11.787866,6.061354,3486,0.0,0,1,1,1,0,2,2,0,4
12.09103,2.1693792,3712,0.0,0,1,1,1,0,2,2,0,1
11.130255,2.462401,4553,1.61544,0,1,1,1,0,2,2,0,1
6.2063026,2.5444524,3479,0.908304,0,1,1,1,0,2,2,0,1
16.328726,10.486492,2748,1.411224,0,2,2,2,2,6,6,6,6
16.024914,11.907082,2768,1.8288,0,2,2,2,2,6,6,6,6
7.824921,18.672327,7467,0.993648,1,0,0,0,1,0,3,3,3
12.105717,2.9953554,3741,0.8554719999999999,0,1,1,1,0,2,2,0,4
7.352553,1.8143826,3976,0.19812,0,1,1,1,0,2,2,0,1
7.3176827,2.8353841,14714,0.417576,0,1,1,1,0,2,2,0,1
9.974927,6.566975,3194,0.576072,0,1,1,1,0,2,2,0,4
16.351364,10.656795,2712,1.7109440000000002,0,2,2,2,2,6,6,6,6
2.3219576,-3.2788038,2853,1.50876,0,1,1,1,0,1,0,8,8
2.2884204,13.06167,8086,0.27432,1,0,0,0,5,5,5,5,5
11.659351,-2.1948643,14925,0.893064,0,1,1,1,0,1,0,2,2
11.304537,4.129116,3604,0.463296,0,1,1,1,0,2,2,0,4
8.106282,18.50146,7365,1.956816,1,0,0,0,1,0,3,3,3
11.179969,5.4739895,4959,0.85344,0,1,1,1,0,2,2,0,4
8.742547,1.7709043,4987,0.24384,0,1,1,1,0,2,2,0,1
6.624254,17.612926,7635,0.368808,1,0,0,0,1,0,3,3,3
5.9039145,14.620892,7260,1.420368,1,0,0,0,1,0,1,1,0
9.05421,16.93803,7281,0.16002,1,0,0,0,1,0,3,3,3
5.0904484,14.827365,7371,1.011936,1,0,0,0,1,0,1,1,0
9.104308,17.066994,7291,0.0,1,0,0,0,1,0,3,3,3
10.288282,0.9199258,4042,0.41148,0,1,1,1,0,2,2,0,1
3.5699477,12.041463,5386,0.99568,1,0,0,0,5,5,5,5,5
-7.6007133,6.583247,5369,1.456944,1,0,3,3,3,3,7,7,7
4.870109,16.62891,7663,0.542544,1,0,0,0,1,0,3,3,3
5.881831,14.634268,7672,0.612648,1,0,0,0,1,0,1,1,0
16.365376,10.6854725,2710,1.77292,0,2,2,2,2,6,6,6,6
9.10887,17.069492,7294,0.0,1,0,0,0,1,0,3,3,3
11.54481,4.39308,3493,0.18288,0,1,1,1,0,2,2,0,4
2.3170962,-3.2843406,2793,1.222248,0,1,1,1,0,1,0,8,8
10.911345,5.090254,4497,0.0,0,1,1,1,0,2,2,0,4
11.890756,6.186609,3585,0.341376,0,1,1,1,0,2,2,0,4
16.339653,10.664733,2711,1.53924,0,2,2,2,2,6,6,6,6
4.5967183,15.789924,7367,1.969008,1,0,0,0,1,0,1,1,0
1.915007,13.008142,6375,0.058928,1,0,0,0,5,5,5,5,5
6.0730157,13.834719,7610,0.50292,1,0,0,0,1,0,1,1,0
2.1919622,12.731471,6673,0.490728,1,0,0,0,5,5,5,5,5
-7.4474545,6.5683093,5469,0.56388,1,0,3,3,3,3,7,7,7
10.101145,17.095495,7251,0.2286,1,0,0,0,1,0,3,3,3
5.8513303,14.405047,7674,0.338328,1,0,0,0,1,0,1,1,0
2.1344085,13.737425,6165,0.0,1,0,0,0,5,5,5,5,5
16.19055,9.167502,2781,2.31648,0,2,2,2,2,6,6,6,6
6.0018663,14.52551,7671,1.391412,1,0,0,0,1,0,1,1,0
5.1407948,17.058765,7615,1.41732,1,0,0,0,1,0,3,3,3
16.191204,9.462416,2745,1.139952,0,2,2,2,2,6,6,6,6
16.382677,8.48358,2782,1.560576,0,2,2,2,2,6,6,6,6
11.2603245,5.1922812,4354,0.801624,0,1,1,1,0,2,2,0,4
11.723434,4.062563,3258,0.0,0,1,1,1,0,2,2,0,4
18.917059,-3.5667815,7826,1.1176,0,1,1,1,0,1,0,2,2
7.859794,18.630245,7461,0.210312,1,0,0,0,1,0,3,3,3
5.7127957,13.150388,7359,2.069592,1,0,0,0,1,0,1,1,0
12.331938,23.881311,7522,1.475232,1,0,0,4,4,4,4,4,9
2.5179486,13.103387,8084,0.33528,1,0,0,0,5,5,5,5,5
11.301988,2.479773,3275,2.4384,0,1,1,1,0,2,2,0,1
13.441716,11.137938,14856,0.28956,0,2,2,2,2,6,6,6,6
8.0883255,18.510363,7729,0.0,1,0,0,0,1,0,3,3,3
6.0751123,13.724325,7659,0.737616,1,0,0,0,1,0,1,1,0
6.2170267,2.982379,3562,0.0,0,1,1,1,0,2,2,0,1
9.082406,17.38254,7288,1.423416,1,0,0,0,1,0,3,3,3
5.6226106,13.075339,7304,1.837944,1,0,0,0,1,0,1,1,0
8.995383,17.409267,7487,0.0,1,0,0,0,1,0,3,3,3
-7.7608457,6.5475087,5357,0.829056,1,0,3,3,3,3,7,7,7
5.5001435,17.387756,7733,0.915924,1,0,0,0,1,0,3,3,3
10.220281,10.837763,6225,0.262128,1,0,0,0,1,0,1,1,0
6.532707,12.110438,7235,0.618744,1,0,0,0,1,0,1,1,0
8.959552,16.059168,4837,0.0,1,0,0,0,1,0,3,3,3
-8.101639,10.579561,8078,5.21208,1,0,3,3,3,3,7,7,7
6.006509,13.789175,7612,0.505968,1,0,0,0,1,0,1,1,0
11.716627,4.7373114,3210,0.950976,0,1,1,1,0,2,2,0,4
7.5092854,18.909517,7428,1.2954,1,0,0,0,1,0,3,3,3
16.369453,8.493464,2845,1.591056,0,2,2,2,2,6,6,6,6
-0.81978494,14.666014,8062,0.0,1,0,0,0,5,5,5,5,5
16.234652,9.238728,2778,2.07264,0,2,2,2,2,6,6,6,6
10.042316,0.95265555,3725,0.16256,0,1,1,1,0,2,2,0,1
9.621693,16.896378,7390,0.338328,1,0,0,0,1,0,3,3,3
-0.84435475,14.70371,8061,0.0,1,0,0,0,5,5,5,5,5
5.2272105,17.15202,7639,0.009144,1,0,0,0,1,0,3,3,3
13.29115,11.266345,6263,1.26492,0,2,2,2,2,6,6,6,6
10.398589,0.76777655,3959,0.39624,0,1,1,1,0,2,2,0,1
6.1183186,-4.6352143,784,1.545336,0,1,1,1,0,1,0,8,8
2.6121151,13.977012,6158,0.28956,1,0,0,0,5,5,5,5,5
5.4773145,12.284513,5371,0.381,1,0,0,0,1,0,1,1,0
17.626833,9.303913,2807,0.94488,0,2,2,2,2,6,6,6,6
7.325765,18.226852,7623,0.100584,1,0,0,0,1,0,3,3,3
9.092906,17.095745,7297,0.155448,1,0,0,0,1,0,3,3,3
7.6915154,18.586262,7261,2.8593288,1,0,0,0,1,0,3,3,3
17.669811,9.290943,2819,0.953008,0,2,2,2,2,6,6,6,6
6.249399,13.9766245,7350,0.03048,1,0,0,0,1,0,1,1,0
8.7828045,16.7033,7386,0.664464,1,0,0,0,1,0,3,3,3
8.3424,17.917446,7218,0.6096,1,0,0,0,1,0,3,3,3
3.7681665,12.177572,5385,1.016,1,0,0,0,5,5,5,5,5
10.550752,1.3676214,3951,0.0,0,1,1,1,0,2,2,0,1
17.317554,8.107043,2843,2.584704,0,2,2,2,2,6,6,6,6
-0.81572735,14.62756,8056,0.6096,1,0,0,0,5,5,5,5,5
11.901266,2.1799533,4734,0.16256,0,1,1,1,0,2,2,0,1
11.430606,5.156185,3329,0.0,0,1,1,1,0,2,2,0,4
16.845167,9.401204,2547,0.27432,0,2,2,2,2,6,6,6,6
13.589949,9.797027,3775,0.762,0,2,2,2,2,6,6,6,6
7.417619,1.7424952,3970,0.237744,0,1,1,1,0,2,2,0,1
8.310335,17.911879,7220,0.13716,1,0,0,0,1,0,3,3,3
7.3276825,18.18937,7622,0.100584,1,0,0,0,1,0,3,3,3
8.754484,1.90537,3746,0.0,0,1,1,1,0,2,2,0,1
2.4468822,13.818145,6043,0.524256,1,0,0,0,5,5,5,5,5
7.6300244,18.81634,7411,1.17348,1,0,0,0,1,0,3,3,3
9.318941,1.3716063,3698,0.0,0,1,1,1,0,2,2,0,1
5.136075,17.083519,7448,0.859536,1,0,0,0,1,0,3,3,3
10.854601,1.2698267,3696,0.437896,0,1,1,1,0,2,2,0,1
7.3099008,1.7014233,3600,0.600456,0,1,1,1,0,2,2,0,1
9.0102,1.5526563,3785,0.146304,0,1,1,1,0,2,2,0,1
9.567846,17.397331,7414,0.12192,1,0,0,0,1,0,3,3,3
5.231696,16.969475,7342,1.563624,1,0,0,0,1,0,3,3,3
6.0057235,-5.724564,770,1.5392400000000002,0,1,1,1,0,1,0,8,8
3.3405795,11.6562395,5494,0.67056,1,0,0,0,5,5,5,5,5
7.9327383,2.7091281,14691,0.27432,0,1,1,1,0,2,2,0,1
7.664337,2.8259559,14686,0.0,0,1,1,1,0,2,2,0,1
12.132581,3.7082236,4265,1.3716,0,1,1,1,0,2,2,0,4
-7.562536,6.8922358,5473,0.387096,1,0,3,3,3,3,7,7,7
10.6285095,1.0052655,3703,0.688848,0,1,1,1,0,2,2,0,1
16.148119,9.699349,2812,1.50368,0,2,2,2,2,6,6,6,6
7.3071785,18.217667,7621,0.204216,1,0,0,0,1,0,3,3,3
12.138396,23.650478,7379,1.350264,1,0,0,4,4,4,4,4,9
-8.10176,10.579976,8073,0.957072,1,0,3,3,3,3,7,7,7
7.4967437,2.906963,14684,0.24384,0,1,1,1,0,2,2,0,1
0.80913514,12.6459,6570,0.59436,1,0,0,0,5,5,5,5,5
16.834028,9.447963,2552,0.28956,0,2,2,2,2,6,6,6,6
14.045948,10.013206,6107,0.0,0,2,2,2,2,6,6,6,6
11.6477375,-2.2259865,14930,0.73152,0,1,1,1,0,1,0,2,2
10.725677,1.0805959,3859,0.98044,0,1,1,1,0,2,2,0,1
12.028852,4.090073,4286,0.59436,0,1,1,1,0,2,2,0,4
11.998499,23.795265,7527,1.103376,1,0,0,4,4,4,4,4,9
3.202433,11.627182,5480,0.67056,1,0,0,0,5,5,5,5,5
7.474232,2.8669124,14706,0.923544,0,1,1,1,0,2,2,0,1
0.9236979,12.073857,6496,0.0,1,0,0,0,5,5,5,5,5
12.080348,2.2482417,3731,0.12192,0,1,1,1,0,2,2,0,1
17.674728,9.276455,2815,0.953008,0,2,2,2,2,6,6,6,6
-7.6535,6.9487104,5418,0.725424,1,0,3,3,3,3,7,7,7
6.2684784,-4.850979,794,0.4754879999999999,0,1,1,1,0,1,0,8,8
2.0941145,13.666942,6163,0.0,1,0,0,0,5,5,5,5,5
11.231991,5.4790154,4958,0.71628,0,1,1,1,0,2,2,0,4
11.143463,2.4802117,4956,0.8310879999999999,0,1,1,1,0,2,2,0,1
10.983662,1.1864824,4111,0.33528,0,1,1,1,0,2,2,0,1
17.196037,8.168415,2737,2.215896,0,2,2,2,2,6,6,6,6
-0.16254628,12.708412,6535,3.163824,1,0,0,0,5,5,5,5,5
6.8090267,11.538889,4526,1.23444,1,0,0,0,1,0,1,1,0
8.129497,18.481745,7364,1.853184,1,0,0,0,1,0,3,3,3
8.359838,17.843706,7219,0.6096,1,0,0,0,1,0,3,3,3
11.7145195,-2.2719142,14948,0.512064,0,1,1,1,0,1,0,2,2
11.94425,4.0753403,4284,0.65532,0,1,1,1,0,2,2,0,4
16.390703,10.290955,2751,1.0668,0,2,2,2,2,6,6,6,6
9.1733,16.448225,7284,0.408432,1,0,0,0,1,0,3,3,3
8.680889,1.8657085,3954,2.10312,0,1,1,1,0,2,2,0,1
9.568817,11.04213,6118,1.624584,1,0,0,0,1,0,1,1,0
7.5284286,2.8275716,14707,0.62484,0,1,1,1,0,2,2,0,1
18.917366,-3.620681,7827,0.9144,0,1,1,1,0,1,0,2,2
7.872045,18.633194,7464,0.48768,1,0,0,0,1,0,3,3,3
3.2894223,11.652911,5252,1.338072,1,0,0,0,5,5,5,5,5
2.4789338,11.828344,5315,0.41656,1,0,0,0,5,5,5,5,5
7.135187,17.588871,7405,1.301496,1,0,0,0,1,0,3,3,3
11.477627,1.5276908,4777,0.652272,0,1,1,1,0,2,2,0,1
7.2723756,18.324131,7354,0.371856,1,0,0,0,1,0,3,3,3
12.019295,2.4345078,3734,0.89916,0,1,1,1,0,2,2,0,1
6.2824316,-4.8686466,791,0.4754879999999999,0,1,1,1,0,1,0,8,8
12.065816,23.897373,7449,0.316992,1,0,0,4,4,4,4,4,9
-7.361172,6.3866973,5346,0.920496,1,0,3,3,3,3,7,7,7
9.461386,17.339634,7398,0.0,1,0,0,0,1,0,3,3,3
6.5720344,-4.3414974,771,1.690624,0,1,1,1,0,1,0,8,8
10.191508,17.208115,7232,0.786384,1,0,0,0,1,0,3,3,3
6.00574,-5.7223434,779,1.5392400000000002,0,1,1,1,0,1,0,8,8
10.475912,0.8676038,3858,0.490728,0,1,1,1,0,2,2,0,1
13.7963505,9.912171,6105,0.551688,0,2,2,2,2,6,6,6,6
0.43861854,11.454258,6259,0.6858,1,0,0,0,5,5,5,5,5
2.0633404,13.115646,6074,0.65532,1,0,0,0,5,5,5,5,5
12.726533,-2.7263618,14022,1.816608,0,1,1,1,0,1,0,2,2
2.2536917,13.72773,6164,0.176784,1,0,0,0,5,5,5,5,5
10.194699,5.6714168,4372,1.362456,0,1,1,1,0,2,2,0,4
16.644863,10.1339245,2693,2.660904,0,2,2,2,2,6,6,6,6
10.241377,5.6558237,4373,1.444752,0,1,1,1,0,2,2,0,4
6.310321,11.971201,7270,0.15494,1,0,0,0,1,0,1,1,0
17.043373,10.499243,2495,0.845312,0,2,2,2,2,6,6,6,6
11.658236,2.1644292,3861,1.00584,0,1,1,1,0,2,2,0,1
3.2795153,11.668024,5489,0.79248,1,0,0,0,5,5,5,5,5
16.234947,9.242924,2779,1.9812,0,2,2,2,2,6,6,6,6
17.614391,9.322341,2808,1.335024,0,2,2,2,2,6,6,6,6
8.1953125,18.40162,7352,0.03048,1,0,0,0,1,0,3,3,3
8.173376,18.37408,7355,0.03048,1,0,0,0,1,0,3,3,3
-7.5638437,6.8526983,5464,0.377952,1,0,3,3,3,3,7,7,7
8.762207,1.7144603,3492,0.0,0,1,1,1,0,2,2,0,1
13.395335,11.201639,2800,1.73736,0,2,2,2,2,6,6,6,6
16.382006,10.317629,2750,0.762,0,2,2,2,2,6,6,6,6
6.498477,12.095062,7234,0.1524,1,0,0,0,1,0,1,1,0
16.755104,9.511978,2549,2.4384,0,2,2,2,2,6,6,6,6
7.6338506,18.306217,7366,1.319784,1,0,0,0,1,0,3,3,3
9.02365,17.366554,7488,0.0,1,0,0,0,1,0,3,3,3
10.12564,6.444915,3206,0.32004,0,1,1,1,0,2,2,0,4
15.591518,10.20016,2863,1.43256,0,2,2,2,2,6,6,6,6
16.296352,10.53419,2708,1.353312,0,2,2,2,2,6,6,6,6
11.958952,3.902765,4869,0.65532,0,1,1,1,0,2,2,0,4
-0.031296946,12.82572,6552,1.458976,1,0,0,0,5,5,5,5,5
14.412803,9.748536,6300,2.65176,0,2,2,2,2,6,6,6,6
17.179287,10.349682,2502,0.890016,0,2,2,2,2,6,6,6,6
5.7419834,13.169006,7222,1.450848,1,0,0,0,1,0,1,1,0
8.890988,16.099726,7315,0.652272,1,0,0,0,1,0,3,3,3
16.37285,8.486435,2785,2.215896,0,2,2,2,2,6,6,6,6
2.158134,13.711995,6068,0.445008,1,0,0,0,5,5,5,5,5
10.790774,1.0220642,4069,1.069848,0,1,1,1,0,2,2,0,1
12.182217,3.7126,4863,1.0312400000000002,0,1,1,1,0,2,2,0,4
7.3287,1.8623726,3716,1.734312,0,1,1,1,0,2,2,0,1
4.9564776,14.977951,7664,1.472184,1,0,0,0,1,0,1,1,0
0.509193,11.566759,6516,0.0,1,0,0,0,5,5,5,5,5
7.486732,2.8851893,14685,0.24384,0,1,1,1,0,2,2,0,1
17.091364,10.3884945,2506,0.557784,0,2,2,2,2,6,6,6,6
7.905793,18.66439,7737,1.560576,1,0,0,0,1,0,3,3,3
11.681631,4.755041,3211,0.71628,0,1,1,1,0,2,2,0,4
5.170469,17.13793,7468,1.448816,1,0,0,0,1,0,3,3,3
12.529325,23.639502,7479,0.896112,1,0,0,4,4,4,4,4,9
10.798736,1.6775545,3762,1.313688,0,1,1,1,0,2,2,0,1
11.050437,2.459984,4367,0.222504,0,1,1,1,0,2,2,0,1
0.8505258,12.058299,6492,0.48768,1,0,0,0,5,5,5,5,5
15.597829,10.208869,2763,0.79248,0,2,2,2,2,6,6,6,6
16.572252,9.748172,2545,0.0,0,2,2,2,2,6,6,6,6
6.7383914,12.04059,7340,0.03048,1,0,0,0,1,0,1,1,0
7.6274877,2.8562157,14687,0.0,0,1,1,1,0,2,2,0,1
16.888828,11.077878,2725,0.972312,0,2,2,2,2,6,6,6,6
8.719509,17.174976,7277,0.0,1,0,0,0,1,0,3,3,3
10.839255,5.0911846,4496,0.0,0,1,1,1,0,2,2,0,4
12.166255,3.8087718,4864,0.418592,0,1,1,1,0,2,2,0,4
-0.7928543,14.70953,8065,0.0,1,0,0,0,5,5,5,5,5
16.87338,9.383437,2521,0.10668,0,2,2,2,2,6,6,6,6
7.353678,1.8567795,3993,0.341376,0,1,1,1,0,2,2,0,1
12.089364,3.786296,4772,0.1524,0,1,1,1,0,2,2,0,4
8.795644,16.6371,7332,0.694944,1,0,0,0,1,0,3,3,3
6.040324,13.66187,7376,0.0762,1,0,0,0,1,0,1,1,0
12.139935,3.346387,4369,1.014984,0,1,1,1,0,2,2,0,4
10.225166,6.4042573,4324,0.82296,0,1,1,1,0,2,2,0,4
8.8520155,1.611403,3602,1.15824,0,1,1,1,0,2,2,0,1
16.035019,11.89591,2775,0.6096,0,2,2,2,2,6,6,6,6
12.20964,24.003916,7517,0.691896,1,0,0,4,4,4,4,4,9
11.237506,5.4459457,4550,0.8615680000000001,0,1,1,1,0,2,2,0,4
7.533754,18.910479,7435,1.322832,1,0,0,0,1,0,3,3,3
16.370632,8.491165,2783,2.017776,0,2,2,2,2,6,6,6,6
4.9221516,14.302832,7665,1.170432,1,0,0,0,1,0,1,1,0
11.4654455,5.1591125,3213,0.435864,0,1,1,1,0,2,2,0,4
2.7744133,12.0396385,5328,0.5344159999999999,1,0,0,0,5,5,5,5,5
0.13272129,12.926582,6539,0.0,1,0,0,0,5,5,5,5,5
8.863567,16.085493,7311,0.420624,1,0,0,0,1,0,3,3,3
16.862757,9.405608,2550,0.329184,0,2,2,2,2,6,6,6,6
9.51304,17.398558,7413,0.0762,1,0,0,0,1,0,3,3,3
2.1399734,13.352127,6076,0.9906,1,0,0,0,5,5,5,5,5
10.207219,10.806663,6172,0.201168,1,0,0,0,1,0,1,1,0
10.095035,10.909513,6218,0.438912,1,0,0,0,1,0,1,1,0
11.66802,-2.2291188,14947,0.79248,0,1,1,1,0,1,0,2,2
11.761049,4.6411247,3496,2.60604,0,1,1,1,0,2,2,0,4
5.6318707,13.897648,7289,0.10668,1,0,0,0,1,0,1,1,0
16.641409,10.118133,2823,2.49936,0,2,2,2,2,6,6,6,6
16.023314,11.910783,2773,1.6154400000000002,0,2,2,2,2,6,6,6,6
10.793718,1.6556468,3761,0.798576,0,1,1,1,0,2,2,0,1
11.1891575,4.017838,4277,0.2286,0,1,1,1,0,2,2,0,4
5.1572566,16.859798,7370,1.871472,1,0,0,0,1,0,3,3,3
13.706981,9.875297,6109,0.515112,0,2,2,2,2,6,6,6,6
4.9399743,16.606936,7619,0.597408,1,0,0,0,1,0,3,3,3
17.330357,8.093555,2839,2.200656,0,2,2,2,2,6,6,6,6
9.087199,16.313257,7293,0.85344,1,0,0,0,1,0,3,3,3
12.349462,24.202864,7552,0.484632,1,0,0,4,4,4,4,4,9
12.161274,2.1361244,3729,0.0,0,1,1,1,0,2,2,0,1
16.442215,9.8102255,2543,0.0,0,2,2,2,2,6,6,6,6
11.616593,5.863942,4326,0.57912,0,1,1,1,0,2,2,0,4
-8.101635,10.579411,8076,2.944368,1,0,3,3,3,3,7,7,7
18.958885,-3.615585,7825,0.6096,0,1,1,1,0,1,0,2,2
9.074427,16.394306,7360,1.414272,1,0,0,0,1,0,3,3,3
11.332097,5.579486,4325,0.0,0,1,1,1,0,2,2,0,4
8.978163,1.5760561,3788,0.06096,0,1,1,1,0,2,2,0,1
5.996183,-5.7150316,773,1.5392400000000002,0,1,1,1,0,1,0,8,8
5.883993,14.627377,7259,1.03632,1,0,0,0,1,0,1,1,0
9.954172,11.118728,6227,1.34112,1,0,0,0,1,0,1,1,0
13.336601,11.247474,2805,0.70104,0,2,2,2,2,6,6,6,6
8.42893,17.672686,7230,0.22352,1,0,0,0,1,0,3,3,3
2.0181282,13.03428,6671,0.057912,1,0,0,0,5,5,5,5,5
6.274051,12.113109,7267,0.633984,1,0,0,0,1,0,1,1,0
10.769794,1.0336369,4103,0.82296,0,1,1,1,0,2,2,0,1
7.3599257,1.8413502,3973,0.381,0,1,1,1,0,2,2,0,1
6.302968,11.943681,7237,0.1524,1,0,0,0,1,0,1,1,0
11.599375,-2.1800969,14931,1.905,0,1,1,1,0,1,0,2,2
3.753336,12.15311,5301,1.016,1,0,0,0,5,5,5,5,5
12.396385,23.641756,7477,0.0,1,0,0,4,4,4,4,4,9
5.214834,16.951359,7341,1.106424,1,0,0,0,1,0,3,3,3
11.56789,1.5851082,3757,0.48768,0,1,1,1,0,2,2,0,1
18.970234,-3.6221142,7872,1.22936,0,1,1,1,0,1,0,2,2
6.169613,2.8168557,3327,0.246888,0,1,1,1,0,2,2,0,1
-7.5469913,6.474234,5436,1.09728,1,0,3,3,3,3,7,7,7
17.318092,8.105829,2739,2.130552,0,2,2,2,2,6,6,6,6
10.180199,6.4245415,3642,2.19456,0,1,1,1,0,2,2,0,4
3.2477615,11.61574,5501,0.42672,1,0,0,0,5,5,5,5,5
