ID,latitude,longitude
770,42.95753,-91.62403
771,42.99784,-91.65801
772,42.99799,-91.65846
773,42.957825,-91.623983
774,42.957825,-91.623983
775,42.95753,-91.62403
776,42.99799,-91.65846
777,42.99784,-91.65801
778,42.957825,-91.623983
779,42.957825,-91.623983
780,43.039256,-91.770445
781,43.039101,-91.770061
782,43.017776,-91.730995
783,43.017973,-91.730625
784,43.054431,-91.808317
785,43.017973,-91.730625
786,43.039101,-91.770061
787,43.017776,-91.730995
788,43.017776,-91.730995
789,43.017776,-91.730995
790,43.051326,-91.841123
791,43.051103,-91.839521
792,43.054143,-91.808503
793,43.051326,-91.841123
794,43.051103,-91.839521
795,43.054143,-91.808503
796,43.051103,-91.839521
797,43.054143,-91.808503
2495,34.243578,-79.147747
2496,34.234797,-79.150886
2499,34.236166,-79.151271
2500,34.2267,-79.1417
2502,34.2322,-79.1434
2506,34.227779,-79.153377
2508,34.233,-79.1478
2521,34.345867,-79.15866
2528,34.237764,-79.151475
2542,34.350811,-79.154224
2543,34.342808,-79.141355
2544,34.347738,-79.141996
2545,34.355851,-79.150443
2546,34.34505,-79.169549
2547,34.346743,-79.166414
2548,34.348837,-79.165265
2549,34.348384,-79.165177
2550,34.348571,-79.165279
2552,34.349781,-79.16665
2555,34.349018,-79.165828
2687,34.58275,-79.42364
2688,34.58294,-79.42456
2689,34.58283,-79.42444
2690,34.58306,-79.42297
2691,34.60122,-79.45975
2692,34.159115,-79.221845
2693,34.159407,-79.221391
2694,34.145224,-79.207311
2695,34.144648,-79.200484
2704,34.48783,-79.39414
2705,34.48706,-79.39481
2706,34.33203,-79.32542
2707,34.61078,-79.50175
2708,34.30966,-79.23749
2709,34.30965,-79.23755
2710,34.30578,-79.24168
2711,34.30674,-79.24376
2712,34.30671,-79.24
2713,34.25212,-79.26633
2714,34.25224,-79.26634
2715,34.25547,-79.26719
2716,34.25542,-79.26713
2725,34.26666,-79.21639
2726,34.26654,-79.21668
2727,34.26616,-79.21661
2728,34.26619,-79.21635
2729,34.2664,-79.21505
2730,34.2664,-79.21491
2731,34.26631,-79.215
2732,34.23311,-79.19605
2733,34.23578,-79.19618
2734,34.20925,-79.17009
2735,34.20739,-79.173
2736,34.22903,-79.14123
2737,34.092922,-79.329987
2738,34.22857,-79.1424
2739,34.093243,-79.330071
2740,34.09337,-79.3297
2741,34.09289,-79.32961
2742,34.22402,-79.12374
2743,34.22456,-79.12341
2744,34.23586,-79.17752
2745,34.23572,-79.17698
2748,34.24445,-79.11298
2749,34.24508,-79.1132
2750,34.60209,-79.45917
2751,34.60247,-79.45917
2752,34.61072,-79.50142
2753,34.48783,-79.39406
2754,34.33258,-79.32447
2755,34.333,-79.32236
2756,34.331,-79.3275
2757,34.47686,-79.35608
2758,34.47683,-79.35611
2759,34.47689,-79.35606
2760,34.47736,-79.35608
2761,34.47678,-79.35364
2762,34.5058167,-79.4083167
2763,34.5058333,-79.408333
2764,34.507583,-79.40735
2765,34.419135,-79.249874
2766,34.418883,-79.24937
2767,34.41907,-79.24947
2768,34.41975,-79.24943
2769,34.41977,-79.24995
2770,34.419733,-79.24992
2771,34.419217,-79.25037
2772,34.418733,-79.25007
2773,34.419767,-79.249933
2774,34.4189,-79.25038
2775,34.418716,-79.250016
2776,34.3169833,-79.293517
2777,34.317,-79.292483
2778,34.31907,-79.288333
2779,34.319067,-79.28833
2780,34.319133,-79.287167
2781,34.31915,-79.2872
2782,33.8511044,-79.2792126
2783,33.8517295,-79.2802187
2784,33.8508738,-79.2798815
2785,33.8513241,-79.2813496
2790,33.6305898,-79.5006635
2791,33.6301613,-79.5006742
2792,33.6305745,-79.5011563
2793,33.6307168,-79.5008066
2800,34.946233,-79.689933
2801,34.9461167,-79.6901833
2802,34.9459833,-79.6910667
2803,34.946033,-79.6910833
2804,34.9472167,-79.691133
2805,34.946933,-79.690567
2806,34.946717,-79.690467
2807,34.4491518,-79.3599605
2808,34.4491209,-79.3598354
2809,34.4576302,-79.3541609
2810,34.4580661,-79.3539299
2811,34.4650833,-79.3526333
2812,34.4650833,-79.352633
2813,34.4655191,-79.3528106
2814,34.4599107,-79.3583082
2815,34.447667,-79.341667
2816,34.44895,-79.341567
2817,34.44675,-79.342967
2818,34.4407,-79.3510333
2819,34.448967,-79.3416833
2820,34.44875,-79.34185
2821,34.144647,-79.200483
2822,34.144649,-79.200485
2823,34.159408,-79.221391
2824,34.159406,-79.221389
2829,34.476778,-79.353639
2839,34.093242,-79.33007
2840,34.09292,-79.329988
2841,34.092921,-79.329986
2842,34.093244,-79.330072
2843,34.093242,-79.330074
2844,34.09324,-79.33007
2845,33.8511043,-79.2792125
2846,33.8511045,-79.2792124
2847,33.8508737,-79.2798814
2848,33.8508739,-79.2798815
2849,33.851324,-79.2813495
2850,33.8517294,-79.2802188
2851,33.6301614,-79.5006743
2852,33.6305898,-79.5006636
2853,33.6307169,-79.5008067
2863,34.50545,-79.40803
2864,34.505467,-79.40805
2865,34.316916,-79.293683
2866,34.611179,-79.500632
2867,34.31616,-79.29293
2868,34.31615,-79.29292
2869,34.4655192,-79.3529107
2872,34.60122,-79.45975
3193,29.15013,-95.30852
3194,29.15013,-95.30852
3195,29.0956,-95.2828
3196,29.0956,-95.2828
3197,29.0956,-95.2828
3200,29.0636,-95.3213
3201,29.0636,-95.3213
3202,29.0676,-95.3598
3203,29.0676,-95.3598
3204,29.0676,-95.3598
3205,29.11175,-95.37351
3206,29.11175,-95.37351
3208,29.11175,-95.37351
3210,29.1256,-95.45393
3211,29.1256,-95.45393
3212,29.11085,-95.45239
3213,29.11085,-95.45239
3214,29.0437,-95.4429
3252,28.89147,-96.62828
3253,28.89182,-96.62823
3257,28.9606,-96.68526
3258,28.91946,-96.66553
3262,28.89846,-96.6049
3264,28.89838,-96.60468
3265,29.00114,-96.70797
3266,29.00093,-96.70828
3270,29.05946,-96.7355
3271,29.05946,-96.7355
3274,29.07241,-96.78111
3275,29.10019,-96.8086
3324,29.29667,-95.35667
3325,29.29667,-95.35667
3327,29.6173,-95.7326
3328,29.6173,-95.7326
3329,29.6113,-95.7819
3332,29.6253,-95.7154
3334,29.6253,-95.7154
3476,29.3446,-96.1947
3477,29.3446,-96.1947
3478,29.3277,-96.1178
3479,29.3277,-96.1178
3482,29.3277,-96.1178
3483,29.30928,-96.10314
3484,29.30928,-96.10314
3485,29.30606,-96.1041
3486,29.30606,-96.1041
3487,29.29168,-96.06067
3488,29.29168,-96.06067
3489,29.25333,-96.15856
3490,29.25333,-96.15856
3491,29.2498,-96.1058
3492,29.2498,-96.1058
3493,29.16217,-96.04357
3494,29.16217,-96.04357
3496,29.30599,-96.13424
3497,29.30599,-96.13424
3546,29.76617,-97.60491
3562,29.5435,-95.7794
3563,29.5435,-95.7794
3570,29.5785,-95.794
3571,29.5785,-95.794
3572,29.5785,-95.794
3573,29.5653,-95.8038
3574,29.5653,-95.8038
3575,29.5653,-95.8038
3582,29.41312,-97.36591
3583,29.4505,-97.38682
3585,29.56997,-95.8163
3586,29.56997,-95.8163
3587,29.56997,-95.8163
3592,29.55893,-95.63732
3593,29.55893,-95.63732
3594,29.52887,-95.62402
3595,29.54723,-95.54969
3596,29.54723,-95.54969
3597,29.54723,-95.54969
3598,29.5306,-95.5931
3599,29.5306,-95.5931
3600,29.5306,-95.5931
3602,29.41159,-95.71145
3603,29.51778,-95.58792
3604,29.51778,-95.58792
3617,29.59133,-95.04104
3618,29.59133,-95.04103
3637,29.5747,-95.60663
3640,29.5747,-95.60663
3642,29.4865,-95.6095
3694,30.14694,-96.95699
3695,29.99859,-97.04358
3696,30.01009,-97.03794
3698,29.96539,-97.03149
3699,29.96445,-97.00214
3703,30.04901,-96.8923
3709,29.5129,-96.6284
3712,29.5129,-96.6284
3714,29.9048,-96.8842
3715,29.5089,-96.6387
3716,29.90504,-96.88506
3717,29.5089,-96.6387
3719,29.4862,-96.7027
3720,29.4862,-96.7027
3721,29.46573,-96.54445
3722,29.89692,-96.87068
3723,29.46533,-96.54445
3725,29.89737,-96.87056
3727,29.36260156,-96.5766
3728,29.86745,-96.93265
3729,29.3624391,-96.57748
3730,29.86539,-96.9332
3731,29.23343779,-96.49861111
3732,29.23401286,-96.50175
3733,29.22788,-96.6067
3734,29.22767,-96.60685
3735,29.22742,-96.58295
3736,29.22751426,-96.58302
3740,29.09998,-96.60583
3741,29.10011,-96.60555
3746,29.66759,-96.50367
3748,29.6643,-96.50516
3751,29.63853,-96.59372
3752,29.86567,-96.81862
3753,29.86524,-96.81828
3757,29.63819,-96.59389
3761,29.85181,-97.13347
3762,29.85233,-97.13335
3763,29.84544,-97.04461
3764,29.84596,-97.04439
3766,29.57926,-96.41842
3767,29.58208,-96.41498
3773,30.0116,-96.91731
3774,29.50378,-95.19426
3775,29.50378,-95.19426
3783,29.95088809,-96.51694444
3785,29.84898,-96.80976
3788,29.84898,-96.80976
3856,29.51016,-96.82623
3858,29.4922,-96.83736
3859,29.49993,-96.81396
3861,29.0383,-96.62115
3872,29.45055,-96.35009
3911,29.597,-96.83376
3941,29.43966,-96.31776
3942,29.4401,-96.31777
3943,29.61833,-96.91248
3944,29.60645,-96.97903
3945,29.82364,-97.08382
3946,29.82338,-97.0835
3948,29.81619,-97.20261
3949,29.81179,-97.1395
3950,29.81179,-97.1395
3951,29.80594,-97.06532
3952,29.80594,-97.06532
3953,29.65353,-97.02212
3954,29.78003,-96.70595
3955,29.70264,-97.00375
3956,29.42403,-96.28416
3957,29.42363,-96.28413
3958,29.7382,-96.69336
3959,29.73966,-96.97211
3960,29.7382,-96.69336
3961,29.72764,-96.55216
3962,29.77006,-96.9093
3963,29.73022,-96.55226
3967,29.71559,-96.54726
3968,29.68308,-96.93722
3970,29.71562,-96.54789
3971,29.71137,-96.70101
3972,29.71125,-96.7012
3973,29.71181,-96.54929
3976,29.71181,-96.54929
3993,29.70708,-96.54678
3996,29.70758,-96.547
3998,29.69671,-96.69794
3999,29.69672,-96.69786
4001,29.69482,-96.54441
4002,29.69439,-96.54531
4032,29.68195,-96.9268
4035,29.6823,-96.88776
4037,29.68869,-96.86626
4039,29.6975,-96.83832
4042,29.72665,-96.84562
4052,29.42720295,-96.72555556
4069,29.43515,-96.82509
4071,29.46713,-96.81269
4078,29.37996454,-96.7874
4103,29.38567163,-96.76763
4106,29.32699,-96.76865
4111,29.2728642,-96.71916667
4215,30.51554,-95.26082
4216,30.51554,-95.26082
4264,29.67496,-96.26756
4265,29.67477,-96.2674
4268,29.63198,-96.27022
4269,29.63161,-96.27065
4271,29.62676,-96.13404
4276,29.58992,-96.17787
4277,29.59014,-96.17764
4279,29.56367,-96.141456
4280,29.5636,-96.14168
4282,29.55718,-96.07871
4284,29.53312,-96.1088
4286,29.53363,-96.10903
4324,30.15665,-94.70087
4325,30.16414,-94.64312
4326,30.11805,-94.64017
4354,30.4178,-94.90063
4355,30.4178,-94.90063
4358,30.29077,-94.80543
4359,30.29077,-94.80543
4360,30.28968,-94.81793
4361,30.28968,-94.81793
4362,30.27791,-94.79971
4363,30.27698,-94.79485
4364,30.1132063,-94.770581
4365,30.1132063,-94.770581
4366,30.12944,-94.87336
4367,30.12944,-94.87336
4368,30.28203,-94.94485
4369,30.28203,-94.94485
4370,30.17716,-94.86602
4371,30.13511,-94.82249
4372,30.12842,-94.86101
4373,30.12842,-94.86101
4374,30.125,-94.85508
4375,30.125,-94.85508
4381,29.75451484,-94.85424461
4382,29.74503647,-94.82805337
4383,29.7140914,-94.85878143
4384,29.6894513,-94.86578317
4385,29.66589073,-94.8826668
4386,29.65764,-94.917
4387,29.65764,-94.917
4390,29.67838161,-94.92551096
4391,29.67832145,-94.92544378
4392,29.68678224,-94.93423757
4393,29.68669679,-94.93422235
4493,30.50193,-95.03129
4494,30.50193,-95.03129
4496,30.53514,-94.94645
4497,30.53514,-94.94645
4498,30.55911,-94.8819
4499,30.55911,-94.8819
4525,29.91171,-95.08942
4526,29.91177,-95.08945
4537,29.8172,-95.07413
4538,29.817,-95.07412
4548,30.60359,-94.95793
4549,30.60359,-94.95793
4550,30.68371,-94.95556
4551,30.68371,-94.95556
4552,30.70097,-94.99741
4553,30.70097,-94.99741
4554,30.65944,-94.97763
4555,30.65944,-94.97763
4734,29.48612,-96.70246
4772,30.01763,-97.05989
4777,29.45336,-96.76177
4837,29.74489618,-94.82814509
4859,29.82496,-96.34176
4860,29.82444,-96.34243
4861,29.77458,-96.37673
4862,29.77985,-96.31662
4863,29.77988,-96.31432
4864,29.75124,-96.2974
4865,29.74953,-96.29592
4866,29.67496,-96.26756
4867,29.7029,-96.19885
4868,29.7019,-96.19994
4869,29.66113,-96.24314
4870,29.65916,-96.24536
4871,29.62217,-96.22569
4872,29.62384,-96.22586
4873,29.6297,-96.14496
4874,29.6221,-96.14633
4875,29.6018,-96.0897
4876,29.6018,-96.0897
4956,30.32141,-95.04375
4957,30.35497,-95.0524
4958,30.06112,-95.13171
4959,30.06727,-95.09903
4977,29.81618,-97.20365
4987,29.79388,-96.69297
5252,25.84512,-81.38683
5258,25.850305,-81.384513
5259,25.848879,-81.384769
5271,25.92168,-81.64848
5301,25.94819,-81.58389
5310,26.26116389,-80.08355
5315,27.037625,-80.11130556
5316,27.037625,-80.11130556
5328,27.763484,-80.396882
5329,27.763484,-80.396882
5335,24.6708,-81.3699
5338,24.6708,-81.3699
5339,24.6708,-81.3699
5346,24.6697,-81.3681
5351,24.5521,-81.7544
5352,24.5521,-81.7544
5355,24.6691,-81.3454
5357,24.6691,-81.3454
5358,24.6658,-81.4977
5360,24.6658,-81.4977
5362,24.549,-81.7853
5363,24.549,-81.7853
5368,24.6659,-81.3868
5369,24.6659,-81.3868
5371,33.56194444,-79.08555556
5384,25.70923,-81.24991
5385,25.70923,-81.24991
5386,25.87209,-81.38206
5413,24.6908,-81.3581
5417,24.6663,-81.4199
5418,24.667,-81.4103
5419,24.6495,-81.4051
5420,24.6608,-81.479
5421,24.6492,-81.4064
5422,24.663,-81.4788
5424,24.6608,-81.4036
5425,24.635,-81.3543
5435,24.6478,-81.3315
5436,24.6478,-81.3315
5447,24.67145,-81.33987
5448,24.65208,-81.37334
5449,24.723028,-81.400728
5453,26.1027,-81.7845
5454,26.0953,-81.8007
5460,26.122383,-81.802113
5462,24.6406,-81.5686
5463,24.6346,-81.5518
5464,24.6478,-81.573
5465,24.6606,-81.5186
5466,24.6587,-81.5186
5467,24.6569,-81.3853
5468,24.6569,-81.3853
5469,24.676,-81.3891
5470,24.6874,-81.3974
5471,24.64337,-81.44416
5472,24.65116,-81.44142
5473,24.66241,-81.44054
5474,24.65016,-81.43819
5477,25.970864,-81.73634
5478,25.9141,-81.7177
5479,25.918,-81.7262
5480,25.91,-81.6971
5482,26.113204,-81.782989
5483,26.113204,-81.782989
5485,25.984201,-81.722497
5486,25.936742,-81.699669
5487,25.932545,-81.65709
5488,25.925669,-81.648136
5489,25.925035,-81.643623
5490,25.923767,-81.64522
5492,25.961386,-81.711018
5493,25.935389,-81.731788
5494,25.817466,-81.358816
5495,25.817466,-81.358816
5496,25.846538,-81.384016
5497,25.856238,-81.388004
5498,25.915698,-81.377671
5500,25.810247,-81.359943
5501,25.8125,-81.3636
5502,25.846889,-81.368528
5503,25.870766,-81.383746
5504,25.858679,-81.385488
5507,24.6602,-81.5191
5799,18.47617,-66.27728
5800,18.47639,-66.27717
5801,17.98982,-66.48217
5802,17.97797,-66.61814
5807,17.9563273,-66.4110469
5808,18.34174,-66.32119
5809,18.341985,-66.319762
5817,18.341874,-66.321559
5830,18.33381,-66.31444
5831,18.33923,-66.31691
5832,18.33832,-66.3194
5836,18.46334444,-66.72198889
5837,18.463625,-66.72372222
5838,18.46705,-66.52555
5839,18.4476,-66.52642
5840,18.47978,-66.53528
5841,18.47978,-66.53528
5843,18.46477778,-66.53193056
5844,18.46477778,-66.53193056
5853,18.45645278,-66.259469
5854,18.45669722,-66.2647
5855,18.45880556,-66.26986
5856,18.43278611,-66.27451667
5857,18.426053,-66.496347
5858,18.429337,-66.265303
5859,18.4792,-66.53725
5860,18.47097,-66.53163
5861,18.47097,-66.53163
5862,18.2666,-66.69778
5863,18.25287,-66.67762
5865,18.25277,-66.67765
5869,18.26708,-66.70301
5870,18.424831,-66.494542
5871,18.424867,-66.494653
5872,18.26667,-66.70677
5878,18.26667,-66.71015
5879,18.26667,-66.71015
5880,18.47028,-66.71647
5881,18.47053,-66.70503
5886,18.428303,-66.523547
5887,18.428172,-66.505583
5889,18.427314,-66.49742
5894,18.27357,-66.71022
5895,18.26937,-66.70889
5896,18.27248,-66.70848
5897,18.28291,-66.70289
5898,18.26036,-66.69133
5915,18.46671944,-66.720725
5918,18.254992,-66.679958
5919,18.266183,-66.696553
5932,18.03288,-66.84399
5933,18.03675,-66.84455
5934,18.03514,-66.84595
5936,18.03879,-66.84431
5940,18.03853,-66.84391
5941,18.03367,-66.84766
5945,17.95522,-66.40976
5946,18.031764,-66.84729
5947,18.02991,-66.84626
5948,17.95642,-66.409
5954,18.46197,-66.37161
5956,18.46053,-66.35689
5957,18.43408,-66.38144
5961,18.00286,-66.83404
5966,18.43921,-66.36337
5967,18.43439,-66.36177
5968,18.4302,-66.35625
5969,17.98997,-66.83997
5971,18.45615,-66.72409
5973,18.4167,-66.70766
5974,18.39305,-66.6823
5975,18.3155,-67.224639
6031,37.29844,-80.00775
6036,33.57972222,-79.00333333
6043,35.405381,-78.022587
6046,35.42691,-78.01758
6067,35.38593,-77.956546
6068,35.40067,-77.9575
6071,35.071503,-77.109185
6073,35.110039,-77.037436
6074,35.077428,-77.064072
6075,35.499912,-77.0242208
6076,35.078518,-77.10573
6086,35.45555,-77.668894
6088,35.425591,-77.582988
6092,35.4385485,-76.9721065
6094,34.716,-79.864
6095,34.716,-79.864
6097,35.4320183,-76.9679031
6098,34.722,-79.861
6099,34.70899,-79.90012
6100,34.705,-79.896
6101,34.70613,-79.89565
6103,34.695,-79.904
6105,34.70872,-79.89529
6106,34.70784,-79.89471
6107,34.703,-79.947
6109,34.70434,-79.89574
6114,35.37039,-77.4387
6115,35.5122467,-78.3501356
6116,34.3,-79.83556
6117,34.347222,-79.864444
6118,34.309962,-79.844812
6119,35.515411,-78.348437
6134,34.386,-80.063
6136,35.14794,-77.1088
6137,34.392,-80.03
6138,34.38851,-80.06368
6139,35.243029,-77.57918
6140,34.38547,-80.06412
6158,35.424722,-77.593056
6159,35.36354,-77.42882
6160,35.26036,-77.61596
6161,35.255376,-77.603323
6162,34.439167,-79.351667
6163,35.25859,-77.59203
6164,35.245066,-77.586589
6165,35.253808,-77.567448
6166,34.4053,-79.3403
6172,34.48783,-79.39414
6173,34.57632,-77.396097
6174,34.502881,-77.396644
6175,35.29976,-77.3403
6176,35.2999,-77.3405
6187,34.40472,-79.33444
6189,34.474167,-79.378889
6217,34.76581,-79.33315
6218,34.71847,-79.30569
6224,34.114009,-77.924904
6225,34.37194,-79.35889
6226,34.21777,-77.81164
6227,34.772862,-79.3337624
6229,34.645653,-77.188103
6231,34.348333,-79.349444
6232,34.3649,-77.630962
6233,35.0641902,-77.3529966
6237,34.649,-79.886
6239,34.81744,-79.42359
6240,34.77937,-79.46189
6241,34.531,-79.83
6242,34.67929,-79.23817
6243,34.69441,-79.25693
6244,35.0669495,-77.3567718
6245,34.659906,-79.210949
6247,34.675,-77.13583
6251,34.737598,-77.232462
6252,34.554,-79.856
6253,34.71533,-77.2246
6254,34.656424,-77.160644
6255,34.71533,-77.2246
6256,34.70232,-77.19338
6257,34.772182,-79.3335545
6258,34.70232,-77.19338
6259,34.71218,-77.2223
6260,34.71218,-77.2223
6261,34.7716295,-79.3344678
6263,34.51354,-79.86315
6266,34.51279,-79.86391
6267,34.53507,-79.73169
6268,34.2238095,-80.2166715
6269,34.2238095,-80.2166715
6270,34.2238095,-80.2166715
6271,34.1953021,-80.1827056
6272,34.770414,-79.447674
6284,35.0081542,-77.218457
6285,38.4557833,-81.5006
6289,35.0076253,-77.224158
6294,35.218721,-77.14855
6300,34.8155022,-79.8915991
6301,34.815282,-79.8915609
6302,34.8159438,-79.8918771
6303,34.8158983,-79.8919253
6307,38.22203,-80.53303
6316,34.97974,-79.85744
6332,34.7821111,-79.527557
6334,34.7522241,-79.5162699
6345,35.276411,-77.232703
6357,35.2636,-79.35898
6359,35.02268,-79.44272
6361,34.88425,-79.4518
6375,35.502086,-77.046096
6377,35.501851,-77.046354
6382,34.2083,-79.5438
6384,34.2043,-79.5409
6386,35.514671,-77.010462
6389,35.514796,-77.010683
6409,34.25399,-79.67947
6410,34.244,-79.732
6411,34.243,-79.739
6412,34.244,-79.736
6432,34.74724,-79.21343
6448,33.6873432,-79.3145819
6469,34.61327,-77.587056
6474,34.51873,-77.39085
6476,34.49441,-77.46524
6477,34.39301,-77.7678
6491,34.4705,-77.50861
6492,34.44028,-77.54595
6493,34.43528,-77.57399
6496,34.42081,-77.58411
6499,34.40612,-77.60685
6511,34.39275,-77.6274
6512,34.370076,-77.657907
6513,34.35518,-77.68603
6516,34.4842,-77.50149
6520,34.050471,-77.918004
6524,34.107478,-77.879297
6530,34.235308,-77.776704
6531,34.311221,-77.733077
6532,34.311412,-77.732432
6533,34.04542,-78.037229
6534,34.04628,-78.03641
6535,34.04647,-78.03615
6536,34.04663,-78.03576
6537,34.04641,-78.03547
6538,34.034927,-78.054642
6539,34.035676,-78.053119
6541,34.043265,-78.044745
6543,34.041823,-78.047323
6544,34.042385,-78.053648
6545,34.04507,-78.056161
6546,35.263382,-77.586663
6547,34.04028,-78.068663
6548,35.266443,-77.619361
6550,34.57381,-77.272925
6551,34.050024,-78.046982
6552,34.046829,-78.041749
6553,34.047646,-78.036811
6563,34.1147267,-77.8769004
6570,34.0533428,-77.884302
6584,33.9831455,-77.9196642
6588,34.202129,-77.894399
6590,34.656351,-77.350133
6593,35.11139,-79.90636
6598,34.56802,-77.274788
6639,34.287742,-77.827943
6646,34.256935,-77.831845
6648,35.14989,-80.27852
6649,35.08265,-79.99938
6651,35.16685,-80.21086
6654,34.15917,-77.855
6655,34.150201,-77.860362
6656,34.2928992,-77.8460996
6657,34.1240801,-77.8713635
6658,34.2000474,-77.8291279
6660,34.1854188,-77.8390367
6663,35.0551,-79.87621
6665,35.532102,-77.080788
6666,35.537082,-77.040238
6669,35.424707,-77.59386
6670,35.534641,-77.038183
6671,35.125,-77.050044
6673,35.111,-77.037851
6674,35.301135,-77.264727
7216,29.206914,-83.068865
7217,29.206914,-83.068865
7218,29.439765,-83.292865
7219,29.439765,-83.292865
7220,29.13589,-83.03002
7221,29.13589,-83.03002
7222,29.21371,-82.76366
7223,29.21371,-82.76366
7224,29.330347,-83.143337
7225,29.330347,-83.143337
7226,29.8534,-84.6761
7227,29.87136,-84.60992
7228,29.87136,-84.60992
7229,29.854,-84.6761
7230,29.39871309,-83.20546294
7231,29.39871309,-83.20546294
7232,29.87128,-84.60986
7233,29.852,-84.6729
7234,29.8525,-84.6693
7235,29.8525,-84.6693
7236,29.87283,-84.60753
7237,29.8569,-84.6765
7238,29.859,-84.6744
7239,29.859,-84.6744
7240,29.8664,-84.6735
7241,29.8759,-84.6037
7242,29.8759,-84.6037
7243,29.8712,-84.6681
7246,29.8757,-84.6665
7247,29.72152,-83.48648
7248,29.72152,-83.48648
7249,29.8878,-84.6551
7250,29.8878,-84.6551
7251,29.8778,-84.6011
7252,29.8778,-84.6011
7259,30.151825,-84.20905
7260,30.151825,-84.20905
7261,29.977355,-84.383625
7262,29.977355,-84.383625
7266,29.81891,-83.59493
7267,29.8479,-84.6786
7268,29.8479,-84.6786
7270,29.8608,-84.6808
7271,29.8449,-84.6777
7272,29.8449,-84.6777
7277,29.7565285,-84.8375939
7278,29.84767,-84.67785
7279,29.74882,-84.8541
7280,29.74551,-84.86279
7281,29.74551,-84.86279
7282,29.8492,-84.6676
7283,29.8492,-84.6676
7284,29.7421,-84.87006
7285,29.817,-84.7136
7286,29.7421,-84.87006
7287,29.8331,-84.6844
7288,29.8331,-84.6844
7289,30.066463,-83.90017
7290,30.066463,-83.90017
7291,29.827,-84.7003
7292,29.73705,-84.87992
7293,29.73705,-84.87992
7294,29.8197,-84.7116
7295,30.11648,-83.979546
7296,30.11648,-83.979546
7297,29.7595,-84.8275
7298,29.7595,-84.8275
7299,29.8165,-84.8367
7300,29.73205,-84.88557
7301,29.8204,-84.8508
7303,29.73205,-84.88557
7304,29.8238,-84.9032
7306,30.029279,-84.392319
7307,29.80401,-83.58876
7308,29.80401,-83.58876
7309,29.7902,-84.7533
7310,30.036417,-84.390999
7311,29.72827,-84.89249
7312,29.72827,-84.89249
7313,30.0803754,-84.3225943
7314,30.0803754,-84.3225943
7315,29.73003,-84.89662
7316,30.0803754,-84.3225943
7317,30.0803754,-84.3225943
7318,30.01561,-84.38565
7319,29.8517,-84.6661
7320,29.73003,-84.89662
7321,29.8517,-84.6661
7322,30.0803754,-84.3225943
7323,29.76622,-84.88319
7324,29.85,-84.6649
7325,29.84704,-84.66415
7326,29.84704,-84.66415
7327,30.078663,-84.327134
7328,29.76622,-84.88319
7329,30.078444,-84.327405
7330,30.078129,-84.327729
7331,29.8429,-84.6635
7332,29.8429,-84.6635
7333,29.8459,-84.6575
7334,29.8459,-84.6575
7335,29.847,-84.6546
7336,30.022556,-84.386936
7337,29.847,-84.6546
7338,29.670051,-83.389081
7340,29.670051,-83.389081
7341,30.05922,-84.28958
7342,30.05922,-84.28958
7346,30.06375,-84.29444
7347,30.06375,-84.29444
7348,29.8471133,-84.6509473
7349,29.8539,-84.6365
7350,29.596659,-83.390162
7351,29.596659,-83.390162
7352,29.773025,-83.579528
7353,29.8611,-84.6264
7354,29.99,-84.42999
7355,29.773025,-83.579528
7358,30.070572,-84.3645779
7359,30.070572,-84.3645779
7360,29.8463,-84.661
7361,30.070572,-84.3645779
7362,30.070572,-84.3645779
7363,29.98762,-84.4266
7364,30.01605,-84.36765
7365,30.01604,-84.36768
7366,30.027088,-84.3683545
7367,30.06211,-84.27789
7368,30.06211,-84.27789
7369,30.07142,-84.30603
7370,30.07142,-84.30603
7371,30.07622,-84.29947
7372,30.07622,-84.29947
7373,30.003924,-84.471423
7374,30.004343,-84.47119
7375,29.9993111,-84.482528
7376,29.999119,-84.482635
7377,29.999191,-84.482629
7378,29.903877,-84.42366
7379,29.90422,-84.418312
7380,29.904218,-84.418273
7386,29.8471,-84.6502
7388,29.8815,-84.5952
7390,29.8815,-84.5952
7394,29.88361,-84.58806
7398,29.88778,-84.58028
7402,29.62236,-84.94315
7403,29.62236,-84.94315
7404,29.63,-84.9347
7405,29.905,-84.54528
7406,29.905,-84.54528
7407,29.63,-84.9347
7410,29.64,-84.9208
7411,29.98357,-84.41621
7412,29.64,-84.9208
7413,29.90778,-84.54056
7414,29.90778,-84.54056
7415,29.98562,-84.4125
7416,29.6408,-84.9119
7417,29.98562,-84.4125
7418,29.6408,-84.9119
7419,29.64864,-84.90615
7420,29.6516,-84.8956
7421,29.6516,-84.8956
7422,29.91444,-84.52028
7423,29.661,-84.8811
7424,29.91444,-84.52028
7425,29.661,-84.8811
7426,29.91639,-84.51056
7427,29.91639,-84.51056
7428,29.98513,-84.40519
7431,29.91639,-84.51139
7433,29.91639,-84.51139
7435,29.91667,-84.48389
7437,29.91944,-84.47889
7438,29.91944,-84.47889
7439,29.903362,-84.408566
7440,29.902863,-84.409446
7441,29.97977,-84.3885
7442,29.899799,-84.39565
7443,29.92944,-84.44222
7444,29.899634,-84.395353
7446,29.898587,-84.387041
7447,29.98125,-84.38982
7448,29.898221,-84.387071
7449,29.897729,-84.386999
7451,29.70338,-84.76218
7453,29.894808,-84.376214
7454,29.93017,-83.67024
7455,29.93017,-83.67024
7457,29.7244,-84.7379
7458,29.894648,-84.375978
7460,29.98289,-84.39228
7461,29.97834248,-84.38395597
7462,29.97834248,-84.38395597
7463,29.73931,-84.89856
7464,29.97834248,-84.38395597
7465,29.73931,-84.89856
7466,29.980193,-84.390439
7467,29.980475,-84.391055
7468,29.895224,-84.375214
7469,29.895224,-84.375214
7470,29.983653,-84.398222
7471,29.983653,-84.398222
7472,29.98505601,-84.40600379
7473,29.98505601,-84.40600379
7474,29.984712,-84.414174
7475,29.984712,-84.414174
7476,30.06594,-84.27569
7477,29.7693,-84.6965
7478,29.7693,-84.6965
7479,29.6848,-84.7942
7480,29.8808,-84.7421
7481,29.9494,-84.7302
7482,29.9591,-84.7191
7483,29.7627,-84.816
7484,29.7627,-84.816
7486,30.06453,-84.27622
7487,29.7762,-84.7876
7488,29.8032,-84.7385
7511,29.894783,-84.376233
7513,29.68185,-84.80118
7514,29.68185,-84.80118
7516,29.68067,-84.80399
7517,29.68,-84.8104
7518,29.68,-84.8104
7521,29.6787,-84.8174
7522,29.6787,-84.8174
7525,29.6751,-84.8214
7526,29.6751,-84.8214
7527,29.6734,-84.8267
7528,29.6734,-84.8267
7529,30.1995,-84.17875
7532,29.98187,-84.38862
7533,30.176,-84.24447
7545,29.6725,-84.8329
7546,29.6725,-84.8329
7547,29.671,-84.8365
7548,29.671,-84.8365
7549,29.6897,-84.7886
7550,29.6897,-84.7886
7552,29.671,-84.8398
7553,29.671,-84.8398
7554,29.6694,-84.8453
7555,29.6694,-84.8453
7556,29.6672,-84.8498
7557,29.6672,-84.8498
7558,29.6647,-84.8565
7559,29.6647,-84.8565
7560,29.6661,-84.8609
7561,29.6661,-84.8609
7594,29.984808,-84.489032
7597,29.984905,-84.489019
7599,29.984986,-84.489248
7601,29.985924,-84.490261
7603,29.985639,-84.490363
7605,29.98557,-84.490321
7610,29.989902,-84.502938
7611,29.990227,-84.503469
7612,29.990193,-84.503499
7613,29.895007,-84.370587
7614,29.896318,-84.366379
7615,29.9727391,-84.3457341
7616,29.9700203,-84.3483804
7617,29.9700203,-84.3483804
7618,29.9700203,-84.3483804
7619,29.970324,-84.353427
7620,29.970375,-84.352095
7621,29.974615,-84.368313
7622,29.974615,-84.368313
7623,29.974615,-84.368313
7624,29.9727391,-84.3457341
7625,29.9724,-84.34615
7626,29.977526,-84.3783088
7627,29.977526,-84.3783088
7628,29.978334,-84.377211
7629,29.978334,-84.377211
7630,29.9786182,-84.3789861
7631,29.9786182,-84.3789861
7632,29.990279,-84.512528
7633,29.922163,-84.334467
7634,29.908437,-84.339002
7635,29.907797,-84.339372
7636,29.908477,-84.342927
7637,29.898745,-84.347489
7638,29.897538,-84.357454
7639,29.89718,-84.356834
7640,29.897491,-84.356867
7641,29.896726,-84.365506
7642,29.924943,-84.334355
7650,29.925458,-84.334622
7652,29.946947,-84.340645
7654,29.899797,-84.3447
7655,29.990245,-84.512713
7656,29.993566,-84.518239
7657,29.993418,-84.518182
7658,29.993464,-84.518463
7659,29.993536,-84.518453
7662,30.07828,-84.32817
7663,29.896612,-84.365727
7664,30.10942,-84.25872
7665,30.08058,-84.32769
7666,30.08058,-84.32769
7667,30.08403,-84.32672
7668,30.08403,-84.32672
7669,30.15872,-84.21706
7670,30.15897,-84.21569
7671,30.1555,-84.20075
7672,30.15222,-84.21017
7673,30.15222,-84.21017
7674,30.16356,-84.19944
7675,30.15561,-84.20042
7676,30.16356,-84.19944
7677,30.1995,-84.17875
7691,29.924985,-84.334382
7692,29.946957,-84.340683
7699,30.11028,-84.25906
7700,29.8569,-84.6765
7711,30.07408,-84.17986
7728,30.12596,-83.9739
7729,30.01643,-84.36766
7732,29.946984,-84.340704
7733,29.946984,-84.340704
7735,29.64861,-84.90615
7737,30.0283623,-84.3688497
7824,34.08785,-79.14289
7825,34.08709,-79.14232
7826,34.09039,-79.14619
7827,34.0876,-79.14498
7828,34.08708,-79.14474
7829,34.08975,-79.14731
7830,34.08975,-79.14731
7854,34.68492,-80.30811
7872,34.36918,-79.44615
7886,34.61155,-79.50107
7887,34.61148,-79.50109
7889,34.61144,-79.50299
7890,34.61138,-79.5028
8053,30.23908333,-89.6147778
8054,33.52666667,-79.03138889
8055,33.52666667,-79.03138889
8056,33.6025,-78.97388889
8058,33.84055556,-78.61666667
8059,33.84055556,-78.61666667
8060,33.79277778,-78.73638889
8061,33.75861,-78.79278
8062,33.75861,-78.79278
8063,33.681111,-78.891667
8064,33.681111,-78.891667
8065,33.65944,-78.9175
8066,33.65944,-78.9175
8067,33.435,-79.12305556
8068,33.435,-79.12305556
8069,33.3675,-79.16916667
8070,33.946235,-78.22336
8073,29.75152,-92.90602
8074,29.76718,-92.97655
8075,29.81536,-93.12025
8076,29.81723,-93.11547
8077,29.81676,-93.11223
8078,29.7816,-93.06791
8079,29.815,-93.10589
8084,30.04472,-92.74722
8085,30.07528,-92.67778
8086,30.07611,-92.68139
8107,30.018025,-93.252198
8113,29.73389,-91.855
9594,26.360613,-81.859625
9602,26.358424,-81.857939
9766,26.43533,-81.810519
9767,26.435208,-81.810393
14010,41.405131,-95.893089
14011,41.405266,-95.893125
14021,42.79969,-96.17195
14022,42.79958,-96.17207
14023,42.79947,-96.17123
14059,42.72208,-96.24592
14060,42.72205,-96.24588
14061,42.72215,-96.24574
14062,42.72219,-96.24557
14064,42.72213,-96.24613
14119,42.75026,-96.20311
14684,34.75006,-92.23041
14685,34.75006,-92.23041
14686,34.75741419,-92.20184639
14687,34.75741419,-92.20184639
14688,34.75191559,-92.19566136
14689,34.75191559,-92.19566136
14690,34.74024197,-92.18407816
14691,34.74024197,-92.18407816
14692,34.71786415,-92.11977446
14693,34.71786415,-92.11977446
14706,34.791661,-92.287302
14707,34.791745,-92.287283
14708,34.771977,-92.250649
14711,34.772014,-92.250083
14714,34.767168,-92.226097
14715,34.765903,-92.230384
14720,34.764106,-92.239264
14721,34.764106,-92.239264
14855,36.550523,-96.156676
14856,36.536008,-96.149696
14925,36.2465,-95.96115
14926,35.310546,-94.453182
14928,35.297217,-94.457208
14930,36.2496,-95.95942
14931,35.296266,-94.464739
14932,36.25703,-95.95582
14943,36.351137,-95.97773
14947,36.330417,-95.987378
14948,36.379854,-95.986335
15096,36.368076,-95.993362
15101,36.318988,-95.972083
15105,36.322586,-95.990324
15108,36.304303,-95.9913
15110,36.371158,-95.996168
15134,36.30578,-95.99089
15137,36.30207,-95.9921
