file_id,year,dem_min,dem_max,dem_mean,dem_iqr,projection
2802,2016,75.05006,113.713745,94.02391,16.608823776245117,EPSG:4326
6660,2018,-0.067546256,9.529492,2.5428274,5.4000712633132935,EPSG:4326
3597,2017,11.146758,24.847448,19.206924,1.413374423980713,EPSG:4326
3546,2017,107.713455,159.80664,121.656044,12.458797454833984,EPSG:4326
4001,2017,47.3,71.38477,58.280823,3.4545469284057617,EPSG:4326
5886,2017,-0.191,153.73566,34.725296,64.38294410705566,EPSG:4326
6106,2018,23.908068,51.575554,41.459236,7.706962585449219,EPSG:4326
7460,2018,-1.0204601,5.577719,0.7587328,1.6492549981921911,EPSG:4326
3736,2017,27.096869,38.3652,34.967937,2.140483856201172,EPSG:4326
3856,2017,53.435448,81.27163,65.8299,7.516175270080566,EPSG:4326
5858,2017,0.066,110.6957,10.686957,5.077949285507202,EPSG:4326
7326,2018,-0.86716014,16.268614,1.8752984,3.736049234867096,EPSG:4326
7824,2020,10.962427,19.435926,15.426044,4.668766975402832,EPSG:4326
5503,2017,-1.5,3.8032982,0.00794237,0.27914792485535145,EPSG:4326
3204,2017,-9.060642,38.92291,3.4197035,1.3320215940475464,EPSG:4326
5424,2017,-1.0882527,3.72462,-0.14575301,0.5787856429815292,EPSG:4326
5860,2017,-1.63,45.55644,4.5746593,2.22456955909729,EPSG:4326
7363,2018,-1.0204601,5.5278487,0.8912388,2.2968137860298157,EPSG:4326
14689,2019,70.06,78.972725,74.2207,2.0469112396240234,EPSG:4326
2757,2016,27.885178,47.482227,35.803524,10.680229187011719,EPSG:4326
2706,2016,21.712114,35.182827,26.385313,6.733626842498779,EPSG:4326
8054,2020,-1.04856,5.560671,-0.025361827,0.10856002569198608,EPSG:4326
7473,2018,-1.0204601,4.501017,0.9368839,1.989653641358018,EPSG:4326
7617,2018,-1.0204601,3.1512706,0.025398541,0.6795398890972137,EPSG:4326
7652,2018,-0.86716014,4.640627,0.27182412,1.1881836652755737,EPSG:4326
7700,2018,-0.86716014,13.072121,1.8932275,3.377572536468506,EPSG:4326
6092,2018,-0.33113235,10.348707,3.5592315,8.453999131917953,EPSG:4326
2689,2016,33.465336,51.620457,41.074306,10.663952827453613,EPSG:4326
7558,2018,-0.86716014,5.396103,0.1840828,0.30000001192092896,EPSG:4326
3477,2017,23.3557,38.64922,34.511417,1.4675912857055664,EPSG:4326
6548,2018,4.580658,31.473919,13.520657,8.74280321598053,EPSG:4326
4366,2017,6.8277154,28.93981,16.588104,16.656691551208496,EPSG:4326
2765,2016,27.670532,41.265873,34.083588,3.896951675415039,EPSG:4326
7351,2018,-0.9201601,3.8625722,0.86428183,0.9608310759067535,EPSG:4326
7525,2018,-0.86716014,7.402704,0.121931665,0.30000001192092896,EPSG:4326
7444,2018,-0.86716014,5.1069007,-0.01634172,0.308595210313797,EPSG:4326
7295,2018,-1.2152601,1.8535724,0.6591416,0.32748088240623474,EPSG:4326
5259,2017,-1.5,2.88,-0.4117393,1.8243270516395569,EPSG:4326
2726,2016,15.235325,31.329924,18.533905,3.403264045715332,EPSG:4326
14060,2019,350.27942,405.9405,361.16345,6.455162048339844,EPSG:4326
6593,2018,54.138218,102.973145,60.36935,3.2997875213623047,EPSG:4326
8064,2020,-0.426723,12.306721,3.1262727,5.763161540031433,EPSG:4326
6584,2018,-0.44386718,7.7619796,1.5049825,3.409358376637101,EPSG:4326
3586,2017,16.6,35.661373,27.433302,4.914895534515381,EPSG:4326
5496,2017,-1.5,2.88,-0.5018518,1.805566281080246,EPSG:4326
6598,2018,-0.91440177,7.1455984,0.6369532,2.9160364270210266,EPSG:4326
7624,2018,-1.0204601,3.1512706,-0.054618597,0.3048314726911485,EPSG:4326
3714,2017,64.59021,103.85761,79.71467,5.529205322265625,EPSG:4326
5969,2017,4.734091,226.71129,78.15803,108.55607891082764,EPSG:4326
4392,2017,-0.58,31.151964,1.347412,4.143672287464142,EPSG:4326
5462,2017,-1.2936677,3.8,-0.2697826,0.3218918889760971,EPSG:4326
5895,2017,118.72956,381.6796,179.65634,55.954383850097656,EPSG:4326
5808,2017,59.45509,257.24963,134.8778,61.65544891357422,EPSG:4326
2846,2016,3.2700531,20.570217,5.73452,0.7480829954147339,EPSG:4326
5449,2017,-0.5,1.855047,-0.15574868,0.7069327048957348,EPSG:4326
5507,2017,-1.7287673,3.64,-0.049339384,0.6800000071525574,EPSG:4326
2791,2016,3.6675663,18.59505,12.580676,4.273191213607788,EPSG:4326
2687,2016,33.465336,51.620457,41.202374,10.848430633544922,EPSG:4326
5463,2017,-1.6070929,3.7626467,-0.2113244,0.46000000089406967,EPSG:4326
6269,2018,47.814068,66.01271,53.083538,8.109589576721191,EPSG:4326
7402,2018,-0.86716014,4.6137834,0.036877573,0.30000001192092896,EPSG:4326
7483,2018,-0.86716014,21.555145,2.5231273,5.101598262786865,EPSG:4326
5454,2017,-1.255,4.9637966,-0.20967154,1.56259286403656,EPSG:4326
7224,2018,-0.6095602,3.5753565,0.38161337,0.6980998562648892,EPSG:4326
6031,2018,298.19235,360.3454,330.2227,18.769554138183594,EPSG:4326
6302,2018,35.835716,102.16046,73.9026,32.09804821014404,EPSG:4326
4859,2017,70.81409,96.12357,81.36651,7.42852783203125,EPSG:4326
2709,2016,17.63972,29.841362,20.76282,3.364069938659668,EPSG:4326
3773,2017,71.87381,113.927826,86.3591,9.416034698486328,EPSG:4326
7668,2018,-1.0204601,4.5462527,1.1053903,1.7791576087474823,EPSG:4326
7377,2018,-1.0204601,5.2761245,0.804728,0.9811776280403137,EPSG:4326
15108,2019,179.18922,211.0311,189.10036,3.27252197265625,EPSG:4326
3599,2017,11.62,24.596096,18.676838,2.046422004699707,EPSG:4326
6537,2018,1.1401093,20.875237,12.1184225,4.6991822719573975,EPSG:4326
7238,2018,-0.86716014,14.05212,2.0494812,3.4106573909521103,EPSG:4326
7548,2018,-0.86716014,5.208632,0.15738323,0.30000001192092896,EPSG:4326
7521,2018,-0.86716014,7.402704,0.09675263,0.30000001192092896,EPSG:4326
7628,2018,-1.0204601,5.577719,0.71964616,1.5884543396532536,EPSG:4326
6410,2018,17.684536,42.442158,29.020489,13.58001708984375,EPSG:4326
5413,2017,-0.9119157,3.0179718,0.1166125,0.9028800874948502,EPSG:4326
7283,2018,-0.86716014,16.268614,2.0465631,3.5424563417909667,EPSG:4326
2803,2016,75.05006,113.9394,94.05069,16.648353576660156,EPSG:4326
5799,2017,-1.1908977,23.920086,3.2431226,4.803484082221985,EPSG:4326
6247,2018,-0.7620015,12.826413,2.2457628,6.00002658367157,EPSG:4326
6071,2018,-0.1524003,9.695658,3.5836022,3.7911089956760406,EPSG:4326
6067,2018,22.070732,42.708946,31.65477,7.554854393005371,EPSG:4326
3491,2017,15.7249,29.056019,26.256962,0.7778382301330566,EPSG:4326
6116,2018,24.780954,48.330063,35.1926,14.796628475189209,EPSG:4326
3943,2017,68.26483,109.73026,83.816765,14.465662002563477,EPSG:4326
3572,2017,16.45,33.638245,26.405167,1.4607796669006348,EPSG:4326
7410,2018,-0.86716014,6.910854,0.17355265,0.8220615386962891,EPSG:4326
4537,2017,-0.31,12.890075,2.48573,3.5274704098701477,EPSG:4326
4355,2017,17.112589,41.302677,28.046827,16.92038059234619,EPSG:4326
3334,2017,20.237846,29.051447,24.51085,0.844846248626709,EPSG:4326
7454,2018,-0.6644601,9.78069,1.7520516,1.345133975148201,EPSG:4326
2866,2016,38.461296,56.139088,46.695038,8.962812423706055,EPSG:4326
6242,2018,45.18866,55.765522,49.672535,4.718244552612305,EPSG:4326
6136,2018,0.019000178,14.910602,6.3701444,2.1085312366485596,EPSG:4326
8077,2020,-0.16159664,2.813199,0.30726534,0.27864616364240646,EPSG:4326
2801,2016,75.13446,114.18688,94.308,16.306005477905273,EPSG:4326
7388,2018,-0.86716014,16.532253,4.3460855,8.86449533700943,EPSG:4326
3203,2017,-9.060642,38.92291,3.4197035,1.3320215940475464,EPSG:4326
7513,2018,-0.86716014,6.01284,0.013170846,0.30000001192092896,EPSG:4326
793,2016,275.69,370.0463,306.2278,38.54224395751953,EPSG:4326
7447,2018,-1.0204601,5.577719,0.69550353,1.539932400919497,EPSG:4326
790,2016,275.69,370.0463,306.2278,38.54224395751953,EPSG:4326
7368,2018,-1.0204601,2.7112348,0.018943833,0.7188848853111267,EPSG:4326
7616,2018,-1.0204601,3.1512706,0.025398541,0.6795398890972137,EPSG:4326
4037,2017,73.017296,110.05185,91.61158,14.096700668334961,EPSG:4326
774,2016,239.86,309.15887,258.44577,24.001182556152344,EPSG:4326
5862,2017,120.45083,406.62985,192.73169,61.899532318115234,EPSG:4326
3998,2017,74.889206,113.72809,100.08029,10.50035285949707,EPSG:4326
2872,2016,35.919514,51.458694,44.0818,8.555678367614746,EPSG:4326
6590,2018,-0.7620015,10.974594,2.5323622,7.045703053474426,EPSG:4326
7228,2018,-0.86716014,16.532253,3.054057,6.488836109638214,EPSG:4326
5471,2017,-0.5,2.92,-0.09376648,0.5,EPSG:4326
5316,2017,-0.94488186,17.744492,3.3127744,6.4800331592559814,EPSG:4326
7554,2018,-0.86716014,5.2566113,0.17287476,0.30000001192092896,EPSG:4326
2729,2016,15.235325,30.740875,18.223612,1.8914947509765625,EPSG:4326
3324,2017,4.6423936,10.790681,8.492591,0.4827561378479004,EPSG:4326
3637,2017,14.650698,24.404398,20.115555,0.6899185180664062,EPSG:4326
2692,2016,11.408176,31.445066,14.957025,1.277846336364746,EPSG:4326
5800,2017,-1.1908977,23.920086,3.1532228,4.511489391326904,EPSG:4326
3332,2017,20.237846,29.051447,24.51085,0.844846248626709,EPSG:4326
3767,2017,42.3,59.67512,51.41624,2.0662221908569336,EPSG:4326
6137,2018,44.143536,66.61831,55.17316,10.383511543273926,EPSG:4326
7417,2018,-1.0204601,5.2280827,0.9778323,1.977346126921475,EPSG:4326
7348,2018,-0.86716014,16.268614,2.1135962,3.9293763041496277,EPSG:4326
7550,2018,-0.86716014,4.7901783,-0.03948901,0.3006911873817444,EPSG:4326
5338,2017,-0.5258748,5.38,0.06506664,1.0032698065042496,EPSG:4326
3694,2017,112.285614,147.74911,127.68999,9.9644775390625,EPSG:4326
3748,2017,46.22,77.200676,59.437893,10.671387672424316,EPSG:4326
4039,2017,73.84492,109.046326,90.7477,12.730842590332031,EPSG:4326
7529,2018,-1.0655601,6.1336884,3.2670395,1.4991560578346252,EPSG:4326
7633,2018,-0.86716014,6.0233035,0.6768726,1.533765822649002,EPSG:4326
7484,2018,-0.86716014,21.555145,2.5231273,5.101598262786865,EPSG:4326
5919,2017,120.77344,430.17755,197.59857,63.870479583740234,EPSG:4326
6266,2018,22.003952,60.404716,37.401833,16.75267219543457,EPSG:4326
3253,2017,0.24338584,16.463953,9.641557,9.13166606426239,EPSG:4326
7655,2018,-1.0204601,6.2904043,1.989591,2.897089123725891,EPSG:4326
3497,2017,18.9527,35.00976,30.402391,1.3147296905517578,EPSG:4326
2735,2016,13.112522,28.365416,17.195961,7.013779640197754,EPSG:4326
2727,2016,15.235325,31.289923,18.488747,3.021078109741211,EPSG:4326
6550,2018,-0.91440177,10.8307495,1.3819915,3.78799045085907,EPSG:4326
7425,2018,-0.86716014,5.9445333,0.3076095,0.9160193204879761,EPSG:4326
7308,2018,-0.6644601,2.7234106,-0.03153277,0.8848625123500824,EPSG:4326
6176,2018,2.6528177,14.6213455,10.144918,4.5547168254852295,EPSG:4326
7441,2018,-1.0204601,5.577719,0.63194954,1.4933366812765598,EPSG:4326
5802,2017,-1.0,13.395002,1.7693223,2.773626744747162,EPSG:4326
4280,2017,36.29743,42.38972,40.401165,0.9723472595214844,EPSG:4326
5425,2017,-0.65779555,2.38,-0.26934496,0.5,EPSG:4326
7282,2018,-0.86716014,16.268614,2.0465631,3.5424563417909667,EPSG:4326
6384,2018,11.803804,25.634111,14.484137,3.2491140365600586,EPSG:4326
14688,2019,70.06,78.972725,74.2207,2.0469112396240234,EPSG:4326
5861,2017,-1.63,45.55644,4.5746593,2.22456955909729,EPSG:4326
3274,2017,14.592775,32.576084,26.391216,8.057395935058594,EPSG:4326
5360,2017,-1.0586264,14.05155,0.05261982,0.5491966009140015,EPSG:4326
7307,2018,-0.6644601,2.7234106,-0.03153277,0.8848625123500824,EPSG:4326
6531,2018,-5.511734e-06,14.230901,2.5159376,5.222385883331299,EPSG:4326
7657,2018,-1.0204601,5.964401,1.7815471,2.8205241560935974,EPSG:4326
6162,2018,25.898907,40.864548,31.20254,8.73912239074707,EPSG:4326
14690,2019,70.02,83.792625,73.50756,3.5817718505859375,EPSG:4326
5497,2017,-1.5,2.8160284,-0.16130322,1.8594759106636047,EPSG:4326
3735,2017,27.096869,38.294365,34.95325,2.139298439025879,EPSG:4326
785,2016,258.37,321.0327,282.5752,35.548797607421875,EPSG:4326
2841,2016,14.078309,33.741104,22.063698,2.6318435668945312,EPSG:4326
4865,2017,58.78,72.53981,66.6824,4.315040588378906,EPSG:4326
6175,2018,2.66691,14.6213455,10.18571,4.553330421447754,EPSG:4326
6095,2018,23.567183,47.18212,31.914516,7.7200212478637695,EPSG:4326
4861,2017,71.336914,92.4745,80.57279,4.484590530395508,EPSG:4326
6285,2018,185.31555,363.2254,250.11162,65.41703796386719,EPSG:4326
6036,2018,-1.04856,7.612001,2.5249867,4.480531215667725,EPSG:4326
3483,2017,18.018,40.05119,30.153639,0.8939857482910156,EPSG:4326
3195,2017,-0.154,5.763353,1.3762525,0.7786154747009277,EPSG:4326
5495,2017,-1.5,4.826256,-0.90492636,1.745084211230278,EPSG:4326
7677,2018,-1.0655601,6.1336884,3.2670395,1.4991560578346252,EPSG:4326
2740,2016,14.148545,33.741104,22.129827,2.527891159057617,EPSG:4326
2733,2016,14.167427,29.516315,18.283531,6.295647144317627,EPSG:4326
7407,2018,-0.86716014,5.636593,0.06952513,0.6095742285251617,EPSG:4326
6493,2018,-9.136718e-06,13.000507,4.697611,7.622284725308418,EPSG:4326
6099,2018,23.988846,53.620132,43.363712,5.409626007080078,EPSG:4326
5482,2017,-1.255,3.8949862,0.64308774,2.065595030784607,EPSG:4326
7325,2018,-0.86716014,16.268614,1.8752984,3.736049234867096,EPSG:4326
7560,2018,-0.86716014,5.5110674,0.18153046,0.30000001192092896,EPSG:4326
14119,2019,354.9188,393.1299,367.33908,11.339225769042969,EPSG:4326
4393,2017,-0.58,31.151964,1.3401955,4.111684024333954,EPSG:4326
3709,2017,64.50123,83.92897,73.27623,4.601325988769531,EPSG:4326
3603,2017,11.029399,21.82384,17.32427,3.20930552482605,EPSG:4326
5258,2017,-1.5,2.88,-0.32840216,1.8347283899784088,EPSG:4326
6656,2018,4.483169,16.375544,11.580395,2.1662657260894775,EPSG:4326
2548,2016,20.794197,35.94075,26.646482,5.108057975769043,EPSG:4326
6231,2018,22.80055,33.581985,27.166573,5.6307783126831055,EPSG:4326
3200,2017,0.19773002,4.0,1.7794217,1.2748544216156006,EPSG:4326
5335,2017,-0.5258748,5.38,0.06506664,1.0032698065042496,EPSG:4326
780,2016,262.2,341.49518,280.88434,15.750106811523438,EPSG:4326
3763,2017,84.136345,116.41994,94.8955,7.747638702392578,EPSG:4326
6469,2018,10.296818,16.627932,12.889405,2.479773759841919,EPSG:4326
4957,2017,39.928905,50.729626,44.536415,2.0696229934692383,EPSG:4326
5472,2017,-1.9451829,4.203622,-0.038308926,0.5,EPSG:4326
2848,2016,3.334766,20.570217,5.7261763,0.7434563636779785,EPSG:4326
14061,2019,350.29596,405.64047,361.06802,6.346229553222656,EPSG:4326
8063,2020,-0.426723,12.306721,3.1262727,5.763161540031433,EPSG:4326
3957,2017,37.16259,47.7919,40.735638,1.5609245300292969,EPSG:4326
7480,2018,-0.64006007,4.227097,2.0106742,0.9671221375465393,EPSG:4326
6237,2018,24.457573,51.0187,33.33754,13.011526107788086,EPSG:4326
6294,2018,-0.20164588,8.969203,2.4630187,4.529138520359993,EPSG:4326
5948,2017,-1.0,14.12658,3.0602427,5.729151725769043,EPSG:4326
783,2016,258.37,321.0327,282.5752,35.548797607421875,EPSG:4326
6412,2018,17.819284,45.082752,29.362503,13.44027328491211,EPSG:4326
5485,2017,-1.255,3.7630665,-0.49892375,1.5976817309856415,EPSG:4326
7374,2018,-1.0204601,3.5858762,0.5243415,0.6877916343510151,EPSG:4326
6261,2018,53.583267,65.6994,57.94191,2.2639427185058594,EPSG:4326
6189,2018,28.182096,43.3088,33.564857,8.707307815551758,EPSG:4326
3482,2017,20.1407,40.737896,31.55259,0.8951072692871094,EPSG:4326
3594,2017,12.71,25.161476,19.431328,0.95977783203125,EPSG:4326
7555,2018,-0.86716014,5.2566113,0.17287476,0.30000001192092896,EPSG:4326
7337,2018,-0.86716014,16.268614,2.1620526,4.055943727493286,EPSG:4326
14059,2019,350.29596,406.26047,361.20926,6.526176452636719,EPSG:4326
7286,2018,-0.86716014,8.695207,2.775105,5.828695237636566,EPSG:4326
4035,2017,80.92629,118.24191,101.65861,11.47601318359375,EPSG:4326
6545,2018,8.369909,21.623856,14.6100235,3.616271495819092,EPSG:4326
2713,2016,17.649755,32.873547,24.105114,8.487332820892334,EPSG:4326
2694,2016,10.96422,17.092983,12.195869,0.5359458923339844,EPSG:4326
3325,2017,4.6423936,10.790681,8.492591,0.4827561378479004,EPSG:4326
3950,2017,99.14432,121.97386,108.9277,7.262702941894531,EPSG:4326
5329,2017,-0.91440177,6.4790087,0.4499444,2.6267268657684326,EPSG:4326
7656,2018,-1.0204601,5.964401,1.7809486,2.824268162250519,EPSG:4326
5975,2017,-0.24507152,200.971,52.19562,59.565805435180664,EPSG:4326
6477,2018,-1.7393278e-07,12.139854,5.750775,4.101125419139862,EPSG:4326
9766,2022,-0.6504675,9.82879,3.9879029,0.9893937110900879,EPSG:4326
4216,2017,57.92487,107.03576,71.56484,12.33979606628418,EPSG:4326
5420,2017,-1.0586264,5.28,-0.111910634,0.5487055107951164,EPSG:4326
7287,2018,-0.86716014,8.68109,1.3619653,3.2005701661109924,EPSG:4326
4554,2017,23.519396,44.669506,35.167995,8.10395860671997,EPSG:4326
14711,2019,73.01485,126.83094,81.94046,3.110898971557617,EPSG:4326
2754,2016,21.59763,35.182827,26.294783,6.547727584838867,EPSG:4326
2738,2016,13.660988,28.18318,15.122142,1.4409098625183105,EPSG:4326
7323,2018,-0.86716014,8.541439,1.2880826,3.347210943698883,EPSG:4326
7642,2018,-0.86716014,6.0233035,0.6789042,1.515535295009613,EPSG:4326
7424,2018,-0.86716014,12.176866,4.1204348,9.344156697392464,EPSG:4326
7421,2018,-0.86716014,7.875821,0.32317567,0.9483018517494202,EPSG:4326
2743,2016,13.077763,19.655106,15.6681595,2.6505680084228516,EPSG:4326
7241,2018,-0.86716014,16.532253,3.6536374,7.449259579181671,EPSG:4326
7334,2018,-0.86716014,16.268614,1.9451569,3.866014540195465,EPSG:4326
6173,2018,-0.7620015,12.208666,1.3943309,3.918196976184845,EPSG:4326
2818,2016,25.898907,42.707336,31.036715,8.60357666015625,EPSG:4326
6075,2018,-0.3678199,9.929243,0.5763099,0.06970381736755371,EPSG:4326
2736,2016,13.660988,18.670103,15.015547,1.3138916492462158,EPSG:4326
3948,2017,108.825,137.07933,119.48439,7.290561676025391,EPSG:4326
7362,2018,-1.0204601,9.780725,1.8816828,2.934797629714012,EPSG:4326
2759,2016,27.885178,47.482227,35.815815,10.703128814697266,EPSG:4326
7247,2018,-0.6644601,4.361312,1.3007182,1.3051854968070984,EPSG:4326
2744,2016,14.167427,31.460546,20.916636,9.453714370727539,EPSG:4326
8107,2020,-0.29866487,3.8446372,0.8633775,0.8124584853649139,EPSG:4326
6115,2018,31.69778,49.88699,40.478943,6.747772216796875,EPSG:4326
5836,2017,-1.4434315,79.05488,9.157467,7.516901940107346,EPSG:4326
7482,2018,-0.2651601,6.0560865,3.4897058,2.0742697715759277,EPSG:4326
2850,2016,3.3747659,20.570217,5.7737317,0.7230958938598633,EPSG:4326
2752,2016,38.555668,56.139088,46.809166,8.89663314819336,EPSG:4326
7320,2018,-0.86716014,8.027639,1.2495903,3.1730024218559265,EPSG:4326
5857,2017,1.9566574,150.61864,31.723255,29.391080379486084,EPSG:4326
14855,2019,210.7,281.75446,229.73265,18.619686126708984,EPSG:4326
7250,2018,-0.86716014,6.2425623,2.1081102,2.8051989674568176,EPSG:4326
8059,2020,-0.3635718,12.629445,2.7136927,5.905491471290588,EPSG:4326
2731,2016,15.235325,30.740875,18.20318,1.8513927459716797,EPSG:4326
4387,2017,-0.58,8.579084,1.8334438,6.215548813343048,EPSG:4326
7627,2018,-1.0204601,5.577719,0.6822196,1.5938440784811974,EPSG:4326
7526,2018,-0.86716014,7.402704,0.121931665,0.30000001192092896,EPSG:4326
7629,2018,-1.0204601,5.577719,0.71964616,1.5884543396532536,EPSG:4326
3911,2017,59.78612,95.81346,73.06175,12.801036834716797,EPSG:4326
7887,2018,38.498756,56.139088,46.747578,9.02452278137207,EPSG:4326
5477,2017,-1.255,3.7630665,-0.22149965,2.3510836362838745,EPSG:4326
7620,2018,-1.0204601,3.3618157,0.12550451,0.8979085087776184,EPSG:4326
796,2016,275.1,369.8015,303.8355,34.31883239746094,EPSG:4326
6253,2018,-0.091440186,14.501367,6.610595,6.341267466545105,EPSG:4326
3717,2017,65.04801,85.133514,73.96301,4.963462829589844,EPSG:4326
2771,2016,27.691662,40.965195,34.123207,3.8815269470214844,EPSG:4326
6474,2018,-0.91440177,8.9022,1.5965142,3.239382527768612,EPSG:4326
6138,2018,46.7653,75.95065,58.46288,11.416603088378906,EPSG:4326
5422,2017,-1.0586264,5.28,-0.099697985,0.614349577575922,EPSG:4326
7322,2018,-1.0204601,4.5462527,0.96397585,2.307177186012268,EPSG:4326
2758,2016,27.885178,47.482227,35.78528,10.680496215820312,EPSG:4326
7451,2018,-0.86716014,10.055902,0.29422337,1.3183630108833313,EPSG:4326
7518,2018,-0.86716014,7.402704,0.0533764,0.30000001192092896,EPSG:4326
2784,2016,3.334766,20.570217,5.7261763,0.7438473701477051,EPSG:4326
14932,2019,174.23003,196.3697,184.46335,2.6028289794921875,EPSG:4326
5487,2017,-1.255,6.5250072,0.066355154,1.5508040189743042,EPSG:4326
2829,2016,27.885178,49.606747,36.49823,11.0108642578125,EPSG:4326
7314,2018,-1.0204601,4.5462527,0.96397585,2.307177186012268,EPSG:4326
4868,2017,46.45203,55.433434,52.07881,1.747075080871582,EPSG:4326
5368,2017,-0.92215693,5.54,-0.25727236,0.3414096422493458,EPSG:4326
7438,2018,-0.86716014,12.839099,2.3062024,4.68612676858902,EPSG:4326
6187,2018,24.908903,40.14327,30.055977,8.902006149291992,EPSG:4326
2760,2016,27.888666,47.482227,35.957096,10.735162734985352,EPSG:4326
5918,2017,139.52393,534.4355,259.74677,81.45707702636719,EPSG:4326
7735,2018,-0.86716014,7.875821,0.29612732,0.9266812205314636,EPSG:4326
2770,2016,27.691662,41.731113,34.25292,3.8748178482055664,EPSG:4326
3996,2017,47.3,69.08725,59.61829,2.8427391052246094,EPSG:4326
4977,2017,108.825,138.84862,119.873276,7.357940673828125,EPSG:4326
5872,2017,120.330826,369.45026,181.13103,54.63992691040039,EPSG:4326
2749,2016,14.320365,20.395056,16.409676,2.0134809017181396,EPSG:4326
7312,2018,-0.86716014,7.1629977,1.2358909,3.0360615849494934,EPSG:4326
6307,2018,659.93054,975.1297,780.07416,143.8677520751953,EPSG:4326
6511,2018,-8.926744e-06,10.860223,3.313443,7.157273292541504,EPSG:4326
2851,2016,3.6675663,18.59505,12.580676,4.273191213607788,EPSG:4326
2542,2016,20.196745,32.895782,25.218544,4.871817111968994,EPSG:4326
14062,2019,350.29596,405.0725,360.94748,6.21368408203125,EPSG:4326
6097,2018,-0.3321961,10.374944,3.313427,7.7766543328762054,EPSG:4326
3719,2017,63.35974,91.814926,75.66844,9.709224700927734,EPSG:4326
3753,2017,62.81,92.6649,78.5623,11.279607772827148,EPSG:4326
7380,2018,-0.86716014,4.6928396,-0.115152955,0.30000001192092896,EPSG:4326
6241,2018,18.608076,29.319614,23.532887,2.072977066040039,EPSG:4326
4052,2017,60.20496,80.49839,71.13981,4.644065856933594,EPSG:4326
8074,2020,-0.5342447,3.4667752,0.4186585,0.4091702923178673,EPSG:4326
7453,2018,-0.86716014,5.5325303,0.052405734,0.30000001192092896,EPSG:4326
7373,2018,-1.0204601,3.5858762,0.5376709,0.6769261881709099,EPSG:4326
5830,2017,68.15789,287.1517,129.7681,45.94137001037598,EPSG:4326
5486,2017,-1.255,8.144998,0.661023,3.0915571451187134,EPSG:4326
7394,2018,-0.86716014,13.244795,3.9787965,9.046202480793,EPSG:4326
3494,2017,11.043,24.978777,21.35595,0.832310676574707,EPSG:4326
2769,2016,27.697254,41.731113,34.264908,3.882631301879883,EPSG:4326
4386,2017,-0.58,8.579084,1.8334438,6.215548813343048,EPSG:4326
6301,2018,37.581146,101.88046,74.25301,31.53178119659424,EPSG:4326
9767,2022,-0.6504675,9.82879,3.993315,0.9875058531761169,EPSG:4326
6588,2018,2.3177352,15.834746,12.119672,1.307708740234375,EPSG:4326
6267,2018,19.96223,36.073677,26.575134,4.279087066650391,EPSG:4326
2816,2016,25.898907,47.266212,33.97693,11.633171081542969,EPSG:4326
3715,2017,65.04801,85.133514,73.96301,4.963462829589844,EPSG:4326
2705,2016,28.888369,44.80976,35.05028,9.609066009521484,EPSG:4326
7440,2018,-0.86716014,4.6928396,-0.050727565,0.30000001192092896,EPSG:4326
7481,2018,-0.2651601,4.7227416,2.6392953,1.4691331386566162,EPSG:4326
4358,2017,6.751,18.296164,13.861525,1.2733516693115234,EPSG:4326
2849,2016,3.5341778,20.570217,5.7690926,0.7148938179016113,EPSG:4326
6646,2018,-9.1507167e-07,15.81303,10.770143,4.871981620788574,EPSG:4326
2753,2016,28.887732,44.699574,34.68437,9.280142784118652,EPSG:4326
7654,2018,-0.86716014,4.481248,0.54137945,1.6716880798339844,EPSG:4326
7556,2018,-0.86716014,5.2566113,0.15112096,0.30000001192092896,EPSG:4326
14708,2019,73.01485,126.83094,82.028404,3.100574493408203,EPSG:4326
2528,2016,13.98198,30.390478,18.86964,9.021970748901367,EPSG:4326
5479,2017,-1.255,8.552471,0.17074731,2.899999976158142,EPSG:4326
3571,2017,16.45,33.638245,26.405167,1.4607796669006348,EPSG:4326
7292,2018,-0.86716014,8.687256,2.6987016,5.4771464467048645,EPSG:4326
3956,2017,37.17158,47.795074,40.789158,1.6032028198242188,EPSG:4326
3271,2017,11.787327,29.445435,23.453234,8.330564022064209,EPSG:4326
2496,2016,13.947069,29.372227,18.136286,3.4005889892578125,EPSG:4326
4385,2017,-0.9257983,9.252069,3.0083878,6.843527019023895,EPSG:4326
6665,2018,-0.22330065,9.295168,0.69463253,0.24730437994003296,EPSG:4326
7300,2018,-0.86716014,8.659225,1.9668689,4.588330924510956,EPSG:4326
5470,2017,-2.851957,2.3837876,-0.14992207,0.6866407170891762,EPSG:4326
4383,2017,-0.10478076,9.779,4.5641203,7.429553508758545,EPSG:4326
3266,2017,7.9315515,23.143883,17.608309,8.148693323135376,EPSG:4326
2716,2016,17.713518,32.873547,23.666378,8.742679595947266,EPSG:4326
7462,2018,-1.0204601,5.577719,0.6228087,1.4963452704250813,EPSG:4326
5896,2017,115.59999,453.49658,182.2344,58.26899337768555,EPSG:4326
7313,2018,-1.0204601,4.5462527,0.96397585,2.307177186012268,EPSG:4326
6284,2018,-0.33920655,11.919051,6.059352,4.45987606048584,EPSG:4326
5807,2017,-1.0,14.12658,2.7822244,5.278994083404541,EPSG:4326
14693,2019,71.31931,77.84052,73.6312,1.687713623046875,EPSG:4326
3721,2017,54.663425,62.446144,58.634655,2.5869979858398438,EPSG:4326
2868,2016,20.35803,32.342316,24.653852,6.638245105743408,EPSG:4326
7465,2018,-0.86716014,8.659225,1.7440021,4.290864288806915,EPSG:4326
6166,2018,24.908903,39.16925,28.7104,6.442438125610352,EPSG:4326
6270,2018,47.814068,66.01271,53.083538,8.109589576721191,EPSG:4326
14928,2019,119.2,164.83435,135.73727,15.833263397216797,EPSG:4326
7476,2018,-1.0204601,2.7112348,0.0009962159,0.7419230937957764,EPSG:4326
7549,2018,-0.86716014,4.7901783,-0.03948901,0.3006911873817444,EPSG:4326
5447,2017,-1.1654576,8.186387,-0.08550188,0.7229883819818497,EPSG:4326
2780,2016,20.07901,33.030437,24.037495,6.152338027954102,EPSG:4326
3740,2017,17.777082,27.967918,25.678505,1.4959678649902344,EPSG:4326
2767,2016,27.670532,41.36587,34.053574,3.894054412841797,EPSG:4326
2761,2016,27.885178,49.606747,36.497833,11.010588645935059,EPSG:4326
7630,2018,-1.0204601,5.577719,0.711724,1.5825167894363403,EPSG:4326
6244,2018,0.26418898,13.947908,7.792331,2.2595367431640625,EPSG:4326
778,2016,239.86,309.15887,258.44577,24.001182556152344,EPSG:4326
7316,2018,-1.0204601,4.5462527,0.96397585,2.307177186012268,EPSG:4326
7420,2018,-0.86716014,7.875821,0.32317567,0.9483018517494202,EPSG:4326
6256,2018,-0.48768097,17.427244,6.315817,6.219449996948242,EPSG:4326
7472,2018,-1.0204601,4.501017,0.9368839,1.989653641358018,EPSG:4326
7594,2018,-0.959424,6.843209,1.7161849,2.5621733963489532,EPSG:4326
7711,2018,-1.0655601,2.8469832,-0.07214632,0.3005882445140742,EPSG:4326
6239,2018,56.296124,72.6236,62.399563,5.865817070007324,EPSG:4326
7603,2018,-0.959424,6.8362603,1.7367349,2.5300386771559715,EPSG:4326
6499,2018,-0.021815863,12.063671,3.1194084,6.843106985092163,EPSG:4326
7471,2018,-1.0204601,4.4241195,0.74686754,1.7482636757194996,EPSG:4326
7667,2018,-1.0204601,4.5462527,1.1053903,1.7791576087474823,EPSG:4326
3484,2017,18.018,40.05119,30.153639,0.8939857482910156,EPSG:4326
4390,2017,-2.4092257,37.594265,3.2502525,5.7962533831596375,EPSG:4326
6543,2018,2.7762794,21.623856,13.23534,3.569502592086792,EPSG:4326
7279,2018,-0.86716014,9.324547,2.964067,6.105101138353348,EPSG:4326
7331,2018,-0.86716014,16.268614,1.3368443,3.059540569782257,EPSG:4326
7626,2018,-1.0204601,5.577719,0.6822196,1.5938440784811974,EPSG:4326
6359,2018,75.37638,99.321,83.51298,9.868432998657227,EPSG:4326
8079,2020,-0.2634491,2.813199,0.2732926,0.2602950558066368,EPSG:4326
7443,2018,-0.86716014,13.625648,2.543146,4.967612398904748,EPSG:4326
7243,2018,-0.86716014,7.8829517,2.305555,3.239444315433502,EPSG:4326
3640,2017,14.650698,24.404398,20.115555,0.6899185180664062,EPSG:4326
7676,2018,-1.0655601,4.868581,1.78187,1.7394374012947083,EPSG:4326
3197,2017,-0.154,5.763353,1.3762525,0.7786154747009277,EPSG:4326
7829,2020,10.901716,19.679407,15.2246275,4.935964584350586,EPSG:4326
3575,2017,16.45,34.18406,28.120716,4.446409702301025,EPSG:4326
15105,2019,179.18922,218.76947,188.44649,1.4313011169433594,EPSG:4326
6524,2018,-0.32612908,10.349322,2.795304,5.705369591712952,EPSG:4326
5358,2017,-1.0586264,14.05155,0.05261982,0.5491966009140015,EPSG:4326
3592,2017,13.01,25.141285,19.945631,2.008650302886963,EPSG:4326
4872,2017,44.378853,49.421883,47.301594,0.9662837982177734,EPSG:4326
6432,2018,55.752453,60.804234,58.373646,1.360198974609375,EPSG:4326
6530,2018,-0.33005738,4.1937847,0.28934708,0.24750851094731657,EPSG:4326
5417,2017,-1.0882527,5.0155845,-0.12452063,0.5199999995529652,EPSG:4326
4548,2017,16.35,39.959312,28.195267,3.322023391723633,EPSG:4326
3193,2017,-0.07038774,5.4008713,2.0298986,1.150100290775299,EPSG:4326
9594,2022,-1.2550001,2.932872,-0.5215389,1.418495386838913,EPSG:4326
7613,2018,-0.86716014,5.5325303,0.06577744,0.30000001192092896,EPSG:4326
3476,2017,23.3557,38.64922,34.511417,1.4675912857055664,EPSG:4326
7310,2018,-1.0204601,5.0493326,1.8783597,1.3678361773490906,EPSG:4326
5968,2017,4.4722724,146.50996,39.134,46.43374514579773,EPSG:4326
7675,2018,-1.0655601,4.868581,1.4936426,1.5047738403081894,EPSG:4326
792,2016,269.88,337.5557,290.98557,27.286598205566406,EPSG:4326
3963,2017,50.778996,76.23876,61.080246,3.0105772018432617,EPSG:4326
3485,2017,18.0175,40.05119,29.985987,0.8155632019042969,EPSG:4326
7547,2018,-0.86716014,5.208632,0.15738323,0.30000001192092896,EPSG:4326
7426,2018,-0.86716014,12.176866,3.9759696,9.065810978412628,EPSG:4326
7478,2018,-0.86716014,4.2914596,0.058135483,0.30000001192092896,EPSG:4326
7349,2018,-0.86716014,17.205423,2.53046,4.952677395152477,EPSG:4326
2508,2016,13.871475,28.18318,16.86442,1.6502914428710938,EPSG:4326
3196,2017,-0.154,5.763353,1.3762525,0.7786154747009277,EPSG:4326
2822,2016,10.922566,17.092983,12.445327,0.9296066761016846,EPSG:4326
7249,2018,-0.86716014,6.2425623,2.1081102,2.8051989674568176,EPSG:4326
7601,2018,-0.959424,6.8085046,1.7043219,2.421263426542282,EPSG:4326
789,2016,258.37,320.33804,282.6663,35.95671081542969,EPSG:4326
3764,2017,84.136345,116.50246,94.95568,7.872955322265625,EPSG:4326
7347,2018,-1.0204601,2.7112348,0.35201505,1.5807560086250305,EPSG:4326
6551,2018,2.6545305,22.73261,14.139024,4.152789115905762,EPSG:4326
3205,2017,-0.093,5.627,2.0147038,0.3069291114807129,EPSG:4326
8069,2020,-1.2344601,9.441269,1.0535173,1.6841287314891815,EPSG:4326
2730,2016,15.235325,30.680876,18.19172,1.820812702178955,EPSG:4326
7669,2018,-1.0655601,5.0193796,1.1976333,0.8630156219005585,EPSG:4326
3262,2017,0.24492638,16.463953,13.070517,1.7460389137268066,EPSG:4326
4106,2017,46.474487,66.43063,56.42596,4.849647521972656,EPSG:4326
5831,2017,66.03498,257.24963,130.93709,47.38095664978027,EPSG:4326
4538,2017,-0.31,12.890075,2.4752662,3.5265669226646423,EPSG:4326
6532,2018,-5.511734e-06,14.230901,2.4195626,5.070956230163574,EPSG:4326
7427,2018,-0.86716014,12.176866,3.9759696,9.065810978412628,EPSG:4326
15110,2019,182.90753,204.44594,194.2481,3.0902557373046875,EPSG:4326
15101,2019,179.07175,200.2616,187.80055,1.4746780395507812,EPSG:4326
4282,2017,30.938522,39.121044,36.22169,2.016986846923828,EPSG:4326
7437,2018,-0.86716014,12.839099,2.3062024,4.68612676858902,EPSG:4326
4866,2017,48.625046,58.00169,54.28657,2.263813018798828,EPSG:4326
8068,2020,-1.24966,9.565512,1.814597,4.0355048179626465,EPSG:4326
7239,2018,-0.86716014,14.05212,2.0494812,3.4106573909521103,EPSG:4326
7296,2018,-1.2152601,1.8535724,0.6591416,0.32748088240623474,EPSG:4326
6541,2018,2.0596259,20.693819,13.016072,3.6774442195892334,EPSG:4326
2847,2016,3.334766,20.570217,5.726,0.7438349723815918,EPSG:4326
7369,2018,-1.0204601,4.496323,0.7188721,1.859043151140213,EPSG:4326
6538,2018,8.211287,18.505186,13.533906,3.155914306640625,EPSG:4326
7321,2018,-0.86716014,16.268614,2.385365,3.6720818877220154,EPSG:4326
6260,2018,-0.091440186,14.501367,5.5677648,4.665130376815796,EPSG:4326
2762,2016,29.516102,47.35189,36.77175,9.988176345825195,EPSG:4326
2728,2016,15.235325,31.309923,18.445765,2.6285958290100098,EPSG:4326
7223,2018,-1.0667601,3.5797257,0.9517441,0.5569783747196198,EPSG:4326
3265,2017,7.9315515,23.123882,17.501602,8.142253398895264,EPSG:4326
4359,2017,6.751,18.296164,13.861525,1.2733516693115234,EPSG:4326
6332,2018,53.25303,74.47568,62.85241,10.513525009155273,EPSG:4326
5967,2017,2.9365866,146.50996,33.458965,41.13051795959473,EPSG:4326
3212,2017,2.1696296,9.122474,6.1518617,0.7489314079284668,EPSG:4326
6651,2018,66.95856,136.76588,95.06289,23.490516662597656,EPSG:4326
7486,2018,-1.0204601,2.7112348,-0.0032923422,0.7151386737823486,EPSG:4326
7335,2018,-0.86716014,16.268614,2.1620526,4.055943727493286,EPSG:4326
2824,2016,11.408176,31.445066,14.842584,1.253288984298706,EPSG:4326
3732,2017,25.062908,38.632385,33.5584,2.4692211151123047,EPSG:4326
3971,2017,75.591415,113.92203,100.48574,9.377933502197266,EPSG:4326
6251,2018,1.8959429,16.451694,10.586363,3.160874605178833,EPSG:4326
3722,2017,64.52,135.47188,90.9192,32.11087226867676,EPSG:4326
3783,2017,76.5504,115.16216,94.77218,14.115730285644531,EPSG:4326
797,2016,269.88,337.5557,290.98557,27.286598205566406,EPSG:4326
7217,2018,-0.60956013,6.7892895,0.07730701,1.3175808042287827,EPSG:4326
4871,2017,44.378853,49.39162,47.24458,1.0174312591552734,EPSG:4326
5880,2017,-1.4821221,64.764946,2.3587534,2.889742612838745,EPSG:4326
7327,2018,-1.0204601,4.5462527,0.6214582,1.6541975438594818,EPSG:4326
4363,2017,6.751,18.296164,13.6545725,1.799588680267334,EPSG:4326
5809,2017,62.947334,257.24963,135.95897,61.040035247802734,EPSG:4326
5384,2017,-1.5,2.1,-0.14287537,0.13621467351913452,EPSG:4326
2776,2016,20.391287,32.342316,24.544472,6.546069622039795,EPSG:4326
7475,2018,-1.0204601,5.330806,0.91639394,1.9398874677717686,EPSG:4326
6563,2018,-0.32612908,11.385041,3.153042,6.583005428314209,EPSG:4326
3953,2017,93.71738,132.48088,111.251526,17.33941078186035,EPSG:4326
4873,2017,37.43149,43.934483,41.43498,1.59820556640625,EPSG:4326
7233,2018,-0.86716014,14.05212,2.1015656,3.4436801373958588,EPSG:4326
7470,2018,-1.0204601,4.4241195,0.74686754,1.7482636757194996,EPSG:4326
3488,2017,26.259409,45.132214,29.38312,1.0486946105957031,EPSG:4326
4874,2017,37.572586,43.695484,41.513958,1.2404403686523438,EPSG:4326
2820,2016,25.898907,46.806213,33.82958,11.547659397125244,EPSG:4326
7638,2018,-0.86716014,5.061192,0.42768124,1.5338348746299744,EPSG:4326
6229,2018,-0.7620015,12.873016,4.122002,7.82132407464087,EPSG:4326
7561,2018,-0.86716014,5.5110674,0.18153046,0.30000001192092896,EPSG:4326
5887,2017,1.7701421,153.73566,19.282248,8.566693782806396,EPSG:4326
777,2016,247.36392,327.18393,267.3981,16.960205078125,EPSG:4326
2774,2016,27.670532,40.965195,34.03664,3.8783740997314453,EPSG:4326
3945,2017,89.517586,117.55095,100.61996,8.523107528686523,EPSG:4326
2555,2016,20.79431,35.697803,26.67216,5.060850143432617,EPSG:4326
3587,2017,16.6,35.661373,27.433302,4.914895534515381,EPSG:4326
6088,2018,5.8453784,24.77695,14.15162,13.37731409072876,EPSG:4326
7636,2018,-0.86716014,6.0233035,0.8491304,1.935136318206787,EPSG:4326
7673,2018,-1.0655601,4.868581,0.94366527,0.6665912568569183,EPSG:4326
5500,2017,-1.5,4.826256,-1.2054765,0.0,EPSG:4326
6658,2018,-0.015177267,9.424879,3.0936239,6.624057769775391,EPSG:4326
7236,2018,-0.86716014,16.532253,3.1683764,6.704472839832306,EPSG:4326
4549,2017,16.35,39.959312,28.195267,3.322023391723633,EPSG:4326
3618,2017,-0.26,11.354142,2.4611554,1.9769104719161987,EPSG:4326
4268,2017,47.096962,53.50235,50.382267,1.5350074768066406,EPSG:4326
4215,2017,57.92487,107.03576,71.56484,12.33979606628418,EPSG:4326
5492,2017,-1.255,7.125,-0.14792664,2.6200027763843536,EPSG:4326
7422,2018,-0.86716014,12.176866,4.1204348,9.344156697392464,EPSG:4326
7328,2018,-0.86716014,8.541439,1.2880826,3.347210943698883,EPSG:4326
7611,2018,-1.0204601,6.2904043,2.2469807,3.017378568649292,EPSG:4326
7466,2018,-1.0204601,5.577719,0.6613786,1.5195583626627922,EPSG:4326
2741,2016,14.078309,33.741104,22.086973,2.674886703491211,EPSG:4326
2814,2016,27.074318,47.482227,30.637527,4.619976043701172,EPSG:4326
3752,2017,62.81,95.146675,78.881454,11.451698303222656,EPSG:4326
7597,2018,-0.959424,6.843209,1.7025121,2.5213140919804573,EPSG:4326
5853,2017,-0.084,21.107927,4.3345532,3.2373573184013367,EPSG:4326
3595,2017,11.146758,24.847448,19.206924,1.413374423980713,EPSG:4326
5435,2017,-0.65863854,5.62,-0.1991593,0.5,EPSG:4326
5453,2017,-1.255,3.8949862,0.35877022,2.5525117218494415,EPSG:4326
5271,2017,-1.255,6.5250072,-0.23504959,1.7809916138648987,EPSG:4326
5954,2017,0.23908623,16.077862,2.820511,3.21766859292984,EPSG:4326
4391,2017,-2.4092257,37.594265,3.2581265,5.829703748226166,EPSG:4326
7301,2018,-0.86716014,4.045243,1.204394,1.284568890929222,EPSG:4326
5421,2017,-0.6813129,3.4937704,-0.1638369,0.5,EPSG:4326
4867,2017,46.576782,55.462467,52.14802,1.7689895629882812,EPSG:4326
7403,2018,-0.86716014,4.6137834,0.036877573,0.30000001192092896,EPSG:4326
5889,2017,1.908931,148.49864,28.806007,26.381559371948242,EPSG:4326
4032,2017,76.34734,109.75153,90.22667,12.684682846069336,EPSG:4326
2844,2016,14.0983095,33.741104,22.087458,2.538792610168457,EPSG:4326
6411,2018,18.4568,45.63966,29.990492,14.878557682037354,EPSG:4326
3201,2017,0.19773002,4.0,1.7794217,1.2748544216156006,EPSG:4326
6098,2018,24.3293,52.385338,36.00068,8.320686340332031,EPSG:4326
8113,2020,-0.99,2.66,-0.04806562,1.6016989946365356,EPSG:4326
3728,2017,68.426605,117.23823,86.88779,14.60396957397461,EPSG:4326
6245,2018,43.14757,55.88062,46.712357,1.4350805282592773,EPSG:4326
6377,2018,-0.32871297,12.255696,3.5121014,8.31867079436779,EPSG:4326
7732,2018,-0.86716014,4.640627,0.2724505,1.1903038024902344,EPSG:4326
15134,2019,179.18922,211.0311,188.84395,2.7208633422851562,EPSG:4326
7637,2018,-0.86716014,4.481248,0.55624306,1.6985575556755066,EPSG:4326
4276,2017,40.132793,46.329647,43.70292,1.2211341857910156,EPSG:4326
14064,2019,350.29596,407.12048,361.4098,6.782539367675781,EPSG:4326
6669,2018,6.29689,24.875315,14.882953,12.716492652893066,EPSG:4326
6224,2018,-4.707443e-07,16.507704,2.4359822,3.472333312034607,EPSG:4326
7231,2018,-1.1186601,5.2427034,-0.18193279,1.6551390886306763,EPSG:4326
8085,2020,-0.37,4.994072,0.9294915,2.5000001192092896,EPSG:4326
7246,2018,-0.86716014,8.426655,2.1618211,3.1750614941120148,EPSG:4326
5940,2017,21.243397,226.08194,63.228477,49.16317176818848,EPSG:4326
7614,2018,-0.86716014,5.5325303,0.17312759,0.3001639479334699,EPSG:4326
14720,2019,70.14,87.984116,76.810326,2.371826171875,EPSG:4326
2842,2016,14.0983095,33.741104,22.088367,2.5346808433532715,EPSG:4326
787,2016,258.37,320.33804,282.6663,35.95671081542969,EPSG:4326
6357,2018,81.78232,120.14706,98.133644,16.166929244995117,EPSG:4326
7457,2018,-0.86716014,11.190871,0.11203765,0.30000001192092896,EPSG:4326
4384,2017,-0.048748046,8.575626,3.4681458,6.785095572471619,EPSG:4326
6448,2018,3.0698292,14.850936,8.632722,4.883187174797058,EPSG:4326
7474,2018,-1.0204601,5.330806,0.91639394,1.9398874677717686,EPSG:4326
6513,2018,-1.2004158e-05,10.970959,2.8242745,6.654719352722168,EPSG:4326
7418,2018,-0.86716014,7.875821,0.2576301,0.8837504684925079,EPSG:4326
7240,2018,-0.86716014,11.502701,2.211945,3.1949252486228943,EPSG:4326
8053,2020,-0.705,3.9810812,0.71873957,0.6786584556102753,EPSG:4326
7404,2018,-0.86716014,5.636593,0.06952513,0.6095742285251617,EPSG:4326
3723,2017,54.65968,62.446144,58.563843,2.5597877502441406,EPSG:4326
5837,2017,-1.4434315,79.05488,10.656379,10.23353910446167,EPSG:4326
7658,2018,-1.0204601,5.915517,1.7760576,2.8180288076400757,EPSG:4326
7317,2018,-1.0204601,4.5462527,0.96397585,2.307177186012268,EPSG:4326
6240,2018,57.317394,77.68078,67.26719,2.707071304321289,EPSG:4326
3328,2017,16.62246,27.674389,24.89699,0.6819338798522949,EPSG:4326
6345,2018,-0.11317026,9.385038,4.5918474,2.6095060110092163,EPSG:4326
3270,2017,11.787327,29.445435,23.453234,8.330564022064209,EPSG:4326
5490,2017,-1.255,6.5250072,-0.34328768,1.747204303741455,EPSG:4326
7632,2018,-1.0204601,6.2904043,1.9951601,2.897315263748169,EPSG:4326
7412,2018,-0.86716014,6.910854,0.17355265,0.8220615386962891,EPSG:4326
5362,2017,-2.0694811,5.98,0.3981458,1.3947278559207916,EPSG:4326
6159,2018,2.110114,19.634628,6.543107,4.400289416313171,EPSG:4326
7666,2018,-1.0204601,4.5462527,0.7574303,1.8179816603660583,EPSG:4326
6639,2018,8.23235,19.869833,13.027653,0.9045760631561279,EPSG:4326
7625,2018,-1.0204601,3.1512706,-0.045285776,0.3595398813486099,EPSG:4326
3967,2017,47.390003,69.229675,59.71171,2.0632476806640625,EPSG:4326
6512,2018,-1.2134256e-05,11.486892,3.4851928,7.714548826217651,EPSG:4326
4371,2017,1.968,11.007695,8.262029,1.5779075622558594,EPSG:4326
14011,2019,299.31705,304.10217,300.8253,1.0389022827148438,EPSG:4326
4499,2017,13.91,56.344906,31.368044,15.10767650604248,EPSG:4326
5933,2017,20.340729,220.73555,59.29048,45.05169486999512,EPSG:4326
7226,2018,-0.86716014,14.05212,1.9887601,3.451825737953186,EPSG:4326
3570,2017,16.45,33.638245,26.405167,1.4607796669006348,EPSG:4326
7330,2018,-1.0204601,4.5462527,0.5622936,1.5267831683158875,EPSG:4326
4374,2017,6.099693,24.254751,8.544511,2.3232650756835938,EPSG:4326
2804,2016,74.93006,117.13492,94.69883,17.972442626953125,EPSG:4326
4364,2017,7.55,23.179893,11.293125,6.522554397583008,EPSG:4326
772,2016,247.40393,327.18393,267.4333,17.390613555908203,EPSG:4326
2809,2016,26.879963,47.482227,31.030148,5.545248031616211,EPSG:4326
4002,2017,47.3,71.65325,58.510517,3.375537872314453,EPSG:4326
7338,2018,-0.98386014,8.504244,1.614399,2.0295206904411316,EPSG:4326
5467,2017,-2.2677135,5.54,-0.24503008,0.4947058828547597,EPSG:4326
2777,2016,20.350319,32.342316,24.45066,6.487915515899658,EPSG:4326
5351,2017,-1.012568,3.1405344,0.01719379,0.46928379591554403,EPSG:4326
5844,2017,-0.3562,41.716698,3.5407782,2.0077805519104004,EPSG:4326
8058,2020,-0.3635718,12.629445,2.7136927,5.905491471290588,EPSG:4326
7280,2018,-0.86716014,9.324547,2.9309764,5.995944797992706,EPSG:4326
2695,2016,10.922566,17.092983,12.445239,0.9290132522583008,EPSG:4326
5465,2017,-1.7287673,3.64,-0.047210526,0.678220808506012,EPSG:4326
7346,2018,-1.0204601,2.7112348,0.35201505,1.5807560086250305,EPSG:4326
776,2016,247.40393,327.18393,267.4333,17.390613555908203,EPSG:4326
5419,2017,-0.6813129,3.72462,-0.17217912,0.5,EPSG:4326
7419,2018,-0.86716014,7.875821,0.2971847,0.9289026707410812,EPSG:4326
7309,2018,-0.86716014,15.70007,1.1092122,2.2684424966573715,EPSG:4326
3573,2017,16.45,34.18406,28.120716,4.446409702301025,EPSG:4326
6386,2018,-0.2351353,6.607405,1.4636542,3.050785630941391,EPSG:4326
7252,2018,-0.86716014,16.532253,3.941349,8.006217658519745,EPSG:4326
4862,2017,62.646015,84.501724,74.44621,7.8752288818359375,EPSG:4326
6254,2018,-0.7620015,10.874154,1.9759895,5.621991753578186,EPSG:4326
4498,2017,13.91,56.344906,31.368044,15.10767650604248,EPSG:4326
3264,2017,0.24341117,16.463953,13.062953,1.736687183380127,EPSG:4326
4870,2017,45.260223,55.296806,51.2963,2.4307632446289062,EPSG:4326
3487,2017,26.259409,45.132214,29.38312,1.0486946105957031,EPSG:4326
7431,2018,-0.86716014,12.176866,4.040551,9.187114536762238,EPSG:4326
7361,2018,-1.0204601,9.780725,1.8816828,2.934797629714012,EPSG:4326
6670,2018,-1.2192024,11.884124,1.4594858,2.316359892487526,EPSG:4326
7692,2018,-0.86716014,4.640627,0.27487814,1.1928405612707138,EPSG:4326
5493,2017,-1.255,6.768174,0.5107523,2.903624415397644,EPSG:4326
7463,2018,-0.86716014,8.659225,1.7440021,4.290864288806915,EPSG:4326
7262,2018,-1.0204601,5.577719,0.58968997,1.4977831840515137,EPSG:4326
2500,2016,13.63609,23.092634,14.933547,1.3843631744384766,EPSG:4326
3489,2017,24.543383,31.738083,29.41513,0.8453621864318848,EPSG:4326
782,2016,258.37,320.33804,282.6663,35.95671081542969,EPSG:4326
7221,2018,-0.60956013,9.257108,0.02995559,0.6852464079856873,EPSG:4326
5801,2017,-0.7624624,9.232409,0.8906867,1.4816217422485352,EPSG:4326
4876,2017,34.08231,40.890217,37.99305,2.265899658203125,EPSG:4326
7271,2018,-0.86716014,9.89259,1.568121,3.4058170914649963,EPSG:4326
9602,2022,-1.2550001,2.932872,-0.5476222,1.4000000059604645,EPSG:4326
4493,2017,36.693653,62.22267,51.77207,6.679769515991211,EPSG:4326
5363,2017,-2.0694811,5.98,0.3981458,1.3947278559207916,EPSG:4326
5310,2017,-0.9,7.0285983,0.35823464,2.4213407039642334,EPSG:4326
6655,2018,-0.075967975,10.466701,3.015158,6.8044304847717285,EPSG:4326
7670,2018,-1.0655601,5.5593796,1.2125573,0.8654936999082565,EPSG:4326
7830,2020,10.901716,19.679407,15.2246275,4.935964584350586,EPSG:4326
6140,2018,46.825302,75.95065,58.72372,11.633298873901367,EPSG:4326
4264,2017,48.625046,58.00169,54.28657,2.263813018798828,EPSG:4326
5878,2017,120.330826,369.45026,180.41586,52.73259353637695,EPSG:4326
14023,2019,361.01782,395.02948,371.20215,6.839241027832031,EPSG:4326
2690,2016,33.465336,51.620457,41.37219,11.091952323913574,EPSG:4326
3598,2017,11.62,24.596096,18.676838,2.046422004699707,EPSG:4326
7889,2018,38.75504,56.139088,47.01334,9.0702486038208,EPSG:4326
6100,2018,23.910751,51.86546,43.12255,6.727991104125977,EPSG:4326
6476,2018,-0.7620015,11.365648,2.3627846,5.282882809638977,EPSG:4326
5838,2017,-1.63,56.740936,5.087198,2.086446762084961,EPSG:4326
7299,2018,-0.86716014,4.3597827,1.6949776,1.9409237951040268,EPSG:4326
3583,2017,69.03934,98.714294,79.62133,6.266700744628906,EPSG:4326
4382,2017,-0.29151604,10.193353,2.9924486,7.821616172790527,EPSG:4326
5881,2017,-1.63,25.964508,1.5422692,2.368026912212372,EPSG:4326
5483,2017,-1.255,3.8949862,0.64308774,2.065595030784607,EPSG:4326
7455,2018,-0.6644601,9.78069,1.7520516,1.345133975148201,EPSG:4326
4279,2017,36.29743,42.38972,40.389168,0.9739961624145508,EPSG:4326
5974,2017,10.098,269.73172,107.85163,160.48731899261475,EPSG:4326
14021,2019,361.01782,396.98523,371.15894,6.888084411621094,EPSG:4326
6046,2018,20.15415,39.106842,25.539383,1.889547348022461,EPSG:4326
6094,2018,23.567183,47.18212,31.914516,7.7200212478637695,EPSG:4326
2714,2016,17.649755,32.873547,24.083616,8.475512027740479,EPSG:4326
2821,2016,10.922566,17.092983,12.445257,0.9291763305664062,EPSG:4326
5898,2017,130.14021,521.21466,219.46324,76.19525146484375,EPSG:4326
6649,2018,55.033916,84.73271,65.037155,10.598723411560059,EPSG:4326
4269,2017,47.096962,53.50235,50.40939,1.5422286987304688,EPSG:4326
2756,2016,21.823658,34.831604,26.62906,7.035265922546387,EPSG:4326
3961,2017,50.778996,75.2488,60.558613,2.721832275390625,EPSG:4326
6073,2018,-0.7620015,5.8709335,0.62073874,2.8875942826271057,EPSG:4326
4875,2017,34.08231,40.890217,37.99305,2.265899658203125,EPSG:4326
6268,2018,47.814068,66.01271,53.083538,8.109589576721191,EPSG:4326
14692,2019,71.31931,77.84052,73.6312,1.687713623046875,EPSG:4326
7446,2018,-0.86716014,5.1069007,0.035407666,0.30600520968437195,EPSG:4326
5855,2017,-0.214,21.107927,5.8052564,6.275837421417236,EPSG:4326
3962,2017,95.78979,131.75696,113.1692,15.707788467407227,EPSG:4326
3202,2017,-9.060642,38.92291,3.4197035,1.3320215940475464,EPSG:4326
7890,2018,38.73268,56.139088,46.98815,9.057297706604004,EPSG:4326
5817,2017,59.055885,257.24963,135.04457,63.47316551208496,EPSG:4326
6232,2018,-0.5344225,6.1555243,0.22834015,0.07900127023458481,EPSG:4326
6271,2018,45.902973,63.64431,50.869427,5.235881805419922,EPSG:4326
3958,2017,53.62,109.52021,94.111755,10.381139755249023,EPSG:4326
2811,2016,27.152153,47.541916,33.660976,10.392224311828613,EPSG:4326
3968,2017,76.48106,105.11224,88.38876,10.742517471313477,EPSG:4326
6243,2018,46.41245,55.075504,50.927837,4.091434478759766,EPSG:4326
7433,2018,-0.86716014,12.176866,4.040551,9.187114536762238,EPSG:4326
6648,2018,80.66738,153.30907,111.29865,23.7622127532959,EPSG:4326
7272,2018,-0.86716014,9.89259,1.568121,3.4058170914649963,EPSG:4326
5946,2017,19.495998,219.02487,53.13221,34.634482860565186,EPSG:4326
7516,2018,-0.86716014,7.402704,0.0014072421,0.30000001192092896,EPSG:4326
6257,2018,53.583267,65.6994,57.85138,2.152054786682129,EPSG:4326
2755,2016,21.566732,35.182827,26.171417,6.468116283416748,EPSG:4326
7319,2018,-0.86716014,16.268614,2.385365,3.6720818877220154,EPSG:4326
6103,2018,27.846455,54.670696,48.691807,5.182095527648926,EPSG:4326
6101,2018,23.910751,51.72546,42.563873,6.615602493286133,EPSG:4326
2544,2016,19.546064,33.095688,24.490248,5.992589473724365,EPSG:4326
2790,2016,3.5957384,18.59505,12.524509,4.275216102600098,EPSG:4326
3699,2017,73.72989,90.28805,83.3337,4.636127471923828,EPSG:4326
3872,2017,34.8467,44.177612,41.849,1.2630729675292969,EPSG:4326
2691,2016,35.919514,51.458694,44.0818,8.555678367614746,EPSG:4326
788,2016,258.37,320.33804,282.6663,35.95671081542969,EPSG:4326
7634,2018,-0.86716014,6.0233035,0.68777966,1.6975519880652428,EPSG:4326
3733,2017,28.57915,39.154984,36.589638,1.8120193481445312,EPSG:4326
8075,2020,-0.16159664,3.0248046,0.3696002,0.3541700839996338,EPSG:4326
2865,2016,20.420866,32.342316,24.563692,6.55763053894043,EPSG:4326
3593,2017,13.01,25.141285,19.945631,2.008650302886963,EPSG:4326
2817,2016,25.898907,46.466682,32.987766,10.504459381103516,EPSG:4326
7439,2018,-0.86716014,4.6928396,-0.054767612,0.30000001192092896,EPSG:4326
7353,2018,-0.86716014,17.205423,2.8181226,5.872825309634209,EPSG:4326
7699,2018,-1.0204601,3.0904653,0.45057577,1.2280436754226685,EPSG:4326
6361,2018,65.684875,91.197044,76.497536,11.641456604003906,EPSG:4326
3596,2017,11.146758,24.847448,19.206924,1.413374423980713,EPSG:4326
6657,2018,-0.30207366,11.385041,2.9579525,6.9125261306762695,EPSG:4326
7268,2018,-0.86716014,9.89259,1.7851657,3.153248831629753,EPSG:4326
7415,2018,-1.0204601,5.2280827,0.9778323,1.977346126921475,EPSG:4326
7266,2018,-0.6644601,2.7583718,0.050453,1.102723315358162,EPSG:4326
8060,2020,-0.39580983,16.885038,3.1261437,6.197839260101318,EPSG:4326
3955,2017,86.76881,125.536156,105.853676,13.746870040893555,EPSG:4326
7227,2018,-0.86716014,16.532253,3.054057,6.488836109638214,EPSG:4326
8067,2020,-1.24966,9.565512,1.814597,4.0355048179626465,EPSG:4326
4555,2017,23.519396,44.669506,35.167995,8.10395860671997,EPSG:4326
5504,2017,-1.5,3.8032982,-0.033252515,0.43134693056344986,EPSG:4326
7318,2018,-1.0204601,4.5730343,0.57999915,2.794046550989151,EPSG:4326
6272,2018,55.559296,70.32765,64.58411,3.8049144744873047,EPSG:4326
5448,2017,-2.2677135,2.2,-0.27883726,0.5,EPSG:4326
7511,2018,-0.86716014,5.5325303,0.050397266,0.30000001192092896,EPSG:4326
5468,2017,-2.2677135,5.54,-0.24503008,0.4947058828547597,EPSG:4326
6654,2018,-0.0021793477,10.466701,2.9533584,6.752867221832275,EPSG:4326
6389,2018,-0.2351353,6.607405,1.4533225,3.0384986102581024,EPSG:4326
3478,2017,20.1407,40.737896,31.55259,0.8951072692871094,EPSG:4326
3972,2017,75.591415,113.92203,100.52623,9.352439880371094,EPSG:4326
7242,2018,-0.86716014,16.532253,3.6536374,7.449259579181671,EPSG:4326
14943,2019,182.2845,224.38197,192.55916,2.012298583984375,EPSG:4326
6174,2018,-0.9144301,6.008538,-0.2879944,1.0667877942323685,EPSG:4326
6139,2018,3.9469802,18.64473,9.916101,3.5750732421875,EPSG:4326
2688,2016,33.465336,51.620457,41.065685,10.65915298461914,EPSG:4326
7559,2018,-0.86716014,5.396103,0.1840828,0.30000001192092896,EPSG:4326
4361,2017,6.751,18.02,13.791214,1.0797803401947021,EPSG:4326
3252,2017,0.24341117,16.463953,9.580915,9.134351372718811,EPSG:4326
7306,2018,-1.0204601,5.0575128,1.717795,1.7318425178527832,EPSG:4326
2806,2016,75.13446,115.843956,94.563225,16.9813175201416,EPSG:4326
6674,2018,0.056027167,9.3276,4.61118,2.610715389251709,EPSG:4326
7375,2018,-1.0204601,4.99284,0.79616326,0.9722149074077606,EPSG:4326
2764,2016,29.516102,47.35189,36.124123,9.75064468383789,EPSG:4326
7229,2018,-0.86716014,14.05212,1.9818504,3.4311995655298233,EPSG:4326
2499,2016,13.955971,30.27408,18.510681,7.500126838684082,EPSG:4326
2772,2016,27.611721,41.20587,33.97963,3.899810791015625,EPSG:4326
5339,2017,-0.5258748,5.38,0.06506664,1.0032698065042496,EPSG:4326
6258,2018,-0.48768097,17.427244,6.315817,6.219449996948242,EPSG:4326
7599,2018,-0.959424,6.843209,1.7160025,2.5550777912139893,EPSG:4326
2864,2016,29.511566,47.35189,36.71189,10.067069053649902,EPSG:4326
781,2016,262.2,340.73874,280.86218,15.771347045898438,EPSG:4326
3727,2017,41.192314,51.566082,48.189835,2.4601564407348633,EPSG:4326
7828,2020,10.901716,19.587421,15.357685,4.7830493450164795,EPSG:4326
6114,2018,2.254501,21.537716,8.211692,4.124237537384033,EPSG:4326
775,2016,239.86,309.15887,258.2347,23.451637268066406,EPSG:4326
7329,2018,-1.0204601,4.5462527,0.59577227,1.6043604016304016,EPSG:4326
6547,2018,8.406853,21.623856,15.976739,2.5244810581207275,EPSG:4326
6117,2018,29.7308,56.36009,42.331905,11.318366050720215,EPSG:4326
3941,2017,38.656654,44.613262,41.896435,1.3403816223144531,EPSG:4326
7533,2018,-1.0655601,6.2139425,2.2007098,1.7882249355316162,EPSG:4326
7416,2018,-0.86716014,7.875821,0.2576301,0.8837504684925079,EPSG:4326
7290,2018,-0.8168601,2.9072301,1.4296768,0.6033557653427124,EPSG:4326
5466,2017,-1.7287673,3.64,-0.04798661,0.6913921535015106,EPSG:4326
7641,2018,-0.86716014,5.5325303,0.20545565,0.3048314726911485,EPSG:4326
5971,2017,-0.172,102.36117,17.621792,24.397014617919922,EPSG:4326
6382,2018,11.902463,25.367758,14.592167,3.380411148071289,EPSG:4326
7546,2018,-0.86716014,5.952794,0.14627567,0.30000001192092896,EPSG:4326
7406,2018,-0.86716014,12.930847,4.58837,9.931698620319366,EPSG:4326
3946,2017,89.517586,117.55095,100.63136,8.529619216918945,EPSG:4326
6160,2018,4.580658,18.885931,9.915155,4.655040264129639,EPSG:4326
5973,2017,5.218,223.09573,58.529877,102.48758602142334,EPSG:4326
6409,2018,14.464794,39.062267,23.400814,10.95216178894043,EPSG:4326
7691,2018,-0.86716014,6.0233035,0.67942953,1.5158361196517944,EPSG:4326
2852,2016,3.5957384,18.59505,12.524509,4.275216102600098,EPSG:4326
14721,2019,70.14,87.984116,76.810326,2.371826171875,EPSG:4326
795,2016,269.88,337.5557,290.98557,27.286598205566406,EPSG:4326
3730,2017,68.426605,117.23823,88.20896,17.337364196777344,EPSG:4326
7278,2018,-0.86716014,9.89259,1.728229,3.215745985507965,EPSG:4326
3720,2017,63.35974,91.814926,75.66844,9.709224700927734,EPSG:4326
4552,2017,33.297794,48.450027,40.170124,6.939750671386719,EPSG:4326
6334,2018,49.206615,70.80242,63.323685,6.017719268798828,EPSG:4326
2732,2016,14.109512,29.516315,18.579685,7.324641227722168,EPSG:4326
3257,2017,5.0843835,24.697218,14.284869,8.968205213546753,EPSG:4326
4078,2017,43.938583,76.61634,56.664833,12.267428398132324,EPSG:4326
5498,2017,-0.68,4.3195786,0.16160755,0.17007262259721756,EPSG:4326
7423,2018,-0.86716014,5.9445333,0.3076095,0.9160193204879761,EPSG:4326
7728,2018,-0.84736013,2.145791,0.8498108,0.4014813005924225,EPSG:4326
6161,2018,4.0837326,15.131504,9.41832,2.1589927673339844,EPSG:4326
7618,2018,-1.0204601,3.1512706,0.025398541,0.6795398890972137,EPSG:4326
7372,2018,-1.0204601,4.496323,1.2921007,1.1358596235513687,EPSG:4326
3774,2017,0.5964275,10.888868,7.809018,1.1420574188232422,EPSG:4326
7631,2018,-1.0204601,5.577719,0.711724,1.5825167894363403,EPSG:4326
3582,2017,67.08,100.99995,83.408714,9.235326766967773,EPSG:4326
3949,2017,99.14432,121.97386,108.9277,7.262702941894531,EPSG:4326
2840,2016,14.078309,33.741104,22.063808,2.6298580169677734,EPSG:4326
3766,2017,42.3,59.67512,51.335545,2.3696889877319336,EPSG:4326
786,2016,262.2,340.73874,280.86218,15.771347045898438,EPSG:4326
6233,2018,0.2557044,15.072584,7.7023644,2.2411611080169678,EPSG:4326
7532,2018,-1.0204601,5.577719,0.69898534,1.5502984132617712,EPSG:4326
4551,2017,25.890785,73.665375,41.367996,10.51750659942627,EPSG:4326
4368,2017,30.937304,40.10441,36.576385,2.8002548217773438,EPSG:4326
6316,2018,37.85528,128.51288,58.50185,25.730246543884277,EPSG:4326
7854,2018,108.42053,161.39783,130.38733,15.6324462890625,EPSG:4326
3574,2017,16.45,34.18406,28.120716,4.446409702301025,EPSG:4326
3208,2017,-0.093,5.627,2.0147038,0.3069291114807129,EPSG:4326
5869,2017,120.143555,369.45026,182.22621,53.56455993652344,EPSG:4326
5352,2017,-1.012568,3.1405344,0.01719379,0.46928379591554403,EPSG:4326
4525,2017,1.3728917,16.66396,10.9815,5.888705611228943,EPSG:4326
6533,2018,1.1754985,19.706938,12.279072,4.298758268356323,EPSG:4326
2792,2016,3.5957384,18.59505,12.476197,4.175583362579346,EPSG:4326
7650,2018,-0.86716014,6.0233035,0.6944528,1.5314552783966064,EPSG:4326
8055,2020,-1.04856,5.560671,-0.025361827,0.10856002569198608,EPSG:4326
5355,2017,-1.1654576,8.186387,0.07047609,1.123436912894249,EPSG:4326
7514,2018,-0.86716014,6.01284,0.013170846,0.30000001192092896,EPSG:4326
6546,2018,4.041745,25.775705,12.582239,5.377686500549316,EPSG:4326
2546,2016,20.878963,36.698994,27.669756,5.254978656768799,EPSG:4326
5488,2017,-1.255,6.5250072,-0.25602034,1.7654649764299393,EPSG:4326
5502,2017,-1.5,2.7,0.052332096,0.11285369098186493,EPSG:4326
6520,2018,-2.4044923e-06,13.01009,1.9774976,2.826761931180954,EPSG:4326
3942,2017,38.656654,44.613262,41.93661,1.3520870208740234,EPSG:4326
2813,2016,27.208961,47.482227,33.72267,10.436697006225586,EPSG:4326
7216,2018,-0.60956013,6.7892895,0.07730701,1.3175808042287827,EPSG:4326
7528,2018,-0.86716014,7.402704,0.13509217,0.30000001192092896,EPSG:4326
6119,2018,31.69778,50.30763,40.707355,7.456814765930176,EPSG:4326
2766,2016,27.670532,41.36587,34.000237,3.9020614624023438,EPSG:4326
6666,2018,-1.2192024,11.884124,1.7362328,2.5552650839090347,EPSG:4326
6086,2018,7.5201035,36.287083,16.975874,12.5086350440979,EPSG:4326
2869,2016,27.208961,47.482227,33.675938,10.306452751159668,EPSG:4326
4381,2017,-2.78979,18.102533,8.627748,1.419154405593872,EPSG:4326
15137,2019,179.18922,211.0311,189.60773,3.977275848388672,EPSG:4326
7336,2018,-1.0204601,4.8797607,0.79010624,3.1084105372428894,EPSG:4326
7886,2018,38.498756,56.139088,46.742184,9.0316162109375,EPSG:4326
2715,2016,17.713518,32.873547,23.667053,8.730457782745361,EPSG:4326
5474,2017,-1.9451829,4.203622,-0.014651546,0.5,EPSG:4326
6534,2018,1.1754985,20.682404,12.197263,4.502906322479248,EPSG:4326
6491,2018,-0.7620015,11.494727,2.4845276,6.481833100318909,EPSG:4326
6217,2018,53.210743,65.6994,57.553795,2.7013940811157227,EPSG:4326
4375,2017,6.099693,24.254751,8.544511,2.3232650756835938,EPSG:4326
6536,2018,1.1401093,20.875237,12.131639,4.6866371631622314,EPSG:4326
3751,2017,68.71016,94.00682,74.37615,4.4630126953125,EPSG:4326
7442,2018,-0.86716014,5.1069007,-0.021843823,0.308595210313797,EPSG:4326
6544,2018,8.328021,21.623856,13.827936,3.297916889190674,EPSG:4326
5843,2017,-0.3562,41.716698,3.5407782,2.0077805519104004,EPSG:4326
3563,2017,23.493017,40.671497,29.300503,0.8906998634338379,EPSG:4326
5870,2017,2.1357634,155.19319,35.97978,36.737300872802734,EPSG:4326
8066,2020,-0.404373,8.631374,2.8930087,5.627442359924316,EPSG:4326
3214,2017,-0.35,11.060323,4.3667383,1.9890835285186768,EPSG:4326
5460,2017,-1.255,3.8089683,0.07053089,2.683508276939392,EPSG:4326
4860,2017,70.81409,96.12357,81.22041,7.282646179199219,EPSG:4326
6289,2018,-0.33920655,11.919051,5.676574,4.481217861175537,EPSG:4326
6663,2018,52.620327,115.25199,71.769394,31.10920238494873,EPSG:4326
4071,2017,49.74767,72.00172,59.436737,4.020915985107422,EPSG:4326
7333,2018,-0.86716014,16.268614,1.9451569,3.866014540195465,EPSG:4326
7458,2018,-0.86716014,5.5325303,0.053289656,0.30000001192092896,EPSG:4326
7640,2018,-0.86716014,5.061192,0.43881807,1.551449954509735,EPSG:4326
6226,2018,-0.19371745,10.649955,2.4702992,4.866837501525879,EPSG:4326
5478,2017,-1.255,10.9756775,0.2693127,2.9939500093460083,EPSG:4326
4370,2017,7.405084,31.766031,15.732926,16.673335075378418,EPSG:4326
7662,2018,-1.0204601,4.5462527,0.5661088,1.5121966004371643,EPSG:4326
4494,2017,36.693653,62.22267,51.77207,6.679769515991211,EPSG:4326
6134,2018,46.718975,75.95065,58.61268,11.57651138305664,EPSG:4326
2867,2016,20.35803,32.342316,24.651678,6.633209228515625,EPSG:4326
7285,2018,-0.86716014,7.675266,2.3080926,5.335710823535919,EPSG:4326
5840,2017,-1.63,45.55644,3.582158,2.177928149700165,EPSG:4326
7557,2018,-0.86716014,5.2566113,0.15112096,0.30000001192092896,EPSG:4326
3952,2017,90.92283,116.7796,101.57832,7.151544570922852,EPSG:4326
4271,2017,36.66668,43.702267,41.02825,1.8192710876464844,EPSG:4326
7303,2018,-0.86716014,8.659225,1.9668689,4.588330924510956,EPSG:4326
7545,2018,-0.86716014,5.952794,0.14627567,0.30000001192092896,EPSG:4326
7553,2018,-0.86716014,5.0750723,0.16272844,0.30000001192092896,EPSG:4326
6553,2018,1.1754985,20.875237,12.2222805,4.622862100601196,EPSG:4326
6255,2018,-0.091440186,14.501367,6.610595,6.341267466545105,EPSG:4326
4362,2017,6.751,18.296164,13.538819,1.5891542434692383,EPSG:4326
3695,2017,76.28,99.70151,90.40746,7.448219299316406,EPSG:4326
14926,2019,119.2,161.5944,132.24648,12.972570419311523,EPSG:4326
3490,2017,24.543383,31.738083,29.41513,0.8453621864318848,EPSG:4326
7225,2018,-0.6095602,3.5753565,0.38161337,0.6980998562648892,EPSG:4326
7605,2018,-0.959424,6.8362603,1.7410355,2.553022116422653,EPSG:4326
2810,2016,26.879963,47.482227,31.16138,5.794939994812012,EPSG:4326
7378,2018,-0.86716014,2.6759717,-0.16396661,0.30000001192092896,EPSG:4326
7324,2018,-0.86716014,16.268614,2.2361045,3.828918728977442,EPSG:4326
4365,2017,7.55,23.179893,11.293125,6.522554397583008,EPSG:4326
7469,2018,-0.86716014,5.5325303,0.046819128,0.30000001192092896,EPSG:4326
3617,2017,-0.26,11.354142,2.461484,1.9774000644683838,EPSG:4326
5961,2017,9.500729,173.7953,69.03465,90.4161434173584,EPSG:4326
7298,2018,-0.86716014,21.555145,3.0422845,6.017413201741874,EPSG:4326
3999,2017,74.46921,113.72809,100.04259,10.523765563964844,EPSG:4326
7358,2018,-1.0204601,9.780725,1.8816828,2.934797629714012,EPSG:4326
5863,2017,146.73877,508.11865,265.9482,82.70621871948242,EPSG:4326
2704,2016,28.887732,44.699574,34.705578,9.304852485656738,EPSG:4326
7248,2018,-0.6644601,4.361312,1.3007182,1.3051854968070984,EPSG:4326
2707,2016,38.555668,56.139088,46.855988,8.904685020446777,EPSG:4326
6252,2018,22.184921,51.7215,27.324581,2.011754035949707,EPSG:4326
15096,2019,182.67204,202.65977,193.57062,2.5929107666015625,EPSG:4326
8070,2020,-0.33525985,12.776006,3.4490032,6.47254803776741,EPSG:4326
3944,2017,83.14993,120.70101,99.85277,10.829690933227539,EPSG:4326
5956,2017,0.25818086,15.535967,4.2155347,2.616331100463867,EPSG:4326
14715,2019,72.41846,95.803024,77.14185,1.9707984924316406,EPSG:4326
2742,2016,13.077763,19.389004,15.635193,2.6017370223999023,EPSG:4326
6303,2018,35.535717,102.08046,73.8497,32.084479331970215,EPSG:4326
4360,2017,6.751,18.02,13.791214,1.0797803401947021,EPSG:4326
2734,2016,13.112522,28.365416,16.427713,1.7520523071289062,EPSG:4326
3960,2017,53.62,109.52021,94.111755,10.381139755249023,EPSG:4326
14010,2019,299.31705,304.10217,300.8249,1.0510025024414062,EPSG:4326
3486,2017,18.0175,40.05119,29.985987,0.8155632019042969,EPSG:4326
3712,2017,64.50123,83.92897,73.27623,4.601325988769531,EPSG:4326
4553,2017,33.297794,48.450027,40.170124,6.939750671386719,EPSG:4326
3479,2017,20.1407,40.737896,31.55259,0.8951072692871094,EPSG:4326
2748,2016,14.320365,20.395056,16.451757,2.0648908615112305,EPSG:4326
2768,2016,27.691662,41.451115,34.2417,3.8933753967285156,EPSG:4326
7467,2018,-1.0204601,5.577719,0.6737096,1.541620746254921,EPSG:4326
3741,2017,17.777082,27.967918,25.676483,1.4939403533935547,EPSG:4326
3976,2017,47.3,69.93724,60.373734,1.7470598220825195,EPSG:4326
14714,2019,72.41846,99.11303,77.59692,2.0170516967773438,EPSG:4326
3194,2017,-0.07038774,5.4008713,2.0298986,1.150100290775299,EPSG:4326
2712,2016,17.704676,29.670334,20.987873,4.449308395385742,EPSG:4326
2853,2016,3.5757384,18.59505,12.489846,4.249129772186279,EPSG:4326
8086,2020,-0.37,5.022577,1.2498548,2.8060221076011658,EPSG:4326
14925,2019,179.14,206.56711,189.09984,7.655525207519531,EPSG:4326
3604,2017,11.029399,21.82384,17.32427,3.20930552482605,EPSG:4326
7365,2018,-1.0204601,4.024046,-0.31022766,1.102282540872693,EPSG:4326
4959,2017,12.56,24.122751,19.453564,4.475771427154541,EPSG:4326
4987,2017,55.19,84.20933,67.74732,6.437877655029297,EPSG:4326
7635,2018,-0.86716014,6.0233035,0.67738914,1.7110997065901756,EPSG:4326
7260,2018,-1.0655601,4.868581,0.94954175,0.6795880794525146,EPSG:4326
7281,2018,-0.86716014,9.324547,2.9309764,5.995944797992706,EPSG:4326
7371,2018,-1.0204601,4.496323,1.2921007,1.1358596235513687,EPSG:4326
7291,2018,-0.86716014,8.68109,2.704287,5.85978239774704,EPSG:4326
4042,2017,78.23354,113.07862,94.22921,14.122482299804688,EPSG:4326
5386,2017,-1.5,3.8032982,-0.019061944,0.29219893272966146,EPSG:4326
5369,2017,-0.92215693,5.54,-0.25727236,0.3414096422493458,EPSG:4326
7663,2018,-0.86716014,5.5325303,0.19519553,0.3045907374471426,EPSG:4326
7672,2018,-1.0655601,4.868581,0.94366527,0.6665912568569183,EPSG:4326
2710,2016,17.861624,30.72708,21.309668,5.017017364501953,EPSG:4326
7294,2018,-0.86716014,8.305748,2.684391,5.734511196613312,EPSG:4326
5865,2017,146.73877,503.79807,265.74127,82.36869812011719,EPSG:4326
3493,2017,11.043,24.978777,21.35595,0.832310676574707,EPSG:4326
2793,2016,3.5757384,18.59505,12.489893,4.248955249786377,EPSG:4326
4497,2017,18.865162,32.603493,27.815905,3.0999631881713867,EPSG:4326
3585,2017,16.6,35.661373,27.433302,4.914895534515381,EPSG:4326
2711,2016,17.972963,29.670334,21.369131,4.992483139038086,EPSG:4326
7367,2018,-1.0204601,2.7112348,0.018943833,0.7188848853111267,EPSG:4326
6375,2018,-0.32871297,12.255696,3.3950205,8.171570107340813,EPSG:4326
7610,2018,-1.0204601,6.2904043,2.2525902,3.049318015575409,EPSG:4326
6673,2018,-0.7620015,5.8709335,0.6845422,2.96744704246521,EPSG:4326
5469,2017,-0.92215693,5.54,-0.21528485,0.43278710544109344,EPSG:4326
7251,2018,-0.86716014,16.532253,3.941349,8.006217658519745,EPSG:4326
7674,2018,-1.0655601,4.868581,1.78187,1.7394374012947083,EPSG:4326
6165,2018,3.9469802,24.666777,10.640076,4.666032433509827,EPSG:4326
2781,2016,20.07901,33.030437,24.03615,6.13754415512085,EPSG:4326
7671,2018,-1.0655601,4.868581,1.4588578,1.4368403553962708,EPSG:4326
7615,2018,-1.0204601,3.1512706,-0.054618597,0.3048314726911485,EPSG:4326
2745,2016,14.167427,31.460546,21.00605,9.547893285751343,EPSG:4326
2782,2016,3.2700531,20.570217,5.734507,0.7480596303939819,EPSG:4326
4354,2017,17.112589,41.302677,28.046827,16.92038059234619,EPSG:4326
3258,2017,2.0668101,18.61229,13.002042,8.77167010307312,EPSG:4326
7826,2020,10.901716,21.112812,15.319056,4.888739585876465,EPSG:4326
5856,2017,0.266,101.35162,16.083105,10.383621454238892,EPSG:4326
7461,2018,-1.0204601,5.577719,0.6228087,1.4963452704250813,EPSG:4326
7359,2018,-1.0204601,9.780725,1.8816828,2.934797629714012,EPSG:4326
7522,2018,-0.86716014,7.402704,0.09675263,0.30000001192092896,EPSG:4326
8084,2020,-0.37000003,2.9237056,0.24045634,1.0035270154476166,EPSG:4326
3275,2017,17.51022,36.10708,29.84179,5.736386299133301,EPSG:4326
5871,2017,2.1166575,155.19319,35.779396,35.922983169555664,EPSG:4326
14856,2019,207.81023,265.06116,227.80186,18.51779556274414,EPSG:4326
7729,2018,-1.0204601,4.024046,-0.3120805,1.086959220468998,EPSG:4326
7659,2018,-1.0204601,5.944401,1.7773623,2.8194738030433655,EPSG:4326
3562,2017,23.493017,40.671497,29.300503,0.8906998634338379,EPSG:4326
7288,2018,-0.86716014,8.68109,1.3619653,3.2005701661109924,EPSG:4326
7304,2018,-0.86716014,3.4474623,1.4587884,1.491933286190033,EPSG:4326
5932,2017,20.162174,219.02487,55.317745,41.41844987869263,EPSG:4326
7487,2018,-0.86716014,9.249636,2.7626054,5.356686794664711,EPSG:4326
5357,2017,-1.1654576,8.186387,0.07047609,1.123436912894249,EPSG:4326
7733,2018,-0.86716014,4.640627,0.2724505,1.1903038024902344,EPSG:4326
6225,2018,23.812578,34.879646,28.44478,6.866259574890137,EPSG:4326
7235,2018,-0.86716014,16.268614,2.3273516,3.6341406404972076,EPSG:4326
4837,2017,-0.29151604,10.193353,3.0051084,7.827330589294434,EPSG:4326
8078,2020,-0.3081561,3.5570807,0.1262766,0.3230607509613037,EPSG:4326
7612,2018,-1.0204601,6.2904043,2.2590473,3.021823823451996,EPSG:4326
3210,2017,4.1104975,12.533843,6.540523,0.4243677854537964,EPSG:4326
7428,2018,-1.0204601,4.501017,0.93098015,1.9752714224159718,EPSG:4326
2845,2016,3.2700531,20.570217,5.73452,0.7480829954147339,EPSG:4326
8062,2020,-0.4746769,17.238796,3.3598032,6.5859962701797485,EPSG:4326
2778,2016,20.096092,33.030437,24.101381,6.16096305847168,EPSG:4326
3725,2017,64.52,135.47188,90.396545,24.156627655029297,EPSG:4326
5945,2017,-1.0,13.351734,2.5739176,4.946872115135193,EPSG:4326
7390,2018,-0.86716014,16.532253,4.3460855,8.86449533700943,EPSG:4326
8061,2020,-0.4746769,17.238796,3.3598032,6.5859962701797485,EPSG:4326
7639,2018,-0.86716014,5.061192,0.42619795,1.5259749293327332,EPSG:4326
6263,2018,21.901821,60.6856,37.28051,16.946433067321777,EPSG:4326
3959,2017,87.36639,128.32716,104.281624,14.344079971313477,EPSG:4326
784,2016,269.88,337.5557,291.13983,27.79253387451172,EPSG:4326
6158,2018,6.29689,24.785217,14.774379,12.793787717819214,EPSG:4326
5371,2017,0.08288162,13.170224,2.373983,4.093722939491272,EPSG:4326
2807,2016,27.03835,45.91692,31.996767,8.500572204589844,EPSG:4326
7623,2018,-1.0204601,3.5299551,0.5472013,1.7548916339874268,EPSG:4326
7297,2018,-0.86716014,21.555145,3.0422845,6.017413201741874,EPSG:4326
7261,2018,-1.0204601,5.577719,0.58968997,1.4977831840515137,EPSG:4326
2819,2016,25.898907,47.40621,33.935474,11.612297058105469,EPSG:4326
7350,2018,-0.9201601,3.8625722,0.86428183,0.9608310759067535,EPSG:4326
7386,2018,-0.86716014,16.268614,2.0695102,3.886660158634186,EPSG:4326
7218,2018,-1.1186601,5.613195,-0.08917241,1.6359403729438782,EPSG:4326
5385,2017,-1.5,2.1,-0.14287537,0.13621467351913452,EPSG:4326
3951,2017,90.92283,116.7796,101.57832,7.151544570922852,EPSG:4326
2843,2016,14.0983095,33.741104,22.087564,2.538301944732666,EPSG:4326
8056,2020,-0.37358654,7.7695756,2.3116376,4.295001268386841,EPSG:4326
5854,2017,-0.1232456,55.78116,5.6008334,5.530182123184204,EPSG:4326
4734,2017,63.300007,91.814926,75.588264,9.59782600402832,EPSG:4326
3329,2017,16.55,31.54996,25.780853,1.707779884338379,EPSG:4326
2547,2016,20.817656,36.698994,27.144081,5.092191219329834,EPSG:4326
3775,2017,0.5964275,10.888868,7.809018,1.1420574188232422,EPSG:4326
3970,2017,47.390003,69.40758,59.853382,1.9712390899658203,EPSG:4326
7220,2018,-0.60956013,9.257108,0.02995559,0.6852464079856873,EPSG:4326
7622,2018,-1.0204601,3.5299551,0.5472013,1.7548916339874268,EPSG:4326
3746,2017,46.090595,77.200676,57.86554,6.639867782592773,EPSG:4326
6043,2018,17.532085,38.877434,24.763634,2.6987390518188477,EPSG:4326
7411,2018,-1.0204601,5.330806,0.83510816,2.0847838930785656,EPSG:4326
3698,2017,74.58,103.93849,85.288795,3.8305015563964844,EPSG:4326
7448,2018,-0.86716014,5.1069007,0.03880128,0.30136850476264954,EPSG:4326
3696,2017,79.350716,111.4956,94.545364,6.4598846435546875,EPSG:4326
3600,2017,11.62,24.596096,18.676838,2.046422004699707,EPSG:4326
3785,2017,61.2,76.652176,70.945435,3.7513809204101562,EPSG:4326
7414,2018,-0.86716014,12.212918,4.7015996,9.962856113910675,EPSG:4326
7342,2018,-1.0204601,2.7112348,0.13336211,1.0061026960611343,EPSG:4326
770,2016,239.86,309.15887,258.2347,23.451637268066406,EPSG:4326
5494,2017,-1.5,4.826256,-0.90492636,1.745084211230278,EPSG:4326
14691,2019,70.02,83.792625,73.50756,3.5817718505859375,EPSG:4326
14686,2019,70.07,79.78673,75.066635,2.4411392211914062,EPSG:4326
4265,2017,48.625046,57.96169,54.269432,2.245281219482422,EPSG:4326
5473,2017,-2.1812053,4.203622,-0.07425617,0.5017936598742381,EPSG:4326
5841,2017,-1.63,45.55644,3.582158,2.177928149700165,EPSG:4326
3703,2017,81.02344,117.15046,96.15695,12.502265930175781,EPSG:4326
2812,2016,27.152153,47.541916,33.660976,10.392224311828613,EPSG:4326
7621,2018,-1.0204601,3.5299551,0.5472013,1.7548916339874268,EPSG:4326
7379,2018,-0.86716014,4.6928396,-0.11574733,0.30000001192092896,EPSG:4326
8073,2020,-0.26744837,3.6861618,0.2773626,0.4036172814667225,EPSG:4326
14684,2019,70.07,89.270454,75.60389,4.0599365234375,EPSG:4326
6570,2018,-0.2601573,8.061758,0.9654041,1.5746453702449799,EPSG:4326
2552,2016,20.817656,34.803093,26.608442,5.001027584075928,EPSG:4326
6107,2018,45.47754,68.63208,57.889393,8.848455429077148,EPSG:4326
14930,2019,174.58,204.91057,187.24684,5.957393646240234,EPSG:4326
3859,2017,51.788307,74.64481,61.8503,4.689565658569336,EPSG:4326
4286,2017,32.236916,39.77487,37.32398,0.9176788330078125,EPSG:4326
7527,2018,-0.86716014,7.402704,0.13509217,0.30000001192092896,EPSG:4326
5480,2017,-1.255,15.221097,-0.09683969,1.6887949705123901,EPSG:4326
14706,2019,70.64314,170.73347,105.4959,35.93362045288086,EPSG:4326
6496,2018,-0.11066225,12.413964,2.530247,5.060601353645325,EPSG:4326
3731,2017,25.062908,37.55277,33.613266,1.9977340698242188,EPSG:4326
2815,2016,25.898907,46.71456,33.629726,11.429288864135742,EPSG:4326
5418,2017,-1.0882527,5.0155845,-0.09428294,0.7160089537501335,EPSG:4326
794,2016,275.1,369.8015,303.8355,34.31883239746094,EPSG:4326
6163,2018,3.9770525,24.970898,9.977798,4.986122131347656,EPSG:4326
4958,2017,12.48,25.9519,16.965643,7.95462703704834,EPSG:4326
4956,2017,36.69362,47.66329,41.41941,3.5014753341674805,EPSG:4326
5915,2017,-1.4434315,79.05488,5.8314257,5.311331754550338,EPSG:4326
4111,2017,33.723682,48.87448,43.372635,5.053370475769043,EPSG:4326
2737,2016,14.078309,33.741104,22.064198,2.6293630599975586,EPSG:4326
6535,2018,1.1698937,20.875237,12.174168,4.5752246379852295,EPSG:4326
4526,2017,1.3728917,16.66396,10.995508,5.858385920524597,EPSG:4326
7364,2018,-1.0204601,4.024046,-0.31087697,1.1004601195454597,EPSG:4326
5936,2017,21.383396,223.9266,62.90545,48.46446990966797,EPSG:4326
7219,2018,-1.1186601,5.613195,-0.08917241,1.6359403729438782,EPSG:4326
14948,2019,185.16109,205.61641,193.80867,1.8933563232421875,EPSG:4326
4284,2017,32.236916,39.77487,37.30238,0.8936738967895508,EPSG:4326
2751,2016,35.880505,51.938698,44.018787,8.680611610412598,EPSG:4326
5947,2017,19.1523,219.02487,53.59856,35.35563039779663,EPSG:4326
7284,2018,-0.86716014,8.695207,2.775105,5.828695237636566,EPSG:4326
3954,2017,55.19,105.39008,67.6265,2.672454833984375,EPSG:4326
6118,2018,25.744461,49.80532,36.607346,13.639598846435547,EPSG:4326
14707,2019,70.64314,170.73347,105.44099,35.795881271362305,EPSG:4326
7827,2020,10.901716,19.435926,15.334705,4.79724383354187,EPSG:4326
7464,2018,-1.0204601,5.577719,0.6228087,1.4963452704250813,EPSG:4326
5252,2017,-1.5,2.88,-0.742653,1.7851930558681488,EPSG:4326
5315,2017,-0.94488186,17.744492,3.3127744,6.4800331592559814,EPSG:4326
7405,2018,-0.86716014,12.930847,4.58837,9.931698620319366,EPSG:4326
4777,2017,58.605083,85.28346,72.07821,8.954273223876953,EPSG:4326
7354,2018,-1.0204601,5.807295,0.9901208,2.3869441151618958,EPSG:4326
3734,2017,28.57915,39.122406,36.58896,1.789581298828125,EPSG:4326
791,2016,275.1,369.8015,303.8355,34.31883239746094,EPSG:4326
7449,2018,-0.86716014,5.1069007,0.044864558,0.30136850476264954,EPSG:4326
5346,2017,-0.5258748,4.22,0.09325618,1.0668202191591263,EPSG:4326
7398,2018,-0.86716014,12.212951,4.192626,8.752309039235115,EPSG:4326
771,2016,247.36392,327.18393,267.3981,16.960205078125,EPSG:4326
7232,2018,-0.86716014,16.532253,3.0224142,6.470444858074188,EPSG:4326
779,2016,239.86,309.15887,258.44577,24.001182556152344,EPSG:4326
3858,2017,54.775227,81.17009,66.5576,8.052718162536621,EPSG:4326
6105,2018,23.908068,51.695553,41.42,7.3983869552612305,EPSG:4326
6259,2018,-0.091440186,14.501367,5.5677648,4.665130376815796,EPSG:4326
6074,2018,-0.1524003,7.4202995,1.5377041,3.092408999800682,EPSG:4326
14022,2019,361.01782,397.3052,371.1715,6.874969482421875,EPSG:4326
6164,2018,3.9469802,15.6083355,9.738864,3.3413615226745605,EPSG:4326
4372,2017,6.1814327,26.360802,9.844425,2.464627265930176,EPSG:4326
2693,2016,11.408176,31.445066,14.84294,1.2537195682525635,EPSG:4326
4373,2017,6.1814327,26.360802,9.844425,2.464627265930176,EPSG:4326
7270,2018,-0.86716014,9.856486,1.5827464,2.9457839727401733,EPSG:4326
2495,2016,14.296007,29.552225,17.771578,1.5274028778076172,EPSG:4326
3861,2017,12.54085,27.410374,19.669075,6.650349140167236,EPSG:4326
5489,2017,-1.255,6.5250072,-0.39753953,1.7333772331476212,EPSG:4326
2779,2016,20.096092,33.030437,24.10206,6.161009788513184,EPSG:4326
2808,2016,26.898907,45.91692,31.963842,8.49626350402832,EPSG:4326
7352,2018,-0.83546007,1.7308605,-0.007976652,1.245205283164978,EPSG:4326
7355,2018,-0.83546007,1.7308605,-0.007976652,1.245205283164978,EPSG:4326
5464,2017,-1.2936677,3.8,-0.27995,0.3455793112516403,EPSG:4326
5832,2017,64.50603,257.24963,127.3874,43.82745170593262,EPSG:4326
3492,2017,15.7249,29.056019,26.256962,0.7778382301330566,EPSG:4326
2800,2016,75.266945,114.306885,94.44872,16.286514282226562,EPSG:4326
2750,2016,35.880505,51.938698,44.01025,8.648201942443848,EPSG:4326
7234,2018,-0.86716014,16.268614,2.3273516,3.6341406404972076,EPSG:4326
2549,2016,20.794197,36.500496,26.710623,5.114519119262695,EPSG:4326
7366,2018,-1.0204601,4.024046,-0.059702776,1.5171292424201965,EPSG:4326
7488,2018,-0.86716014,15.70007,2.4293716,4.620408535003662,EPSG:4326
3206,2017,-0.093,5.627,2.0147038,0.3069291114807129,EPSG:4326
2863,2016,29.511566,47.35189,36.7101,10.067411422729492,EPSG:4326
5941,2017,20.162174,219.02487,52.905716,34.380849838256836,EPSG:4326
2708,2016,17.63972,29.841362,20.764208,3.351888656616211,EPSG:4326
4869,2017,45.087704,55.296806,51.408257,2.2445030212402344,EPSG:4326
6552,2018,1.1754985,20.949743,12.7591,3.9638729095458984,EPSG:4326
5957,2017,3.034624,129.67711,37.90599,45.49404430389404,EPSG:4326
6300,2018,37.47572,101.98046,74.17431,31.671555519104004,EPSG:4326
2502,2016,13.801732,28.18318,15.506048,1.4308733940124512,EPSG:4326
7222,2018,-1.0667601,3.5797257,0.9517441,0.5569783747196198,EPSG:4326
7315,2018,-0.86716014,8.027639,1.2495903,3.1730024218559265,EPSG:4326
2785,2016,3.5341778,20.570217,5.7690516,0.7148953676223755,EPSG:4326
6068,2018,23.305983,42.708946,33.427925,5.234725475311279,EPSG:4326
4069,2017,50.64885,81.741135,62.299877,9.225128173828125,EPSG:4326
4863,2017,62.646015,84.501724,74.37675,7.6156768798828125,EPSG:4326
5894,2017,114.80789,456.5796,187.83762,61.29206466674805,EPSG:4326
3716,2017,64.610466,102.15474,79.66722,5.438087463378906,EPSG:4326
7664,2018,-1.0204601,2.8415248,0.3887576,1.1723129600286484,EPSG:4326
6516,2018,-0.7620015,11.714101,4.6472487,7.596314921975136,EPSG:4326
14685,2019,70.07,89.270454,75.60389,4.0599365234375,EPSG:4326
2506,2016,13.590873,28.82692,17.602024,1.8965559005737305,EPSG:4326
7737,2018,-1.0204601,4.3070683,0.017135568,1.4846599251031876,EPSG:4326
3211,2017,4.1104975,12.533843,6.540523,0.4243677854537964,EPSG:4326
7468,2018,-0.86716014,5.5325303,0.046819128,0.30000001192092896,EPSG:4326
7479,2018,-0.86716014,5.0414248,-0.018527495,0.30000001192092896,EPSG:4326
3762,2017,96.973526,121.17144,107.22657,6.667915344238281,EPSG:4326
4367,2017,6.8277154,28.93981,16.588104,16.656691551208496,EPSG:4326
6492,2018,-0.7620015,10.759474,1.5266496,1.7934848070144653,EPSG:4326
2763,2016,29.516102,47.35189,36.774235,9.984048843383789,EPSG:4326
5934,2017,20.282175,219.02487,55.39061,38.549232959747314,EPSG:4326
2545,2016,20.07088,32.895782,24.980442,5.163907051086426,EPSG:4326
7340,2018,-0.98386014,8.504244,1.614399,2.0295206904411316,EPSG:4326
14687,2019,70.07,79.78673,75.066635,2.4411392211914062,EPSG:4326
2725,2016,15.235325,31.329924,18.494757,2.828655242919922,EPSG:4326
7277,2018,-0.86716014,9.5352,3.1489143,6.148631103336811,EPSG:4326
4496,2017,18.865162,32.603493,27.815905,3.0999631881713867,EPSG:4326
4864,2017,58.95,72.715096,66.9857,4.690938949584961,EPSG:4326
8065,2020,-0.404373,8.631374,2.8930087,5.627442359924316,EPSG:4326
2521,2016,20.429873,35.53266,26.398586,5.684328079223633,EPSG:4326
3993,2017,47.3,69.08725,59.509468,2.9887189865112305,EPSG:4326
4772,2017,81.1585,106.57623,96.34795,6.735893249511719,EPSG:4326
7332,2018,-0.86716014,16.268614,1.3368443,3.059540569782257,EPSG:4326
7376,2018,-1.0204601,5.2761245,0.80481184,0.9786508977413177,EPSG:4326
4369,2017,30.937304,40.10441,36.576385,2.8002548217773438,EPSG:4326
4324,2017,20.046822,23.485989,21.18727,0.9302577972412109,EPSG:4326
5897,2017,101.30951,453.35953,230.75458,138.12596130371094,EPSG:4326
3602,2017,10.539183,58.101765,19.384916,2.4185147285461426,EPSG:4326
2775,2016,27.611721,41.225872,33.972668,3.9010229110717773,EPSG:4326
7517,2018,-0.86716014,7.402704,0.0533764,0.30000001192092896,EPSG:4326
4550,2017,25.890785,73.665375,41.367996,10.51750659942627,EPSG:4326
5839,2017,-0.271,56.740936,6.6075044,3.1937665939331055,EPSG:4326
7435,2018,-0.86716014,11.308018,2.1419337,4.393010437488556,EPSG:4326
2783,2016,3.3747659,20.570217,5.773679,0.7231661081314087,EPSG:4326
7665,2018,-1.0204601,4.5462527,0.7574303,1.8179816603660583,EPSG:4326
3213,2017,2.1696296,9.122474,6.1518617,0.7489314079284668,EPSG:4326
5328,2017,-0.91440177,6.4790087,0.4499444,2.6267268657684326,EPSG:4326
6539,2018,8.211287,18.505186,13.425689,3.2801513671875,EPSG:4326
7311,2018,-0.86716014,7.1629977,1.2358909,3.0360615849494934,EPSG:4326
2550,2016,20.794197,36.460495,26.689598,5.1058244705200195,EPSG:4326
7413,2018,-0.86716014,12.212918,4.7015996,9.962856113910675,EPSG:4326
6076,2018,-0.1524003,9.695658,3.147571,3.329944908618927,EPSG:4326
6172,2018,28.887732,44.699574,34.705578,9.304852485656738,EPSG:4326
6218,2018,49.721596,64.59514,53.61869,2.0907554626464844,EPSG:4326
14947,2019,179.82954,218.76947,188.97469,1.1458892822265625,EPSG:4326
3496,2017,18.9527,35.00976,30.402391,1.3147296905517578,EPSG:4326
7289,2018,-0.8168601,2.9072301,1.4296768,0.6033557653427124,EPSG:4326
2823,2016,11.408176,31.445066,14.8429985,1.2533526420593262,EPSG:4326
2773,2016,27.697254,41.731113,34.26212,3.8795509338378906,EPSG:4326
3761,2017,96.973526,120.40485,107.27317,6.7711944580078125,EPSG:4326
5966,2017,2.0635452,110.74063,21.678125,28.931225299835205,EPSG:4326
4277,2017,40.152794,46.329647,43.691505,1.2146720886230469,EPSG:4326
7370,2018,-1.0204601,4.496323,0.7188721,1.859043151140213,EPSG:4326
6109,2018,23.910751,52.647945,43.266533,6.940859794616699,EPSG:4326
7619,2018,-1.0204601,3.5299551,0.17748247,0.9563892483711243,EPSG:4326
2839,2016,14.0983095,33.741104,22.0881,2.5364651679992676,EPSG:4326
7293,2018,-0.86716014,8.687256,2.6987016,5.4771464467048645,EPSG:4326
7552,2018,-0.86716014,5.0750723,0.16272844,0.30000001192092896,EPSG:4326
3729,2017,41.192314,51.566082,48.207577,2.5323095321655273,EPSG:4326
2543,2016,19.36016,33.11569,24.557594,6.317173480987549,EPSG:4326
4326,2017,18.056581,25.516127,21.178015,3.403301239013672,EPSG:4326
8076,2020,-0.16159664,3.0248046,0.3355976,0.32232024148106575,EPSG:4326
5859,2017,-1.63,45.55644,3.5301309,2.025668740272522,EPSG:4326
7825,2020,10.962427,19.98932,15.467996,4.631587982177734,EPSG:4326
7360,2018,-0.86716014,16.268614,1.9000403,3.82419091463089,EPSG:4326
4325,2017,18.076471,23.993559,20.31185,0.7940635681152344,EPSG:4326
3788,2017,61.2,76.652176,70.945435,3.7513809204101562,EPSG:4326
773,2016,239.86,309.15887,258.44577,24.001182556152344,EPSG:4326
7259,2018,-1.0655601,4.868581,0.94954175,0.6795880794525146,EPSG:4326
6227,2018,53.601456,65.6994,57.9082,2.0980606079101562,EPSG:4326
2805,2016,75.13446,116.70395,94.65593,17.32318878173828,EPSG:4326
7230,2018,-1.1186601,5.2427034,-0.18193279,1.6551390886306763,EPSG:4326
6671,2018,-0.7620015,7.942031,1.0492482,2.02854585647583,EPSG:4326
7267,2018,-0.86716014,9.89259,1.7851657,3.153248831629753,EPSG:4326
4103,2017,43.07328,58.532433,51.386135,3.4918174743652344,EPSG:4326
3973,2017,47.3,69.93724,60.373734,1.7470598220825195,EPSG:4326
7237,2018,-0.86716014,13.072121,1.8932275,3.377572536468506,EPSG:4326
5879,2017,120.330826,369.45026,180.41586,52.73259353637695,EPSG:4326
14931,2019,119.2,164.83435,131.01732,5.159008026123047,EPSG:4326
5301,2017,-1.255,0.75,0.2640264,0.22054408490657806,EPSG:4326
7477,2018,-0.86716014,4.2914596,0.058135483,0.30000001192092896,EPSG:4326
7341,2018,-1.0204601,2.7112348,0.13336211,1.0061026960611343,EPSG:4326
3757,2017,68.71016,94.00682,74.44364,4.5112457275390625,EPSG:4326
7872,2020,26.88594,35.5665,29.947733,4.030440330505371,EPSG:4326
3327,2017,16.62246,27.674389,24.89699,0.6819338798522949,EPSG:4326
5436,2017,-0.65863854,5.62,-0.1991593,0.5,EPSG:4326
2739,2016,14.0983095,33.741104,22.088285,2.5365309715270996,EPSG:4326
3642,2017,14.85612,22.962086,18.95113,2.3597850799560547,EPSG:4326
5501,2017,-1.5,4.826256,-1.1409848,0.0,EPSG:4326
