ID,Year,HWMdepth_m
770,2016,4.720712675781243
771,2016,4.493529896484404
772,2016,4.307704826171886
773,2016,4.985888675781268
774,2016,4.9828406757812616
775,2016,4.739000675781284
776,2016,4.3016088261719005
777,2016,4.463049896484392
778,2016,4.988936675781247
779,2016,4.9828406757812616
780,2016,5.396070103515626
781,2016,5.207479558593775
782,2016,4.97152745507816
783,2016,4.4577774726562325
784,2016,4.742221794921875
785,2016,4.46996947265626
786,2016,5.192239558593769
787,2016,4.980671455078152
788,2016,4.992863455078123
789,2016,4.980671455078152
790,2016,6.226254738281284
791,2016,5.607190648437495
792,2016,5.1140777949218545
793,2016,6.2293027382812625
794,2016,5.598046648437503
795,2016,5.120173794921925
796,2016,5.61023864843753
797,2016,5.11712579492189
2495,2016,
2496,2016,1.069240195922852
2499,2016,0.9025970532226566
2500,2016,0.9460732083129884
2502,2016,0.8414552862548845
2506,2016,0.8220377410888666
2508,2016,0.7456293548583979
2521,2016,1.13149364379883
2528,2016,1.2837129666137699
2542,2016,1.4325739794921901
2543,2016,0.13987731140136717
2544,2016,-0.19337239990234423
2545,2016,-0.16406073486328054
2546,2016,-0.06292270385742071
2547,2016,0.19502083435058637
2548,2016,2.5757530194091807
2549,2016,2.2731262255859406
2550,2016,2.1750450048828114
2552,2016,0.5445399951171908
2555,2016,
2687,2016,1.0491902075195298
2688,2016,1.766951564941408
2689,2016,1.28695202270508
2690,2016,1.8266789489746103
2691,2016,-0.4872052844238297
2692,2016,2.0337038992309573
2693,2016,3.0008008801269543
2694,2016,2.755033605041504
2695,2016,
2704,2016,0.6302324487304709
2705,2016,0.4152409967041031
2706,2016,0.3661041845703146
2707,2016,-1.8265537939453154
2708,2016,1.3379601190185575
2709,2016,1.327480576782225
2710,2016,1.175496144409184
2711,2016,2.059237255249027
2712,2016,1.0226750219726561
2713,2016,0.8813147216796899
2714,2016,1.5803549505615244
2715,2016,1.844115935668949
2716,2016,2.400269617919921
2725,2016,1.682956387939452
2726,2016,0.5362370745849603
2727,2016,0.7683322241210924
2728,2016,0.9368924530029297
2729,2016,2.0712920007324236
2730,2016,2.1332106274414073
2731,2016,1.8436909326171893
2732,2016,1.8802186837768566
2733,2016,1.0145231488037112
2734,2016,2.0393709994506857
2735,2016,2.1289864196777337
2736,2016,0.862140682983398
2737,2016,1.8563632400512695
2738,2016,0.3901823553466812
2739,2016,2.000186846923828
2740,2016,2.386907838745117
2741,2016,1.7659634307861332
2742,2016,1.5688519000244128
2743,2016,1.9629860366821283
2744,2016,1.3201787774658236
2745,2016,1.9678586248779304
2748,2016,0.006211659545897419
2749,2016,0.6056504772949225
2750,2016,1.0164285827636732
2751,2016,0.48594858276367603
2752,2016,-0.23607242065428835
2753,2016,0.8979112280273434
2754,2016,0.6620625531005864
2755,2016,1.3809923455810562
2756,2016,1.3433233477783233
2757,2016,2.527095783691408
2758,2016,2.496615783691407
2759,2016,2.5470962414550797
2760,2016,1.3922511541748044
2761,2016,1.7904855718994135
2762,2016,6.212833424682621
2763,2016,6.2433134246826185
2764,2016,6.708641641235353
2765,2016,0.6103063104248072
2766,2016,1.2196334259033215
2767,2016,0.4586745703124997
2768,2016,-1.3259348730468723
2769,2016,0.4789460052490284
2770,2016,0.41798600524902696
2771,2016,0.32107593017578395
2772,2016,0.3951734466552743
2773,2016,0.20462600524902186
2774,2016,0.2718487341308631
2775,2016,1.2704543621826154
2776,2016,1.467572589111331
2777,2016,1.4891158911132827
2778,2016,0.9546177435302745
2779,2016,1.2898977435302754
2780,2016,1.8405616748046896
2781,2016,1.8300821325683607
2782,2016,1.3840678761291514
2783,2016,1.9536909361267094
2784,2016,1.074942929534913
2785,2016,1.7732975082397466
2790,2016,1.0115921513366706
2791,2016,2.2381190390014654
2792,2016,1.6582322848510742
2793,2016,1.221112399291993
2800,2016,-66.626249921875
2801,2016,-67.37384381835938
2802,2016,-66.7823402734375
2803,2016,-66.9652202734375
2804,2016,-72.87854215332031
2805,2016,-71.1211187524414
2806,2016,-69.23255539550782
2807,2016,1.8381485076904305
2808,2016,1.9568864813232416
2809,2016,1.9787667822265647
2810,2016,
2811,2016,0.26256500000000216
2812,2016,0.2016050000000007
2813,2016,2.395045152587894
2814,2016,2.304528643798829
2815,2016,1.6946882177734395
2816,2016,0.11256615112304758
2817,2016,1.9305303704833996
2818,2016,1.5754408813476566
2819,2016,1.0344853881835938
2820,2016,1.2667285412597664
2821,2016,
2822,2016,
2823,2016,2.9703208801269536
2824,2016,3.1227208801269537
2829,2016,1.8209655718994178
2839,2016,2.0611468469238297
2840,2016,1.8563632400512695
2841,2016,1.8258832400512688
2842,2016,2.51834684692383
2843,2016,2.4573868469238285
2844,2016,2.51834684692383
2845,2016,1.4145478761291503
2846,2016,
2847,2016,1.1968629295349125
2848,2016,1.1663829295349117
2849,2016,1.742817508239746
2850,2016,2.1060909361267095
2851,2016,2.2381190390014654
2852,2016,1.0420721513366704
2853,2016,1.221112399291993
2863,2016,5.6208190118408226
2864,2016,5.773219011840823
2865,2016,1.7114125891113297
2866,2016,-1.6718563757324247
2867,2016,1.9073436389160179
2868,2016,0.5662236389160178
2869,2016,2.5350464495849643
2872,2016,-0.4872052844238297
3193,2017,0.8609616828430178
3194,2017,0.2903760828430175
3195,2017,-0.23024020445556626
3196,2017,-0.36496180445556625
3197,2017,-0.30979300445556635
3200,2017,-0.1468233308258058
3201,2017,0.03697106917419468
3202,2017,-0.5642431523162843
3203,2017,-0.7934527523162838
3204,2017,-0.832162352316284
3205,2017,-0.1828408358947753
3206,2017,-0.20112883589477537
3208,2017,0.0360055641052246
3210,2017,-0.42009535968627887
3211,2017,-0.6983777596862781
3212,2017,-2.042794835974121
3213,2017,-1.9373340359741205
3214,2017,-1.2444567703674316
3252,2017,2.30968378795166
3253,2017,2.201726556030274
3257,2017,2.9614351855712897
3258,2017,-0.6974929207397462
3262,2017,-1.2850678643432616
3264,2017,-0.386384605615234
3265,2017,2.0824606160400396
3266,2017,2.695471380725099
3270,2017,1.9960691488525413
3271,2017,2.3849939488525393
3274,2017,1.3418122776123056
3275,2017,2.562351835034182
3324,2017,0.9690616308593754
3325,2017,0.8471416308593742
3327,2017,0.09749293088378863
3328,2017,0.06244093088379188
3329,2017,0.03364477097168006
3332,2017,0.18517335114746558
3334,2017,-0.008984248852534904
3476,2017,-5.144980471435545
3477,2017,-5.175155671435547
3478,2017,-1.0102408733398462
3479,2017,-1.0797352733398426
3482,2017,-1.1312464733398429
3483,2017,4.41032978964844
3484,2017,4.354551389648439
3485,2017,-3.280562098535153
3486,2017,-3.215334898535154
3487,2017,-0.1288737105224591
3488,2017,-0.28493131052245957
3489,2017,0.22257434951171717
3490,2017,0.21068714951172396
3491,2017,0.30772129929199465
3492,2017,0.6143500992919932
3493,2017,-0.4099690929931654
3494,2017,-0.5026282929931654
3496,2017,-0.0616193983398432
3497,2017,-0.4734041983398427
3546,2017,-1.8350188255859337
3562,2017,-0.3299085133056643
3563,2017,-0.24883171330566256
3570,2017,0.8995003134765653
3571,2017,0.7976971134765627
3572,2017,0.9549739134765645
3573,2017,2.464308756884769
3574,2017,2.730399156884765
3575,2017,3.130296756884764
3582,2017,1.1725518966796926
3583,2017,-0.06453980205077414
3585,2017,0.25461802690429636
3586,2017,0.2927180269042964
3587,2017,0.5435684269043008
3592,2017,-1.932414234863277
3593,2017,-1.9482638348632797
3594,2017,0.4164170744628919
3595,2017,-0.4245983342285129
3596,2017,-0.31273673422851545
3597,2017,-0.30664073422851246
3598,2017,0.7359480484619176
3599,2017,0.7359480484619176
3600,2017,0.5865960484619137
3602,2017,-0.7664407022705078
3603,2017,-0.1809574103515601
3604,2017,-0.20808461035156256
3617,2017,-0.7290321049041748
3618,2017,-0.7076961049041746
3637,2017,-1.5616463660888655
3640,2017,-1.3748039660888658
3642,2017,-1.7224991847656241
3694,2017,0.33393283105469607
3695,2017,-0.13964898662109704
3696,2017,2.8312582292968784
3698,2017,-0.565190678320306
3699,2017,-0.4888416274414027
3703,2017,0.7427664541015702
3709,2017,2.629574095800791
3712,2017,2.5085684958007874
3714,2017,2.2347982757812446
3715,2017,-0.470694109863274
3716,2017,1.7430155714843778
3717,2017,-0.46581730986328296
3719,2017,3.874114314257824
3720,2017,4.52120471425782
3721,2017,1.595724521972663
3722,2017,1.9749535329101633
3723,2017,0.5020345797363248
3725,2017,-0.6355446360351493
3727,2017,0.5075177357421907
3728,2017,0.1457303555663998
3729,2017,1.7262913530761779
3730,2017,-0.24029506064452733
3731,2017,2.8318500618896465
3732,2017,2.790265737548829
3733,2017,0.9405847332519528
3734,2017,3.096038562133792
3735,2017,1.0541329901611327
3736,2017,1.8490487242187506
3740,2017,0.6012674617675771
3741,2017,-0.013687676708983076
3746,2017,0.28621415498047753
3748,2017,1.0175496170410128
3751,2017,0.8012762541015661
3752,2017,1.1614010280273561
3753,2017,0.895014808886728
3757,2017,0.3059884481445323
3761,2017,1.3983387395507805
3762,2017,1.7540403395507838
3763,2017,1.0979698335937513
3764,2017,-1.935319414257819
3766,2017,-0.02415149243164194
3767,2017,2.5009521098632845
3773,2017,1.0618149041992098
3774,2017,1.8451315570678712
3775,2017,1.8512275570678716
3783,2017,-69.32621230908202
3785,2017,-0.45565826923827046
3788,2017,-1.5285542692382847
3856,2017,-1.086789683398436
3858,2017,1.9962249825195286
3859,2017,0.8144322952636713
3861,2017,0.8529204994873041
3872,2017,2.2006534651367176
3911,2017,3.179378531640623
3941,2017,0.8818710533203173
3942,2017,-0.2807970172363241
3943,2017,3.0665000752929785
3944,2017,1.283579398730467
3945,2017,1.7910598570312573
3946,2017,1.4971322235351607
3948,2017,2.3866674709961018
3949,2017,1.3920468646484494
3950,2017,0.943076464648442
3951,2017,1.5129668094726583
3952,2017,0.679643609472663
3953,2017,-0.9109207953124923
3954,2017,2.220221824316411
3955,2017,3.606494908789074
3956,2017,2.303180117724608
3957,2017,1.0465268599609416
3958,2017,-0.059833554785143406
3959,2017,0.5782455499023484
3960,2017,-0.9175407547851506
3961,2017,0.3672798768066414
3962,2017,0.04474094589843958
3963,2017,1.2182618688476623
3967,2017,0.4536210333007844
3968,2017,-2.6695936749023303
3970,2017,-2.416741653124994
3971,2017,0.6475908808593829
3972,2017,-1.3905811278320215
3973,2017,0.24050185922852307
3976,2017,0.18746665922851946
3993,2017,0.4834369639160201
3996,2017,0.7131132377929745
3998,2017,-1.4267427720702983
3999,2017,0.8108406589843895
4001,2017,-0.04610064575194883
4002,2017,-0.7495166297851483
4032,2017,-2.5676494433593575
4035,2017,0.11908713955078554
4037,2017,0.31749445898438466
4039,2017,1.2852848340820344
4042,2017,0.41496762470703175
4052,2017,0.45646046132813467
4069,2017,0.5635326154785218
4071,2017,1.254751192529298
4078,2017,-0.053134033203122044
4103,2017,-0.17818065087890744
4106,2017,1.4102982163085969
4111,2017,0.8219673038574271
4215,2017,0.3527166337890577
4216,2017,0.3862446337890617
4264,2017,0.950808910888675
4265,2017,1.2207050634765721
4268,2017,-0.12000165673827468
4269,2017,0.13268058740234068
4271,2017,2.4804850544433563
4276,2017,0.8984742795410199
4277,2017,2.2562977819824255
4279,2017,1.7726960791015713
4280,2017,1.3913594687499966
4282,2017,3.7394614343261736
4284,2017,1.7209480554199246
4286,2017,3.207983324951172
4324,2017,1.3552330676269548
4325,2017,-0.8602357904052731
4326,2017,0.5268335424804675
4354,2017,0.7365734988037147
4355,2017,0.5308334988037089
4358,2017,2.623965699182131
4359,2017,2.973876099182128
4360,2017,1.940778398461914
4361,2017,1.7307711984619143
4362,2017,1.0515137969360353
4363,2017,3.200907024523925
4364,2017,1.2827358924804706
4365,2017,1.0687662924804684
4366,2017,0.20644306464843787
4367,2017,0.29544466464843744
4368,2017,1.0041992302734428
4369,2017,0.9020912302734416
4370,2017,2.1390487111816405
4371,2017,5.162906403814697
4372,2017,1.5338535833984395
4373,2017,1.6399239833984378
4374,2017,0.032607531372072174
4375,2017,0.20542913137207108
4381,2017,0.5132526043945322
4382,2017,-0.6530433295928955
4383,2017,-1.871574310205078
4384,2017,-1.5713246835876467
4385,2017,0.360211910586548
4386,2017,0.4056002212875367
4387,2017,0.3675002212875367
4390,2017,-0.22991843337860107
4391,2017,-0.11013203337860089
4392,2017,0.17592594811096185
4393,2017,-0.1499821234146117
4493,2017,0.8669390113281281
4494,2017,0.9120494113281268
4496,2017,-0.3241794961914053
4497,2017,-0.43695549619140195
4498,2017,1.515922894824218
4499,2017,1.466850094824217
4525,2017,1.1915460382690437
4526,2017,1.6277579354248068
4537,2017,1.1448116399230965
4538,2017,1.1058115636291515
4548,2017,0.22797512370605588
4549,2017,0.7260183237060573
4550,2017,0.6493022571289089
4551,2017,1.2912110571289048
4552,2017,1.4306116050292985
4553,2017,1.4556052050293005
4554,2017,2.0532667712646457
4555,2017,1.9764571712646486
4734,2017,0.6893255556640696
4772,2017,0.896939590429696
4777,2017,0.6772026742187549
4837,2017,-0.6906704628356934
4859,2017,1.1388575600585966
4860,2017,1.0109458652343761
4861,2017,0.27149434277343687
4862,2017,0.3780668818359487
4863,2017,0.6359108061523386
4864,2017,1.522056058105477
4865,2017,0.2288748227539088
4866,2017,0.9142329108886713
4867,2017,0.5168366833496094
4868,2017,0.0552945805664109
4869,2017,1.2018884577636726
4870,2017,-0.591153055908201
4871,2017,0.35965506567383443
4872,2017,0.33476945971679584
4873,2017,1.38773017504883
4874,2017,1.828857041992194
4875,2017,3.555823626953128
4876,2017,3.671647626953124
4956,2017,30.756407043359374
4957,2017,0.948664063720706
4958,2017,0.5348894977050769
4959,2017,3.0947733329711937
4977,2017,0.21415996533202986
4987,2017,0.37474791582030775
5252,2017,3.416144009536743
5258,2017,1.4100315163002017
5259,2017,1.688419085609436
5271,2017,0.3418684519088746
5301,2017,1.5041588177957537
5310,2017,1.30805595470047
5315,2017,-0.12255096303176877
5316,2017,-0.14510616303176876
5328,2017,1.7804705267227172
5329,2017,
5335,2017,0.5985898806915284
5338,2017,0.8515738806915285
5339,2017,0.6683890806915285
5346,2017,1.1073749601119998
5351,2017,0.21611199284744265
5352,2017,0.3474807928474426
5355,2017,1.092628457850647
5357,2017,1.1048204578506469
5358,2017,1.1802684446937561
5360,2017,1.1619804446937563
5362,2017,0.2684378551124572
5363,2017,0.2589890551124574
5368,2017,1.6916501814159397
5369,2017,1.5465653814159395
5371,2017,1.7679037532110216
5384,2017,2.2547847880790712
5385,2017,2.151152788079071
5386,2017,
5413,2017,0.8304698688674927
5417,2017,0.9072810160385132
5418,2017,0.8157921679740907
5419,2017,1.4650434491508486
5420,2017,1.0980189346702578
5421,2017,1.271440556878662
5422,2017,0.8254912234786989
5424,2017,0.9579353173332215
5425,2017,1.2542087947372438
5435,2017,1.2530809717178344
5436,2017,1.1491441717178346
5447,2017,1.4236069700691223
5448,2017,0.4567760524520874
5449,2017,0.5146991737739564
5453,2017,0.18967356185302742
5454,2017,-0.20587062698059078
5460,2017,0.22441988616943376
5462,2017,0.5749450051101685
5463,2017,0.17953040238418594
5464,2017,0.2697312286102296
5465,2017,0.8787007224830627
5466,2017,-0.02125507235336299
5467,2017,1.2021843433822634
5468,2017,1.2533907433822633
5469,2017,1.2212607032263756
5470,2017,0.40905319687805175
5471,2017,1.0023791737739562
5472,2017,0.921437683143616
5473,2017,0.5968071928474428
5474,2017,0.5475350026321413
5477,2017,0.8667997010314941
5478,2017,0.08147841430511482
5479,2017,0.3783697101989747
5480,2017,0.45824119306182864
5482,2017,0.8828213266483307
5483,2017,0.8828213266483307
5485,2017,1.3569376000000002
5486,2017,-0.33690087629394516
5487,2017,-0.012996373326110922
5488,2017,0.3313039962265014
5489,2017,1.0506349042755128
5490,2017,0.4293783906051636
5492,2017,-3.8135937525878907
5493,2017,0.15463975052032475
5494,2017,1.0461672347259525
5495,2017,1.0431192347259524
5496,2017,1.515540023841858
5497,2017,1.2525883810302734
5498,2017,0.21774397105407717
5500,2017,0.59864394753418
5501,2017,1.370302978100586
5502,2017,1.534183138134003
5503,2017,2.508219595865631
5504,2017,1.3760485940666198
5507,2017,0.6182079212909699
5799,2017,0.1273687097045899
5800,2017,0.02118149063110364
5801,2017,0.2873726656509401
5802,2017,1.6974335091388704
5807,2017,2.108273530203247
5808,2017,2.2938233742187606
5809,2017,1.413795472363276
5817,2017,2.266408932519539
5830,2017,1.2319526614257938
5831,2017,3.9750871944335984
5832,2017,0.731724140136734
5836,2017,1.7676097656036385
5837,2017,1.4244394652404786
5838,2017,0.31692534544067374
5839,2017,2.0743903716003427
5840,2017,0.8329319608993531
5841,2017,0.850915160899353
5843,2017,2.54040181027832
5844,2017,2.5208946102783205
5853,2017,1.15273829659729
5854,2017,0.8354318128906248
5855,2017,2.496813711877442
5856,2017,1.5971340730224615
5857,2017,2.9172033216308613
5858,2017,1.990993191424561
5859,2017,1.3195274530090337
5860,2017,3.1978255311386112
5861,2017,3.153934331138611
5862,2017,1.4559653857421893
5863,2017,1.1606277853515792
5865,2017,1.787325368750004
5869,2017,0.6231890642578151
5870,2017,2.0136055223632816
5871,2017,1.0544997316284181
5872,2017,0.8204423847656415
5878,2017,0.25807093281250104
5879,2017,0.3376237328125171
5880,2017,2.8218204334472654
5881,2017,2.2622736580459595
5886,2017,1.2068987510375973
5887,2017,2.545182862512208
5889,2017,-0.6875971392578126
5894,2017,1.2085111886718778
5895,2017,0.6452661835937477
5896,2017,0.5338751236328108
5897,2017,1.4686246553710873
5898,2017,0.3300555826172058
5915,2017,3.1014275790832526
5918,2017,0.07155688515624092
5919,2017,0.36337939765624583
5932,2017,3.098469665722657
5933,2017,0.16861733071289464
5934,2017,1.1260817856445335
5936,2017,1.7878832723632812
5940,2017,0.9495445089843813
5941,2017,1.7579901679199246
5945,2017,0.2737265028976441
5946,2017,1.2103484395019564
5947,2017,0.38685823789062823
5948,2017,0.2937793615264894
5954,2017,0.9417239301635743
5956,2017,0.766642313433838
5957,2017,1.137006243103027
5961,2017,-0.988234934997557
5966,2017,2.0766862586791994
5967,2017,0.6862725900512707
5968,2017,2.0039176318237324
5969,2017,0.9660363072631846
5971,2017,1.7125235263214114
5973,2017,1.4164029764160162
5974,2017,6.318827827087404
5975,2017,0.2952151849121094
6031,2018,-0.8603336738281087
6036,2018,-1.0819428824920654
6043,2018,0.5821750327148472
6046,2018,-0.028270740234372482
6067,2018,1.3476870593261765
6068,2018,-0.33616241650390677
6071,2018,-0.2213118020172118
6073,2018,1.5975045185089112
6074,2018,0.9287923601074217
6075,2018,1.4073763730010986
6076,2018,1.036224283813477
6086,2018,0.9312006554565446
6088,2018,-0.26851642358398387
6092,2018,1.3073557046585083
6094,2018,1.5437902607421918
6095,2018,1.5437902607421918
6097,2018,0.8109202741012576
6098,2018,1.7312362292480508
6099,2018,1.1647630815429721
6100,2018,2.0776038470459
6101,2018,1.2019879680175762
6103,2018,0.1695466796874996
6105,2018,0.5654644337158246
6106,2018,0.52917307348633
6107,2018,-0.8893981193847651
6109,2018,0.5192765336914107
6114,2018,-0.5152159513854979
6115,2018,2.715408466552738
6116,2018,1.254964199218751
6117,2018,
6118,2018,
6119,2018,1.4651666013183586
6134,2018,0.06336617968750602
6136,2018,0.25155265115356507
6137,2018,0.6956844165039087
6138,2018,0.512574676757815
6139,2018,-0.034838921020506675
6140,2018,-0.05489570312499836
6158,2018,0.560479689208984
6159,2018,0.13167968820190445
6160,2018,0.5284828615112307
6161,2018,1.2036294027099608
6162,2018,
6163,2018,0.5166561256103517
6164,2018,-0.07894876751708857
6165,2018,0.02532296765136799
6166,2018,2.6338735380859397
6172,2018,1.6817924487304694
6173,2018,0.2117215096664431
6174,2018,0.17187921881103518
6175,2018,
6176,2018,0.28504324401855463
6187,2018,0.6158030292968775
6189,2018,2.7190518682861367
6217,2018,1.825462525390627
6218,2018,0.4699488603515647
6224,2018,0.16887040245056162
6225,2018,0.33616165747070426
6226,2018,-3.734208114440918
6227,2018,1.4446932225097697
6229,2018,0.3784715831298824
6231,2018,0.3381056007080083
6232,2018,0.83382353339386
6233,2018,1.0152489580078132
6237,2018,1.241071563232424
6239,2018,0.6717686228027375
6240,2018,-0.25919814794922047
6241,2018,5.5669430056152365
6242,2018,1.0619205402832037
6243,2018,1.230020164062502
6244,2018,1.45469805911255
6245,2018,0.33525496728515947
6247,2018,-0.2119584092712401
6251,2018,0.2481316796264652
6252,2018,0.8542551147460955
6253,2018,0.9026148813629149
6254,2018,0.6280499735717773
6255,2018,0.9605268813629153
6256,2018,-0.007078752975463676
6257,2018,
6258,2018,-0.04060675297546368
6259,2018,-0.5207343844299315
6260,2018,-0.5298783844299315
6261,2018,-0.28262448071289015
6263,2018,1.3986690758056675
6266,2018,1.4561072836914093
6267,2018,0.16680750402832345
6268,2018,0.571962161376959
6269,2018,0.5841541613769579
6270,2018,0.5658661613769596
6271,2018,-1.364868639648435
6272,2018,0.8204170517578149
6284,2018,2.147687980102539
6285,2018,-5.964917727539046
6289,2018,1.946419111328126
6294,2018,0.30881035780334454
6300,2018,
6301,2018,
6302,2018,
6303,2018,
6307,2018,0.7225444531250105
6316,2018,1.3800071889648464
6332,2018,1.6899478579101554
6334,2018,0.5388256870117232
6345,2018,0.26117901916503916
6357,2018,0.8928917631835986
6359,2018,-0.7225634067382742
6361,2018,-0.38767757861327823
6375,2018,
6377,2018,-0.058170244293212825
6382,2018,-0.1283385249023432
6384,2018,0.6145652982788103
6386,2018,1.6182324016113285
6389,2018,-0.04786368421936027
6409,2018,0.4018595748291034
6410,2018,0.9828535638427738
6411,2018,1.7184490024414067
6412,2018,1.1578576292724634
6432,2018,0.11799325415039874
6448,2018,0.5300821835632332
6469,2018,0.3634589368896499
6474,2018,0.03346502315521249
6476,2018,0.0570255525817871
6477,2018,2.021288991470337
6491,2018,0.5980146288032533
6492,2018,0.527211959011078
6493,2018,0.1981119618530276
6496,2018,0.1472569727478028
6499,2018,-0.2876149777984618
6511,2018,-0.23704884663391113
6512,2018,0.2416323457717895
6513,2018,0.15196789509582542
6516,2018,0.2723780062332153
6520,2018,0.09707028972625742
6524,2018,-0.5635594659423828
6530,2018,
6531,2018,-0.8091363698425291
6532,2018,0.4949764577636717
6533,2018,1.1544299636230484
6534,2018,3.0700950424194335
6535,2018,4.287032416519166
6536,2018,4.777452454315187
6537,2018,1.5791447312316897
6538,2018,-0.0517129169921855
6539,2018,-0.09575765252685464
6541,2018,0.19109341723632944
6543,2018,0.5677634582519531
6544,2018,0.9010831387329112
6545,2018,0.1278108519287109
6546,2018,1.6111011098632808
6547,2018,0.3046645596923838
6548,2018,-0.03202999578857302
6550,2018,-0.10907844644165032
6551,2018,0.7362299423217777
6552,2018,
6553,2018,-2.1794225485229495
6563,2018,0.8249599294967651
6570,2018,0.8815055861892702
6584,2018,0.9863304222373963
6588,2018,0.0460550468750025
6590,2018,-0.014332863922119188
6593,2018,1.8090438327636775
6598,2018,0.17767006571960464
6639,2018,0.2960660520629901
6646,2018,0.5372347170410166
6648,2018,
6649,2018,2.191139590576178
6651,2018,2.493341049804698
6654,2018,0.3045262542953493
6655,2018,0.7407737515106203
6656,2018,1.393907316406251
6657,2018,0.3966611415634156
6658,2018,0.6976377894210817
6660,2018,1.049216295639038
6663,2018,
6665,2018,1.3323225329399109
6666,2018,2.1029409048490524
6669,2018,0.36680678289794955
6670,2018,1.584441103881836
6671,2018,0.7892798320770265
6673,2018,1.4273539348144535
6674,2018,0.23663582891845714
7216,2018,0.46863211772155755
7217,2018,0.46253611772155767
7218,2018,
7219,2018,
7220,2018,1.2747281296424866
7221,2018,1.3021601296424867
7222,2018,
7223,2018,
7224,2018,0.6951041081848146
7225,2018,0.6951041081848146
7226,2018,0.6985980476074221
7227,2018,1.0577179229431155
7228,2018,1.0333339229431155
7229,2018,0.14739556886291494
7230,2018,0.695290217666626
7231,2018,0.6648102176666262
7232,2018,1.032957961090088
7233,2018,1.2787521247787472
7234,2018,2.4361013076324465
7235,2018,2.4482933076324462
7236,2018,1.3714722095184326
7237,2018,0.12886657710266114
7238,2018,0.6665139381866454
7239,2018,0.6665139381866454
7240,2018,0.2726378139495851
7241,2018,0.39495220584106416
7242,2018,0.35228020584106456
7243,2018,0.6233890931777957
7246,2018,0.44565877580261226
7247,2018,
7248,2018,
7249,2018,0.8377510941925053
7250,2018,0.8316550941925049
7251,2018,0.0988568781127932
7252,2018,0.24516087811279297
7259,2018,2.8435701560173037
7260,2018,3.2794341560173037
7261,2018,0.8560707090606692
7262,2018,0.6549027090606692
7266,2018,1.6741524917030337
7267,2018,1.0561240575942996
7268,2018,1.3030120575942994
7270,2018,-0.2605367176055906
7271,2018,2.6492488945212367
7272,2018,2.5639048945212366
7277,2018,0.373385221450806
7278,2018,0.5615174375762941
7279,2018,0.22236284844970688
7280,2018,0.4337242299499513
7281,2018,0.5129722299499511
7282,2018,1.014755959945679
7283,2018,1.020851959945679
7284,2018,0.6197515836639402
7285,2018,0.7912416495666506
7286,2018,0.5770795836639406
7287,2018,0.6833245225982671
7288,2018,0.9241165225982666
7289,2018,3.1495314121341704
7290,2018,3.1891554121341708
7291,2018,-0.182882840484619
7292,2018,0.8267984362487795
7293,2018,0.9151904362487793
7294,2018,0.09571194775390612
7295,2018,1.9871361484298706
7296,2018,1.9962801484298707
7297,2018,0.5031610996398928
7298,2018,0.46963309963989275
7299,2018,0.7389371864624024
7300,2018,0.696085573348999
7301,2018,1.8355361200103757
7303,2018,0.7661895733489992
7304,2018,-0.11249665982055657
7306,2018,0.7788155846862792
7307,2018,2.9131877798614503
7308,2018,2.9497637798614504
7309,2018,1.254323808609009
7310,2018,0.5861936734771729
7311,2018,0.5400839535980224
7312,2018,0.5736119535980229
7313,2018,0.5555002117614749
7314,2018,0.5311162117614745
7315,2018,0.5807226957092286
7316,2018,0.5341642117614747
7317,2018,0.5250202117614746
7318,2018,0.8737736081085203
7319,2018,-0.9039198609161376
7320,2018,0.6081546957092288
7321,2018,-0.8886798609161377
7322,2018,0.4244362117614746
7323,2018,1.0376654108200074
7324,2018,3.442928155773163
7325,2018,2.615119191071987
7326,2018,2.612071191071987
7327,2018,1.8215907433090215
7328,2018,1.1077694108200076
7329,2018,2.0921405358200076
7330,2018,1.9814244372177123
7331,2018,1.4084733221206664
7332,2018,1.5090573221206665
7333,2018,-0.07122317222595242
7334,2018,-0.08341517222595174
7335,2018,-0.571525415802002
7336,2018,0.43071554321289085
7337,2018,-0.5532374158020015
7338,2018,
7340,2018,
7341,2018,1.5116950384063719
7342,2018,1.7159110384063725
7346,2018,1.3094481097869877
7347,2018,1.3429761097869872
7348,2018,0.6086135109710695
7349,2018,0.6355286328582763
7350,2018,
7351,2018,
7352,2018,1.3190788757724763
7353,2018,0.5435677560272216
7354,2018,0.35235350914001495
7355,2018,0.8954068757724765
7358,2018,2.3069765254058843
7359,2018,2.0478965254058843
7360,2018,1.4072189530181887
7361,2018,1.767480525405884
7362,2018,1.7370005254058838
7363,2018,0.4853027125091556
7364,2018,2.5414041204395295
7365,2018,2.6785641204395296
7366,2018,1.4082587968444824
7367,2018,2.0006533887786864
7368,2018,2.0311333887786867
7369,2018,1.908586119911194
7370,2018,1.8323861199111944
7371,2018,1.0111615050277711
7372,2018,0.9898255050277709
7373,2018,0.06228423368835445
7374,2018,0.25142806202697754
7375,2018,0.7352866448974611
7376,2018,0.11428235874938997
7377,2018,0.18443070211792012
7378,2018,0.5369319145050051
7379,2018,1.476658632751465
7380,2018,1.4461786327514647
7386,2018,1.1888040439605714
7388,2018,0.7095190540161136
7390,2018,0.49006305401611305
7394,2018,3.0565269345116617
7398,2018,0.7343907421722413
7402,2018,0.6052463193130495
7403,2018,0.5717183193130495
7404,2018,
7405,2018,3.380128145044327
7406,2018,3.325264145044327
7407,2018,
7410,2018,1.4812753522415165
7411,2018,1.0581751261596684
7412,2018,1.472131352241516
7413,2018,0.9938581922607428
7414,2018,1.0365301922607424
7415,2018,1.4062352656250003
7416,2018,1.4830828633270263
7417,2018,1.415379265625
7418,2018,1.4800348633270266
7419,2018,1.835856905910492
7420,2018,2.675258473617554
7421,2018,2.650874473617554
7422,2018,3.4702057457194333
7423,2018,1.3495730157165529
7424,2018,3.390957745719433
7425,2018,1.3709090157165527
7426,2018,1.0424069376220708
7427,2018,1.0576469376220703
7428,2018,1.3183825729599001
7431,2018,0.8034282088317872
7433,2018,0.7820922088317874
7435,2018,2.096231627983093
7437,2018,1.622760096168518
7438,2018,1.7538240961685183
7439,2018,1.615725913619995
7440,2018,0.5991035359649657
7441,2018,0.7281862295455932
7442,2018,0.5002289862976075
7443,2018,0.8481040818634034
7444,2018,0.7429668647079466
7446,2018,0.9985992300949098
7447,2018,1.0370969649734496
7448,2018,0.9775795437850956
7449,2018,0.2880596343841555
7451,2018,0.938069691421509
7453,2018,1.069956878501892
7454,2018,1.55405570072937
7455,2018,1.56319970072937
7457,2018,0.48119023634338376
7458,2018,0.9417729309539795
7460,2018,1.087762763496399
7461,2018,-0.0055387899627685755
7462,2018,0.0036052100372319096
7463,2018,0.6752481247787476
7464,2018,-0.014682789962768616
7465,2018,0.6935361247787477
7466,2018,1.2596520715637207
7467,2018,0.9809881192474363
7468,2018,1.2800961501464845
7469,2018,1.3014321501464847
7470,2018,0.8202486010437013
7471,2018,0.7044246010437014
7472,2018,0.7893432063446046
7473,2018,0.7923912063446048
7474,2018,0.9977989831085203
7475,2018,0.909406983108521
7476,2018,1.608471329879761
7477,2018,2.0374750415115357
7478,2018,1.9125070415115357
7479,2018,1.0135988744812017
7480,2018,0.9968401307220462
7481,2018,0.03800802655029312
7482,2018,-0.5166734184875486
7483,2018,0.4289929319915773
7484,2018,0.4289929319915773
7486,2018,2.0911924081535345
7487,2018,0.4850791256256106
7488,2018,0.06665663429260249
7511,2018,1.103484878501892
7513,2018,0.593291601287842
7514,2018,0.5902436012878418
7516,2018,
7517,2018,0.5574562164306642
7518,2018,0.5483122164306642
7521,2018,1.309954514732361
7522,2018,1.377010514732361
7525,2018,-0.05199765597534167
7526,2018,-0.07333365597534147
7527,2018,-0.43588094853210424
7528,2018,-0.42368894853210426
7529,2018,1.206117501022339
7532,2018,0.41885380734252964
7533,2018,2.210096097694397
7545,2018,0.6002617892761233
7546,2018,0.6094057892761229
7547,2018,0.09903749401855455
7548,2018,0.14475749401855476
7549,2018,1.0158451217575073
7550,2018,1.0646131217575072
7552,2018,0.3926384013977051
7553,2018,0.4901744013977054
7554,2018,0.5108714242172243
7555,2018,0.5169674242172242
7556,2018,-0.09551406651306138
7557,2018,-0.10465806651306142
7558,2018,0.23851232580566384
7559,2018,0.19279232580566452
7560,2018,1.5028498870773315
7561,2018,1.5455218870773315
7594,2018,1.468688466495514
7597,2018,0.6873524164276126
7599,2018,0.6277284355010986
7601,2018,0.6592560818634032
7603,2018,0.23867653465271
7605,2018,0.0847726872406005
7610,2018,0.32700597200012194
7611,2018,0.523958019683838
7612,2018,0.41005401491546634
7613,2018,0.4283121390838627
7614,2018,0.30351220584106464
7615,2018,1.517188157394409
7616,2018,1.1562399281539921
7617,2018,1.076991928153992
7618,2018,1.1897679281539917
7619,2018,0.9559726216354374
7620,2018,0.912984781829834
7621,2018,0.17012884223938007
7622,2018,0.13964884223938023
7623,2018,0.2585208422393803
7624,2018,1.5903401573944094
7625,2018,1.3731801144790654
7626,2018,1.1934788698196415
7627,2018,0.9618308698196412
7628,2018,0.9583808036193848
7629,2018,0.961428803619385
7630,2018,0.6033957722778318
7631,2018,0.606443772277832
7632,2018,0.2539893477478028
7633,2018,0.3884907368927002
7634,2018,0.305816958145142
7635,2018,0.5369300155487062
7636,2018,0.2716986816101077
7637,2018,
7638,2018,0.6900606637420652
7639,2018,1.611772601753235
7640,2018,0.5531085588378906
7641,2018,0.7446401486206056
7642,2018,0.7745193822937018
7650,2018,0.4843740988769536
7652,2018,0.6620729676895145
7654,2018,1.2130720914001465
7655,2018,0.024845319137573263
7656,2018,0.7501221256561279
7657,2018,0.8362180493621829
7658,2018,0.8388401200103761
7659,2018,0.44798414385223406
7662,2018,3.2852866126351357
7663,2018,0.5954960437164307
7664,2018,0.8117869004592899
7665,2018,1.7245473373870852
7666,2018,1.7611233373870854
7667,2018,1.1314536359710692
7668,2018,1.1466936359710695
7669,2018,1.5592001239204412
7670,2018,2.8861104885535243
7671,2018,1.4015954639816286
7672,2018,
7673,2018,1.3407031952209474
7674,2018,0.4130777022857668
7675,2018,1.7533520738525388
7676,2018,0.3399257022857669
7677,2018,1.2213575010223385
7691,2018,0.7508873059997558
7692,2018,0.6651209676895142
7699,2018,0.37495513675689685
7700,2018,0.16849057710266102
7711,2018,1.153502898254395
7728,2018,1.3391280298767092
7729,2018,0.4173006750488284
7732,2018,0.633344896163941
7733,2018,0.5693368961639407
7735,2018,1.7809929059104919
7737,2018,1.070798823097229
7824,2020,-0.03711481781005865
7825,2020,-0.47847187835693283
7826,2020,1.5651651132202158
7827,2020,-1.2745927893066398
7828,2020,-4.473040936889648
7829,2020,1.714107491760256
7830,2020,2.1713074917602544
7854,2018,0.23975070556642208
7872,2020,-0.2799997595214805
7886,2018,0.7033439294433563
7887,2018,0.6633468286132782
7889,2018,-3.3358366589355413
7890,2018,0.6298528161621064
8053,2020,2.0539794841766357
8054,2020,2.322576
8055,2020,2.456688
8056,2020,2.740152
8058,2020,0.706852862869263
8059,2020,0.9293568628692626
8060,2020,1.026909566699982
8061,2020,0.6153353319168091
8062,2020,0.6427673319168092
8063,2020,0.46236263323974613
8064,2020,0.46236263323974613
8065,2020,0.7876719093551641
8066,2020,0.7145199093551637
8067,2020,1.3066441485252382
8068,2020,1.358460148525238
8069,2020,3.0815481154327395
8070,2020,-0.7138509172058103
8073,2020,1.726159966621399
8074,2020,2.952880397491456
8075,2020,2.9987084997940063
8076,2020,3.048342615585327
8077,2020,2.979240084667206
8078,2020,4.976397459831238
8079,2020,3.3032059842300416
8084,2020,1.256592013113022
8085,2020,-0.608318385331726
8086,2020,1.3663912047683717
8107,2020,0.3556390051269531
8113,2020,3.343200023841858
9594,2022,1.1792398950958254
9602,2022,2.027366555366516
9766,2022,1.307431689163208
9767,2022,2.4457196939315797
14010,2019,2.037938419921886
14011,2019,1.9484233027343976
14021,2019,2.1071168007812844
14022,2019,0.5701562558593878
14023,2019,-1.4225462851562156
14059,2019,0.4329386874999841
14060,2019,0.4268426875000273
14061,2019,0.7325368125000296
14062,2019,0.755573826171883
14064,2019,0.5433634687500444
14119,2019,-0.043976191406216
14684,2019,-0.1557539819335858
14685,2019,-0.09479398193359145
14686,2019,-0.3451684843749945
14687,2019,-0.37564848437500586
14688,2019,-0.3315817807617094
14689,2019,-0.30110178076171223
14690,2019,0.27940389746095207
14691,2019,0.34645989746094585
14692,2019,0.014081811523439569
14693,2019,0.029321811523445263
14706,2019,0.5450159833984287
14707,2019,0.42907947656250656
14708,2019,-0.12900078417968075
14711,2019,0.3513617231445352
14714,2019,0.3690007695312545
14715,2019,0.18254884423828344
14720,2019,2.6683806035156294
14721,2019,2.6805726035156283
14855,2019,0.6837826513671814
14856,2019,-0.500840277343741
14925,2019,-0.5017285947265577
14926,2019,2.093174838867185
14928,2019,1.3812586113281213
14930,2019,1.0619743535156374
14931,2019,1.9312185034179663
14932,2019,0.6255832324218886
14943,2019,1.0016307324218872
14947,2019,0.7398417558593735
14948,2019,0.6910277939452953
15096,2019,1.1406316611328293
15101,2019,1.3485767001953377
15105,2019,1.1702231962890721
15108,2019,0.3048290898437642
15110,2019,1.346626216796892
15134,2019,1.331270275390608
15137,2019,0.5485476884765603
