ID,Actual_height_above,Predicted_height_above,Residual,Absolute_Residual
770,1.5392400000000002,1.5339542600000036,0.005285739999996597,0.005285739999996597
771,1.690624,1.6893878666666735,0.0012361333333263946,0.0012361333333263946
772,1.690624,1.6882258166666742,0.002398183333325754,0.002398183333325754
773,1.5392400000000002,1.5245820833333368,0.014657916666663384,0.014657916666663384
774,1.5392400000000002,1.5245820833333368,0.014657916666663384,0.014657916666663384
775,1.5392400000000002,1.5339542600000036,0.005285739999996597,0.005285739999996597
776,1.690624,1.6882258166666742,0.002398183333325754,0.002398183333325754
777,1.690624,1.6893878666666735,0.0012361333333263946,0.0012361333333263946
778,1.5392400000000002,1.5245820833333368,0.014657916666663384,0.014657916666663384
779,1.5392400000000002,1.5245820833333368,0.014657916666663384,0.014657916666663384
780,1.545336,1.5989867266666677,-0.0536507266666677,0.0536507266666677
781,1.6906240000000003,1.6636309966666694,0.02699300333333099,0.02699300333333099
782,1.42748,1.4271853600000022,0.00029463999999790325,0.00029463999999790325
783,1.42748,1.4301774800000024,-0.0026974800000023613,0.0026974800000023613
784,1.545336,1.532857826666667,0.01247817333333301,0.01247817333333301
785,1.42748,1.4301774800000024,-0.0026974800000023613,0.0026974800000023613
786,1.6906240000000003,1.6636309966666694,0.02699300333333099,0.02699300333333099
787,1.42748,1.4271853600000022,0.00029463999999790325,0.00029463999999790325
788,1.42748,1.4271853600000022,0.00029463999999790325,0.00029463999999790325
789,1.42748,1.4271853600000022,0.00029463999999790325,0.00029463999999790325
790,0.4754879999999999,0.46692481333333224,0.008563186666667666,0.008563186666667666
791,0.4754879999999999,0.47995289666666574,-0.00446489666666583,0.00446489666666583
792,1.545336,1.5368367366666673,0.00849926333333273,0.00849926333333273
793,0.4754879999999999,0.46692481333333224,0.008563186666667666,0.008563186666667666
794,0.4754879999999999,0.47995289666666574,-0.00446489666666583,0.00446489666666583
795,1.545336,1.5368367366666673,0.00849926333333273,0.00849926333333273
796,0.4754879999999999,0.47995289666666574,-0.00446489666666583,0.00446489666666583
797,1.545336,1.5368367366666673,0.00849926333333273,0.00849926333333273
2495,0.845312,0.8976161638095239,-0.05230416380952396,0.05230416380952396
2496,0.954024,0.9988355871428574,-0.04481158714285738,0.04481158714285738
2499,0.902208,0.9480846938095238,-0.04587669380952375,0.04587669380952375
2500,1.130808,0.9720288504761909,0.15877914952380912,0.15877914952380912
2502,0.890016,0.8685306238095244,0.021485376190475636,0.021485376190475636
2506,0.557784,1.0359521838095231,-0.4781681838095232,0.4781681838095232
2508,0.957072,0.9304609038095246,0.026611096190475414,0.026611096190475414
2521,0.10668,0.29485717,-0.18817717,0.18817717
2528,1.225296,1.2038939599999992,0.021402040000000788,0.021402040000000788
2542,1.08204,1.0714260173333334,0.010613982666666466,0.010613982666666466
2543,0.0,0.14737969000000006,-0.14737969000000006,0.14737969000000006
2544,0.09144,0.70041389,-0.60897389,0.60897389
2545,0.0,0.19214634333333344,-0.19214634333333344,0.19214634333333344
2546,0.3048,0.2789567700000003,0.025843229999999717,0.025843229999999717
2547,0.27432,0.2754909400000003,-0.0011709400000002868,0.0011709400000002868
2548,0.3048,0.40573350400000036,-0.10093350400000034,0.10093350400000034
2549,2.4384,1.7212896739999999,0.7171103260000002,0.7171103260000002
2550,0.329184,0.4029699840000003,-0.0737859840000003,0.0737859840000003
2552,0.28956,0.30891124400000003,-0.019351244000000045,0.019351244000000045
2555,0.9144,0.41510991400000036,0.49929008599999963,0.49929008599999963
2687,1.31064,1.628441625,-0.317801625,0.317801625
2688,1.95072,1.9599985292857167,-0.009278529285716708,0.009278529285716708
2689,2.1336,1.9616558792857166,0.17194412071428333,0.17194412071428333
2690,2.1336,1.9802659150000022,0.1533340849999978,0.1533340849999978
2691,0.7111999999999999,0.7705657266666672,-0.059365726666667284,0.059365726666667284
2692,0.28956,0.67462012347619,-0.38506012347619006,0.38506012347619006
2693,2.660904,2.5581952900000062,0.10270870999999371,0.10270870999999371
2694,0.088392,2.2360471504761903,-2.1476551504761905,2.1476551504761905
2695,2.801112,2.536019650666664,0.2650923493333357,0.2650923493333357
2704,0.06096,0.3643270166666667,-0.3033670166666667,0.3033670166666667
2705,0.762,0.5541484133333331,0.20785158666666692,0.20785158666666692
2706,0.0,0.42949622,-0.42949622,0.42949622
2707,0.4470399999999999,0.44107904333333325,0.005960956666666628,0.005960956666666628
2708,1.353312,1.4048409800000004,-0.05152898000000028,0.05152898000000028
2709,1.389888,1.4048409800000004,-0.014952980000000338,0.014952980000000338
2710,1.77292,1.700332726666666,0.07258727333333415,0.07258727333333415
2711,1.53924,1.6152655866666665,-0.07602558666666659,0.07602558666666659
2712,1.7109440000000002,1.6628135399999993,0.048130460000000985,0.048130460000000985
2713,1.3716,1.0879924899999995,0.2836075100000004,0.2836075100000004
2714,1.9812,1.0879924899999995,0.8932075100000005,0.8932075100000005
2715,1.700784,1.1564294033333335,0.5443545966666665,0.5443545966666665
2716,2.078736,1.1564294033333335,0.9223065966666666,0.9223065966666666
2725,0.972312,1.057086616666667,-0.08477461666666708,0.08477461666666708
2726,0.728472,1.1003864200000002,-0.3719144200000002,0.3719144200000002
2727,0.618744,0.7499797463333335,-0.13123574633333357,0.13123574633333357
2728,0.810768,0.7912475496666665,0.019520450333333494,0.019520450333333494
2729,2.161032,1.827934537333335,0.33309746266666496,0.33309746266666496
2730,2.404872,1.9855605873333355,0.4193114126666646,0.4193114126666646
2731,1.289304,1.8470429573333353,-0.5577389573333353,0.5577389573333353
2732,1.87452,1.6605855366666669,0.2139344633333331,0.2139344633333331
2733,1.15824,1.3536316166666669,-0.19539161666666693,0.19539161666666693
2734,1.834896,1.628791298333334,0.20610470166666617,0.20610470166666617
2735,0.41148,0.6787622950000002,-0.26728229500000017,0.26728229500000017
2736,0.576072,0.6841727671428579,-0.10810076714285788,0.10810076714285788
2737,2.215896,1.9320239066666638,0.2838720933333361,0.2838720933333361
2738,0.51816,0.6169406000000006,-0.09878060000000066,0.09878060000000066
2739,2.130552,2.324966647999996,-0.19441464799999641,0.19441464799999641
2740,2.478024,2.341110464666665,0.13691353533333483,0.13691353533333483
2741,2.618232,1.835582138666665,0.7826498613333348,0.7826498613333348
2742,1.892808,1.891180706666669,0.0016272933333310036,0.0016272933333310036
2743,2.112264,1.9596392100000022,0.15262478999999796,0.15262478999999796
2744,1.335024,1.2218606499999998,0.11316335000000022,0.11316335000000022
2745,1.139952,1.1598131066666664,-0.019861106666666295,0.019861106666666295
2748,1.411224,1.2401139366666667,0.17111006333333334,0.17111006333333334
2749,0.826008,1.0548217833333335,-0.22881378333333358,0.22881378333333358
2750,0.762,0.8883307100000003,-0.1263307100000003,0.1263307100000003
2751,1.0668,0.9258642900000005,0.1409357099999995,0.1409357099999995
2752,0.06096,0.38179036333333327,-0.32083036333333326,0.32083036333333326
2753,0.0,0.3643270166666667,-0.3643270166666667,0.3643270166666667
2754,1.6764,1.4424306516666676,0.23396934833333227,0.23396934833333227
2755,1.40208,1.1527631250000012,0.24931687499999877,0.24931687499999877
2756,1.0668,0.8318911238095242,0.23490887619047573,0.23490887619047573
2757,1.31064,1.3332701299999998,-0.022630129999999804,0.022630129999999804
2758,1.31064,1.3428433899999999,-0.03220338999999983,0.03220338999999983
2759,1.3716,1.3527015533333329,0.018898446666667068,0.018898446666667068
2760,1.3716,1.364792376666667,0.006807623333332957,0.006807623333332957
2761,1.46304,1.4690767333333352,-0.00603673333333532,0.00603673333333532
2762,1.31064,0.9866431033333332,0.32399689666666687,0.32399689666666687
2763,0.79248,0.9502106133333333,-0.15773061333333338,0.15773061333333338
2764,0.70104,1.196223583333333,-0.495183583333333,0.495183583333333
2765,0.3048,0.7271567033333334,-0.42235670333333336,0.42235670333333336
2766,1.6764,1.4984221999999991,0.17797780000000074,0.17797780000000074
2767,1.6764,1.243005303333334,0.43339469666666597,0.43339469666666597
2768,1.8288,1.7872083466666668,0.041591653333333145,0.041591653333333145
2769,1.6154400000000002,1.6355618800000011,-0.020121880000000925,0.020121880000000925
2770,1.88976,1.775217430000002,0.11454256999999801,0.11454256999999801
2771,1.2191999999999998,0.9777543733333327,0.24144562666666713,0.24144562666666713
2772,1.18872,0.9546424900000002,0.23407750999999977,0.23407750999999977
2773,1.6154400000000002,1.6747629700000013,-0.059322970000001085,0.059322970000001085
2774,1.12776,0.9585447766666667,0.1692152233333334,0.1692152233333334
2775,0.6096,0.8610193600000006,-0.25141936000000054,0.25141936000000054
2776,1.88976,2.0233603109523806,-0.13360031095238045,0.13360031095238045
2777,2.1336,2.1232459802857138,0.010354019714286178,0.010354019714286178
2778,2.07264,2.0685854342857146,0.0040545657142851965,0.0040545657142851965
2779,1.9812,2.062861544285715,-0.08166154428571493,0.08166154428571493
2780,2.25552,2.2659336976190487,-0.010413697619048534,0.010413697619048534
2781,2.31648,2.267817954285715,0.04866204571428501,0.04866204571428501
2782,1.560576,1.5917624828571426,-0.03118648285714265,0.03118648285714265
2783,2.017776,1.9866156428571395,0.031160357142860473,0.031160357142860473
2784,1.594104,1.6397765261904766,-0.04567252619047668,0.04567252619047668
2785,2.215896,2.0006161228571386,0.21527987714286123,0.21527987714286123
2790,1.292352,1.2228436904761921,0.06950830952380782,0.06950830952380782
2791,2.25552,2.129592787142859,0.12592721285714115,0.12592721285714115
2792,1.682496,1.553431887142857,0.12906411285714303,0.12906411285714303
2793,1.222248,1.2786419871428565,-0.05639398714285648,0.05639398714285648
2800,1.73736,1.4816412666666663,0.2557187333333337,0.2557187333333337
2801,1.40208,1.217610383333333,0.18446961666666706,0.18446961666666706
2802,0.0,0.9290867033333332,-0.9290867033333332,0.9290867033333332
2803,0.85344,0.9290867033333332,-0.07564670333333323,0.07564670333333323
2804,0.6096,0.8221277266666669,-0.21252772666666686,0.21252772666666686
2805,0.70104,0.8089967733333339,-0.10795677333333387,0.10795677333333387
2806,0.6096,0.7835574033333339,-0.17395740333333387,0.17395740333333387
2807,0.94488,1.066580713333333,-0.12170071333333288,0.12170071333333288
2808,1.335024,1.190907363333332,0.14411663666666796,0.14411663666666796
2809,2.16408,2.193906288666666,-0.029826288666666034,0.029826288666666034
2810,2.57556,2.4139787466666647,0.16158125333333517,0.16158125333333517
2811,1.58496,1.6083072566666698,-0.023347256666669924,0.023347256666669924
2812,1.50368,1.6083072566666698,-0.10462725666666994,0.10462725666666994
2813,2.65176,2.487200596666666,0.16455940333333396,0.16455940333333396
2814,2.24536,2.202044533333332,0.043315466666667746,0.043315466666667746
2815,0.953008,0.8494898766666656,0.10351812333333432,0.10351812333333432
2816,0.953008,1.0504927766666667,-0.09748477666666677,0.09748477666666677
2817,0.0,0.32492018666666694,-0.32492018666666694,0.32492018666666694
2818,1.524,0.8256752599999992,0.6983247400000008,0.6983247400000008
2819,0.953008,1.059065276666667,-0.10605727666666709,0.10605727666666709
2820,1.524,1.219561526666666,0.30443847333333407,0.30443847333333407
2821,2.49936,2.539048515999997,-0.03968851599999734,0.03968851599999734
2822,2.65176,2.536019650666664,0.11574034933333577,0.11574034933333577
2823,2.49936,2.548939530000006,-0.049579530000006145,0.049579530000006145
2824,2.52984,2.5535001000000057,-0.023660100000005624,0.023660100000005624
2829,1.46304,1.4645436800000016,-0.0015036800000016726,0.0015036800000016726
2839,2.200656,2.3266862279999962,-0.1260302279999963,0.1260302279999963
2840,1.92024,1.9333612166666638,-0.013121216666663882,0.013121216666663882
2841,1.959864,1.927690666666664,0.03217333333333605,0.03217333333333605
2842,2.410968,2.324966647999996,0.0860013520000038,0.0860013520000038
2843,2.584704,2.3441309479999957,0.24057305200000423,0.24057305200000423
2844,2.538984,2.2705169219999966,0.2684670780000036,0.2684670780000036
2845,1.591056,1.5917624828571426,-0.0007064828571425874,0.0007064828571425874
2846,1.58496,1.5917624828571426,-0.006802482857142689,0.006802482857142689
2847,1.66116,1.6397765261904766,0.021383473809523323,0.021383473809523323
2848,1.72212,1.6403835861904768,0.08173641380952335,0.08173641380952335
2849,1.761744,1.9452403128571387,-0.18349631285713874,0.18349631285713874
2850,2.33172,1.9866156428571395,0.34510435714286025,0.34510435714286025
2851,2.10312,2.129592787142859,-0.026472787142858945,0.026472787142858945
2852,1.078992,1.2228436904761921,-0.14385169047619217,0.14385169047619217
2853,1.50876,1.2786419871428565,0.23011801285714362,0.23011801285714362
2863,1.43256,1.4036759666666656,0.028884033333334447,0.028884033333334447
2864,1.46304,1.3865284266666658,0.07651157333333414,0.07651157333333414
2865,2.34696,2.1084511576190463,0.23850884238095382,0.23850884238095382
2866,1.2192,1.0159593599999996,0.20324064000000042,0.20324064000000042
2867,1.46304,1.0182563666666664,0.4447836333333335,0.4447836333333335
2868,0.1524,0.7519289000000003,-0.5995289000000004,0.5995289000000004
2869,2.49936,2.5074448199999986,-0.008084819999998771,0.008084819999998771
2872,0.7111999999999999,0.7705657266666672,-0.059365726666667284,0.059365726666667284
3193,1.045464,0.7967801776666659,0.24868382233333408,0.24868382233333408
3194,0.576072,0.7967801776666659,-0.22070817766666584,0.22070817766666584
3195,0.545592,0.21121179500000076,0.3343802049999992,0.3343802049999992
3196,0.094488,0.21121179500000076,-0.11672379500000075,0.11672379500000075
3197,0.0,0.21121179500000076,-0.21121179500000076,0.21121179500000076
3200,0.0,0.5049222820000002,-0.5049222820000002,0.5049222820000002
3201,0.432816,0.5049222820000002,-0.07210628200000024,0.07210628200000024
3202,0.387096,0.4269229459999999,-0.03982694599999992,0.03982694599999992
3203,0.451104,0.4269229459999999,0.02418105400000009,0.02418105400000009
3204,0.0,0.4269229459999999,-0.4269229459999999,0.4269229459999999
3205,0.32004,0.32575944500000054,-0.005719445000000545,0.005719445000000545
3206,0.32004,0.32575944500000054,-0.005719445000000545,0.005719445000000545
3208,0.3048,0.32575944500000054,-0.02095944500000052,0.02095944500000052
3210,0.950976,0.6778417566666671,0.2731342433333329,0.2731342433333329
3211,0.71628,0.6778417566666671,0.0384382433333329,0.0384382433333329
3212,0.633984,0.5538067833333339,0.0801772166666661,0.0801772166666661
3213,0.435864,0.5538067833333339,-0.11794278333333391,0.11794278333333391
3214,0.164592,0.7398942106666663,-0.5753022106666663,0.5753022106666663
3252,2.4384,2.4331849566666666,0.005215043333333558,0.005215043333333558
3253,2.4384,2.3913105166666666,0.047089483333333515,0.047089483333333515
3257,0.0,1.4386562116666668,-1.4386562116666668,1.4386562116666668
3258,0.0,0.21906484000000018,-0.21906484000000018,0.21906484000000018
3262,0.12192,0.44053040333333277,-0.3186104033333328,0.3186104033333328
3264,0.12192,0.32957431333333376,-0.20765431333333376,0.20765431333333376
3265,2.1336,2.2778663696666666,-0.14426636966666662,0.14426636966666662
3266,2.7432,2.5197581049999997,0.2234418950000001,0.2234418950000001
3270,3.9624,2.815547666666667,1.1468523333333334,1.1468523333333334
3271,0.0,2.815547666666667,-2.815547666666667,2.815547666666667
3274,1.2192,1.2417059239999997,-0.022505923999999622,0.022505923999999622
3275,2.4384,1.0153360016666668,1.4230639983333333,1.4230639983333333
3324,3.61188,0.2597198683333334,3.352160131666667,3.352160131666667
3325,0.2286,0.2597198683333334,-0.031119868333333384,0.031119868333333384
3327,0.246888,0.21738886333333343,0.029499136666666564,0.029499136666666564
3328,0.204216,0.21738886333333343,-0.013172863333333423,0.013172863333333423
3329,0.0,0.08739124000000004,-0.08739124000000004,0.08739124000000004
3332,0.246888,0.05910537666666668,0.18778262333333332,0.18778262333333332
3334,0.0,0.05910537666666668,-0.05910537666666668,0.05910537666666668
3476,0.085344,0.04377097333333321,0.04157302666666679,0.04157302666666679
3477,0.0,0.04377097333333321,-0.04377097333333321,0.04377097333333321
3478,0.445008,0.4593894800000003,-0.01438148000000028,0.01438148000000028
3479,0.908304,0.4593894800000003,0.4489145199999997,0.4489145199999997
3482,0.0,0.4593894800000003,-0.4593894800000003,0.4593894800000003
3483,0.542544,0.2629450333333337,0.27959896666666634,0.27959896666666634
3484,0.0,0.2629450333333337,-0.2629450333333337,0.2629450333333337
3485,0.0,0.35061059333333366,-0.35061059333333366,0.35061059333333366
3486,0.0,0.35061059333333366,-0.35061059333333366,0.35061059333333366
3487,0.0,0.05411173666666663,-0.05411173666666663,0.05411173666666663
3488,0.0,0.05411173666666663,-0.05411173666666663,0.05411173666666663
3489,0.0,0.3949454466666667,-0.3949454466666667,0.3949454466666667
3490,0.0,0.3949454466666667,-0.3949454466666667,0.3949454466666667
3491,0.0,0.005461000000000001,-0.005461000000000001,0.005461000000000001
3492,0.0,0.005461000000000001,-0.005461000000000001,0.005461000000000001
3493,0.18288,0.26900462666666647,-0.08612462666666648,0.08612462666666648
3494,1.58496,0.26900462666666647,1.3159553733333333,1.3159553733333333
3496,2.60604,0.062022143333333314,2.5440178566666667,2.5440178566666667
3497,0.0,0.062022143333333314,-0.062022143333333314,0.062022143333333314
3546,0.0,0.20051606666666674,-0.20051606666666674,0.20051606666666674
3562,0.0,0.19938238000000005,-0.19938238000000005,0.19938238000000005
3563,0.0,0.19938238000000005,-0.19938238000000005,0.19938238000000005
3570,1.524,1.0953606066666675,0.42863939333333256,0.42863939333333256
3571,1.292352,1.0953606066666675,0.1969913933333325,0.1969913933333325
3572,0.920496,1.0953606066666675,-0.17486460666666748,0.17486460666666748
3573,2.62128,1.9659624130000037,0.6553175869999963,0.6553175869999963
3574,1.716024,1.9659624130000037,-0.24993841300000375,0.24993841300000375
3575,1.450848,1.9659624130000037,-0.5151144130000038,0.5151144130000038
3582,0.0,0.7250946466666668,-0.7250946466666668,0.7250946466666668
3583,0.0,0.09794324666666666,-0.09794324666666666,0.09794324666666666
3585,0.341376,0.3872462833333332,-0.045870283333333206,0.045870283333333206
3586,0.432816,0.3872462833333332,0.04556971666666676,0.04556971666666676
3587,0.908304,0.3872462833333332,0.5210577166666668,0.5210577166666668
3592,0.423672,0.2089448450000002,0.21472715499999978,0.21472715499999978
3593,0.0,0.2089448450000002,-0.2089448450000002,0.2089448450000002
3594,0.536448,0.5919114400000002,-0.05546344000000014,0.05546344000000014
3595,1.776984,2.5223599540000037,-0.7453759540000038,0.7453759540000038
3596,0.752856,2.5223599540000037,-1.7695039540000037,1.7695039540000037
3597,3.681984,2.5223599540000037,1.1596240459999962,1.1596240459999962
3598,0.390144,0.5245823899999993,-0.1344383899999993,0.1344383899999993
3599,0.569976,0.5245823899999993,0.04539361000000075,0.04539361000000075
3600,0.600456,0.5245823899999993,0.0758736100000007,0.0758736100000007
3602,1.15824,1.1759272899999997,-0.0176872899999998,0.0176872899999998
3603,0.6096,0.6974741363333332,-0.08787413633333319,0.08787413633333319
3604,0.463296,0.6974741363333332,-0.23417813633333323,0.23417813633333323
3617,0.0,0.10441135666666661,-0.10441135666666661,0.10441135666666661
3618,0.0,0.10441135666666661,-0.10441135666666661,0.10441135666666661
3637,0.0,0.011250506666666667,-0.011250506666666667,0.011250506666666667
3640,0.0,0.011250506666666667,-0.011250506666666667,0.011250506666666667
3642,2.19456,1.637456974000001,0.5571030259999992,0.5571030259999992
3694,1.267968,1.1216172216666669,0.1463507783333331,0.1463507783333331
3695,0.0,0.10222610999999997,-0.10222610999999997,0.10222610999999997
3696,0.437896,0.4170193166666662,0.020876683333333812,0.020876683333333812
3698,0.0,0.3753154800000001,-0.3753154800000001,0.3753154800000001
3699,0.237744,0.2675572500000002,-0.02981325000000018,0.02981325000000018
3703,0.688848,0.7520967516666669,-0.06324875166666688,0.06324875166666688
3709,0.0,0.038474649999999985,-0.038474649999999985,0.038474649999999985
3712,0.0,0.038474649999999985,-0.038474649999999985,0.038474649999999985
3714,1.709928,0.3612129766666667,1.3487150233333332,1.3487150233333332
3715,0.0,0.004055956666666667,-0.004055956666666667,0.004055956666666667
3716,1.734312,0.3553443066666667,1.3789676933333332,1.3789676933333332
3717,0.0,0.004055956666666667,-0.004055956666666667,0.004055956666666667
3719,0.94488,0.44656205666666726,0.4983179433333328,0.4983179433333328
3720,0.0,0.44656205666666726,-0.44656205666666726,0.44656205666666726
3721,0.6096,0.6888437666666664,-0.07924376666666633,0.07924376666666633
3722,0.0,0.07687013666666656,-0.07687013666666656,0.07687013666666656
3723,0.8382,0.7686641133333332,0.06953588666666677,0.06953588666666677
3725,0.16256,0.11148567999999986,0.051074320000000145,0.051074320000000145
3727,0.0,0.014202833333333331,-0.014202833333333331,0.014202833333333331
3728,0.0,0.16308239333333335,-0.16308239333333335,0.16308239333333335
3729,0.0,0.010075333333333334,-0.010075333333333334,0.010075333333333334
3730,0.0,0.050115046666666656,-0.050115046666666656,0.050115046666666656
3731,0.12192,0.23677456666666688,-0.11485456666666688,0.11485456666666688
3732,0.44704,0.33328186666666687,0.11375813333333312,0.11375813333333312
3733,0.713232,0.7816515566666665,-0.06841955666666655,0.06841955666666655
3734,0.89916,0.8323541899999998,0.06680581000000019,0.06680581000000019
3735,0.3048,0.17377198333333355,0.13102801666666647,0.13102801666666647
3736,0.0,0.14023721000000014,-0.14023721000000014,0.14023721000000014
3740,0.57912,0.7488957166666664,-0.16977571666666647,0.16977571666666647
3741,0.8554719999999999,0.7852465033333327,0.07022549666666722,0.07022549666666722
3746,0.0,0.2855582300000002,-0.2855582300000002,0.2855582300000002
3748,0.771144,0.6619606183333334,0.10918338166666663,0.10918338166666663
3751,1.3716,1.0671647016666674,0.3044352983333325,0.3044352983333325
3752,1.060704,0.9495705333333332,0.1111334666666669,0.1111334666666669
3753,0.606552,0.7824275266666667,-0.17587552666666673,0.17587552666666673
3757,0.48768,0.6554146150000009,-0.16773461500000086,0.16773461500000086
3761,0.798576,0.6722634933333331,0.12631250666666682,0.12631250666666682
3762,1.313688,0.6889898166666665,0.6246981833333335,0.6246981833333335
3763,0.0,0.058224843333333345,-0.058224843333333345,0.058224843333333345
3764,0.0,0.2608228633333334,-0.2608228633333334,0.2608228633333334
3766,0.21336,0.19090470666666662,0.022455293333333376,0.022455293333333376
3767,0.0,0.05041815333333335,-0.05041815333333335,0.05041815333333335
3773,1.469136,1.293334345,0.1758016549999999,0.1758016549999999
3774,0.4572,0.6168559333333333,-0.15965593333333333,0.15965593333333333
3775,0.762,0.6168559333333333,0.14514406666666668,0.14514406666666668
3783,0.0,0.6616497646666669,-0.6616497646666669,0.6616497646666669
3785,0.146304,0.11174433666666675,0.03455966333333324,0.03455966333333324
3788,0.06096,0.11174433666666675,-0.05078433666666675,0.05078433666666675
3856,0.7213600000000001,0.6875098433333335,0.033850156666666575,0.033850156666666575
3858,0.490728,0.5156970466666663,-0.024969046666666272,0.024969046666666272
3859,0.98044,0.9587133056666666,0.021726694333333407,0.021726694333333407
3861,1.00584,0.9697410119999994,0.036098988000000665,0.036098988000000665
3872,1.8288,1.5790106426666675,0.24978935733333252,0.24978935733333252
3911,0.0,0.018577560000000003,-0.018577560000000003,0.018577560000000003
3941,1.08204,0.2322457466666668,0.8497942533333331,0.8497942533333331
3942,0.6858,0.22443143666666682,0.46136856333333315,0.46136856333333315
3943,0.0,0.05672031666666665,-0.05672031666666665,0.05672031666666665
3944,0.0,0.07779850666666664,-0.07779850666666664,0.07779850666666664
3945,0.73152,1.164114596666667,-0.4325945966666671,0.4325945966666671
3946,1.78308,1.4096235883333348,0.3734564116666652,0.3734564116666652
3948,1.78308,1.3749574566666687,0.4081225433333313,0.4081225433333313
3949,1.161288,0.7395734933333342,0.4217145066666659,0.4217145066666659
3950,0.3048,0.7395734933333342,-0.4347734933333342,0.4347734933333342
3951,0.0,0.009816676666666664,-0.009816676666666664,0.009816676666666664
3952,0.0,0.009816676666666664,-0.009816676666666664,0.009816676666666664
3953,0.0,0.09714611,-0.09714611,0.09714611
3954,2.10312,1.6771340599999995,0.42598594000000056,0.42598594000000056
3955,0.88392,0.7569320650000004,0.1269879349999996,0.1269879349999996
3956,0.0,0.07524411333333333,-0.07524411333333333,0.07524411333333333
3957,0.0,0.026954903333333332,-0.026954903333333332,0.026954903333333332
3958,0.0,0.5666621466666666,-0.5666621466666666,0.5666621466666666
3959,0.39624,0.4084654433333332,-0.012225443333333197,0.012225443333333197
3960,0.0,0.5666621466666666,-0.5666621466666666,0.5666621466666666
3961,0.28956,0.3316943666666666,-0.04213436666666659,0.04213436666666659
3962,0.292608,0.3042331566666665,-0.011625156666666525,0.011625156666666525
3963,0.3048,0.36753334333333304,-0.06273334333333302,0.06273334333333302
3967,0.28956,0.26696331333333356,0.02259668666666642,0.02259668666666642
3968,0.0,0.061110283333333335,-0.061110283333333335,0.061110283333333335
3970,0.237744,0.25480560333333346,-0.017061603333333453,0.017061603333333453
3971,0.6096,0.5807856050000001,0.028814394999999937,0.028814394999999937
3972,0.6096,0.6191597133333334,-0.009559713333333386,0.009559713333333386
3973,0.381,0.35720909000000023,0.023790909999999776,0.023790909999999776
3976,0.19812,0.35720909000000023,-0.15908909000000024,0.15908909000000024
3993,0.341376,0.34347065333333354,-0.0020946533333335293,0.0020946533333335293
3996,0.341376,0.33625917000000016,0.00511682999999985,0.00511682999999985
3998,1.133856,0.9558792583333332,0.17797674166666677,0.17797674166666677
3999,0.67056,0.862031761666667,-0.1914717616666669,0.1914717616666669
4001,0.0,0.011337713333333332,-0.011337713333333332,0.011337713333333332
4002,0.0,0.010057553333333333,-0.010057553333333333,0.010057553333333333
4032,0.633984,0.5303426866666663,0.1036413133333337,0.1036413133333337
4035,0.0,0.07926366333333337,-0.07926366333333337,0.07926366333333337
4037,0.13716,0.14918605333333346,-0.012026053333333453,0.012026053333333453
4039,0.0,0.07698316666666666,-0.07698316666666666,0.07698316666666666
4042,0.41148,0.2753533566666667,0.1361266433333333,0.1361266433333333
4052,0.0,0.07646543,-0.07646543,0.07646543
4069,1.069848,1.0080807033333334,0.06176729666666647,0.06176729666666647
4071,0.0,0.14451118333333335,-0.14451118333333335,0.14451118333333335
4078,0.0,0.5401767200000002,-0.5401767200000002,0.5401767200000002
4103,0.82296,0.7843685100000005,0.038591489999999506,0.038591489999999506
4106,0.0,0.05164285666666668,-0.05164285666666668,0.05164285666666668
4111,0.33528,0.40798834666666706,-0.07270834666666703,0.07270834666666703
4215,0.0,0.01262253,-0.01262253,0.01262253
4216,0.0,0.01262253,-0.01262253,0.01262253
4264,0.88392,0.8820228739999998,0.0018971260000002488,0.0018971260000002488
4265,1.3716,1.2173005033333342,0.15429949666666576,0.15429949666666576
4268,0.0,0.17292785666666652,-0.17292785666666652,0.17292785666666652
4269,0.417576,0.3126147333333331,0.10496126666666689,0.10496126666666689
4271,0.51816,0.5019550963333331,0.016204903666666826,0.016204903666666826
4276,0.27432,0.25302379333333375,0.021296206666666262,0.021296206666666262
4277,0.2286,0.25403302000000055,-0.025433020000000556,0.025433020000000556
4279,0.0,0.01051179,-0.01051179,0.01051179
4280,0.0,0.011842749999999999,-0.011842749999999999,0.011842749999999999
4282,0.0,0.07886361333333332,-0.07886361333333332,0.07886361333333332
4284,0.65532,0.5904058549999995,0.06491414500000048,0.06491414500000048
4286,0.59436,0.5615984449999997,0.03276155500000033,0.03276155500000033
4324,0.82296,0.8155793949999999,0.007380605000000151,0.007380605000000151
4325,0.0,0.6102205220000002,-0.6102205220000002,0.6102205220000002
4326,0.57912,0.5838977399999998,-0.004777739999999864,0.004777739999999864
4354,0.801624,0.5710114733333331,0.23061252666666687,0.23061252666666687
4355,0.341376,0.5710114733333331,-0.22963547333333312,0.22963547333333312
4358,2.654808,1.9697158980000007,0.6850921019999994,0.6850921019999994
4359,1.55448,1.9697158980000007,-0.4152358980000006,0.4152358980000006
4360,2.04216,0.9330469866666665,1.1091130133333333,1.1091130133333333
4361,1.959864,0.9330469866666665,1.0268170133333334,1.0268170133333334
4362,0.0,0.7647482376666666,-0.7647482376666666,0.7647482376666666
4363,0.0,0.2406625446666666,-0.2406625446666666,0.2406625446666666
4364,0.0,0.013301133333333326,-0.013301133333333326,0.013301133333333326
4365,0.0,0.013301133333333326,-0.013301133333333326,0.013301133333333326
4366,0.173736,0.32538924,-0.15165324000000002,0.15165324000000002
4367,0.222504,0.32538924,-0.10288524000000002,0.10288524000000002
4368,0.768096,0.9235901433333338,-0.15549414333333378,0.15549414333333378
4369,1.014984,0.9235901433333338,0.09139385666666633,0.09139385666666633
4370,1.947672,1.614916971666667,0.33275502833333315,0.33275502833333315
4371,0.935736,0.9052348333333328,0.030501166666667245,0.030501166666667245
4372,1.362456,1.2015684629999996,0.16088753700000025,0.16088753700000025
4373,1.444752,1.2015684629999996,0.2431835370000004,0.2431835370000004
4374,0.06096,0.3428268479999997,-0.28186684799999967,0.28186684799999967
4375,0.512064,0.3428268479999997,0.16923715200000028,0.16923715200000028
4381,0.0,0.08605012000000001,-0.08605012000000001,0.08605012000000001
4382,0.0,0.10325396333333332,-0.10325396333333332,0.10325396333333332
4383,0.0,0.4815178329999998,-0.4815178329999998,0.4815178329999998
4384,0.0,0.04134844833333335,-0.04134844833333335,0.04134844833333335
4385,0.0,0.21984144500000002,-0.21984144500000002,0.21984144500000002
4386,0.0,0.04075684000000001,-0.04075684000000001,0.04075684000000001
4387,0.2621279999999999,0.04075684000000001,0.2213711599999999,0.2213711599999999
4390,0.0,0.03262329433333334,-0.03262329433333334,0.03262329433333334
4391,0.0,0.05589223433333333,-0.05589223433333333,0.05589223433333333
4392,0.0,0.006354656666666667,-0.006354656666666667,0.006354656666666667
4393,0.0,0.004416636666666666,-0.004416636666666666,0.004416636666666666
4493,1.106424,0.6951584183333327,0.4112655816666674,0.4112655816666674
4494,0.67056,0.6951584183333327,-0.02459841833333265,0.02459841833333265
4496,0.0,0.14178237666666674,-0.14178237666666674,0.14178237666666674
4497,0.0,0.14178237666666674,-0.14178237666666674,0.14178237666666674
4498,0.0,0.2587231300000001,-0.2587231300000001,0.2587231300000001
4499,0.509016,0.2587231300000001,0.25029286999999995,0.25029286999999995
4525,1.313688,1.3117840583333342,0.0019039416666657427,0.0019039416666657427
4526,1.23444,1.3059522183333343,-0.07151221833333432,0.07151221833333432
4537,1.05156,1.238694246,-0.18713424600000006,0.18713424600000006
4538,1.359408,1.4000391946666673,-0.040631194666667314,0.040631194666667314
4548,0.390144,0.45789511333333344,-0.06775111333333345,0.06775111333333345
4549,0.112776,0.45789511333333344,-0.34511911333333345,0.34511911333333345
4550,0.8615680000000001,1.1217755483333323,-0.26020754833333215,0.26020754833333215
4551,1.353312,1.1217755483333323,0.2315364516666678,0.2315364516666678
4552,1.32588,1.234130543333334,0.0917494566666659,0.0917494566666659
4553,1.61544,1.234130543333334,0.38130945666666594,0.38130945666666594
4554,0.67056,0.6677486433333332,0.0028113566666668754,0.0028113566666668754
4555,0.649224,0.6677486433333332,-0.018524643333333146,0.018524643333333146
4734,0.16256,0.23317453999999974,-0.07061453999999973,0.07061453999999973
4772,0.1524,0.1963163883333333,-0.043916388333333306,0.043916388333333306
4777,0.652272,0.5571608533333334,0.09511114666666654,0.09511114666666654
4837,0.0,0.04103094833333334,-0.04103094833333334,0.04103094833333334
4859,0.4826,0.7949209400000005,-0.3123209400000005,0.3123209400000005
4860,0.4826,0.754460433333334,-0.27186043333333404,0.27186043333333404
4861,0.57404,0.8519426700000006,-0.2779026700000006,0.2779026700000006
4862,0.7366,1.0228999100000014,-0.2862999100000013,0.2862999100000013
4863,1.0312400000000002,1.0922351366666678,-0.06099513666666767,0.06099513666666767
4864,0.418592,0.4958516033333339,-0.07725960333333387,0.07725960333333387
4865,0.418592,0.5730500350000007,-0.15445803500000072,0.15445803500000072
4866,0.713232,0.8820228739999998,-0.1687908739999998,0.1687908739999998
4867,0.433832,0.6091296766666671,-0.17529767666666707,0.17529767666666707
4868,1.3208,1.0870518433333345,0.23374815666666549,0.23374815666666549
4869,0.65532,0.7920366429999999,-0.13671664299999986,0.13671664299999986
4870,0.65532,0.836036343333333,-0.18071634333333297,0.18071634333333297
4871,0.62484,0.4008945500000003,0.22394544999999966,0.22394544999999966
4872,0.46228,0.4465260733333334,0.01575392666666664,0.01575392666666664
4873,0.39116,0.43448689666666696,-0.04332689666666695,0.04332689666666695
4874,0.46228,0.4451938433333336,0.017086156666666408,0.017086156666666408
4875,0.39116,0.401470283333333,-0.010310283333333004,0.010310283333333004
4876,0.39116,0.401470283333333,-0.010310283333333004,0.010310283333333004
4956,0.8310879999999999,0.8488258783333326,-0.017737878333332624,0.017737878333332624
4957,2.4384,0.8191838243333333,1.6192161756666668,1.6192161756666668
4958,0.71628,0.7432700400000001,-0.02699004000000005,0.02699004000000005
4959,0.85344,0.852519461666666,0.0009205383333339423,0.0009205383333339423
4977,0.35052,0.6690042500000003,-0.3184842500000003,0.3184842500000003
4987,0.24384,0.7680862633333332,-0.5242462633333331,0.5242462633333331
5252,1.338072,0.8140387580000003,0.5240332419999997,0.5240332419999997
5258,1.292352,1.224930113000001,0.06742188699999896,0.06742188699999896
5259,1.6002,1.0883509263333337,0.5118490736666663,0.5118490736666663
5271,0.847344,0.7682508553333325,0.0790931446666675,0.0790931446666675
5301,1.016,0.9987482353333332,0.01725176466666678,0.01725176466666678
5310,0.56896,0.5544770469999998,0.014482953000000243,0.014482953000000243
5315,0.41656,0.5055829360000001,-0.08902293600000016,0.08902293600000016
5316,0.41656,0.5055829360000001,-0.08902293600000016,0.08902293600000016
5328,0.5344159999999999,0.5392345493333325,-0.004818549333332589,0.004818549333332589
5329,0.5344159999999999,0.5392345493333325,-0.004818549333332589,0.004818549333332589
5335,0.527304,0.6802484066666663,-0.1529444066666663,0.1529444066666663
5338,0.804672,0.6802484066666663,0.12442359333333375,0.12442359333333375
5339,0.585216,0.6802484066666663,-0.09503240666666635,0.09503240666666635
5346,0.920496,0.8445262933333336,0.07596970666666636,0.07596970666666636
5351,0.195072,0.3921610140000004,-0.19708901400000042,0.19708901400000042
5352,0.356616,0.3921610140000004,-0.03554501400000043,0.03554501400000043
5355,0.923544,0.8798873266666665,0.04365667333333356,0.04365667333333356
5357,0.829056,0.8798873266666665,-0.050831326666666454,0.050831326666666454
5358,0.51816,0.7949691999999997,-0.27680919999999976,0.27680919999999976
5360,1.0668,0.7949691999999997,0.27183080000000026,0.27183080000000026
5362,0.435864,0.47517498733333347,-0.03931098733333349,0.03931098733333349
5363,0.295656,0.47517498733333347,-0.1795189873333335,0.1795189873333335
5368,1.66116,1.254544608000001,0.4066153919999991,0.4066153919999991
5369,1.456944,1.254544608000001,0.20239939199999912,0.20239939199999912
5371,0.381,0.48696710666666637,-0.10596710666666637,0.10596710666666637
5384,1.016,1.0242022103333333,-0.008202210333333237,0.008202210333333237
5385,1.016,1.0242022103333333,-0.008202210333333237,0.008202210333333237
5386,0.99568,0.9957466326666659,-6.663266666584455e-05,6.663266666584455e-05
5413,0.79248,0.8118096963333343,-0.019329696333334367,0.019329696333334367
5417,0.969264,0.8671207363333326,0.10214326366666737,0.10214326366666737
5418,0.725424,0.6598844223333334,0.06553957766666652,0.06553957766666652
5419,0.381,0.43163024333333355,-0.05063024333333355,0.05063024333333355
5420,1.039368,0.873688202666666,0.16567979733333404,0.16567979733333404
5421,1.298448,0.48628748733333377,0.8121605126666662,0.8121605126666662
5422,0.252984,0.4562510136666664,-0.20326701366666644,0.20326701366666644
5424,0.771144,0.6278198433333332,0.14332415666666687,0.14332415666666687
5425,0.246888,0.9874230526666669,-0.7405350526666669,0.7405350526666669
5435,1.23444,1.1106755789999998,0.12376442100000018,0.12376442100000018
5436,1.09728,1.1106755789999998,-0.013395578999999769,0.013395578999999769
5447,1.34112,1.2580120466666664,0.08310795333333365,0.08310795333333365
5448,0.115824,0.9536469370000007,-0.8378229370000007,0.8378229370000007
5449,0.356616,0.7672088203333339,-0.41059282033333394,0.41059282033333394
5453,0.06096,0.09962049333333342,-0.03866049333333342,0.03866049333333342
5454,0.1524,0.2987996733333333,-0.14639967333333329,0.14639967333333329
5460,0.21336,0.25915154333333323,-0.04579154333333324,0.04579154333333324
5462,0.323088,0.3636827033333339,-0.040594703333333926,0.040594703333333926
5463,0.54864,0.5323032279999997,0.016336772000000277,0.016336772000000277
5464,0.377952,0.36573714000000057,0.012214859999999439,0.012214859999999439
5465,0.576072,0.5294302763333326,0.04664172366666741,0.04664172366666741
5466,0.530352,0.5161443829999993,0.014207617000000727,0.014207617000000727
5467,0.893064,1.1892633060000017,-0.29619930600000177,0.29619930600000177
5468,1.389888,1.1892633060000017,0.20062469399999827,0.20062469399999827
5469,0.56388,0.6520552533333333,-0.0881752533333332,0.0881752533333332
5470,0.41148,0.5054802776666665,-0.09400027766666647,0.09400027766666647
5471,0.542544,0.5518255833333334,-0.009281583333333399,0.009281583333333399
5472,1.374648,0.6436552193333334,0.7309927806666667,0.7309927806666667
5473,0.387096,0.6590411423333332,-0.2719451423333332,0.2719451423333332
5474,0.780288,0.5973550833333332,0.18293291666666678,0.18293291666666678
5477,0.3048,0.27067954499999997,0.03412045500000005,0.03412045500000005
5478,0.33528,0.3215451616666669,0.01373483833333311,0.01373483833333311
5479,0.70104,0.2877229450000001,0.4133170549999999,0.4133170549999999
5480,0.67056,0.6142393523333336,0.056320647666666446,0.056320647666666446
5482,0.3048,0.2949820533333334,0.009817946666666633,0.009817946666666633
5483,0.3048,0.2949820533333334,0.009817946666666633,0.009817946666666633
5485,0.0,0.09728877333333338,-0.09728877333333338,0.09728877333333338
5486,0.21336,0.19018313500000006,0.023176864999999935,0.023176864999999935
5487,0.70104,0.7198324016666665,-0.018792401666666514,0.018792401666666514
5488,0.57912,0.6575140096666656,-0.07839400966666565,0.07839400966666565
5489,0.79248,0.7392825786666656,0.05319742133333438,0.05319742133333438
5490,0.67056,0.7191408019999992,-0.048580801999999146,0.048580801999999146
5492,0.0,0.07189851000000003,-0.07189851000000003,0.07189851000000003
5493,0.09144,0.13266928000000008,-0.04122928000000009,0.04122928000000009
5494,0.67056,0.683995795666667,-0.013435795666666972,0.013435795666666972
5495,0.6096,0.683995795666667,-0.07439579566666699,0.07439579566666699
5496,1.03632,0.928964275333334,0.10735572466666587,0.10735572466666587
5497,1.03632,1.2046946103333338,-0.1683746103333339,0.1683746103333339
5498,0.762,0.8215105913333336,-0.059510591333333585,0.059510591333333585
5500,0.51816,0.4955663613333342,0.02259363866666575,0.02259363866666575
5501,0.42672,0.47772163366666726,-0.05100163366666727,0.05100163366666727
5502,1.3716,0.9971183173333329,0.37448168266666704,0.37448168266666704
5503,0.9144,0.9852267993333321,-0.07082679933333214,0.07082679933333214
5504,1.61544,1.4103307666666687,0.2051092333333313,0.2051092333333313
5507,0.47244,0.5039036996666661,-0.03146369966666612,0.03146369966666612
6031,1.459992,1.2347401433333334,0.22525185666666658,0.22525185666666658
6036,0.0,0.061948271666666666,-0.061948271666666666,0.061948271666666666
6043,0.524256,0.5380994233333337,-0.01384342333333366,0.01384342333333366
6046,0.124968,0.2158756583333333,-0.09090765833333331,0.09090765833333331
6067,1.2192,1.1805972916666665,0.03860270833333357,0.03860270833333357
6068,0.445008,0.9543766366666666,-0.5093686366666665,0.5093686366666665
6071,0.0,0.7562121866666668,-0.7562121866666668,0.7562121866666668
6073,1.161288,0.5046499516666665,0.6566380483333336,0.6566380483333336
6074,0.65532,0.6188138499999996,0.03650615000000046,0.03650615000000046
6075,1.408176,1.3009222140000012,0.10725378599999891,0.10725378599999891
6076,0.9906,0.9300489400000005,0.060551059999999546,0.060551059999999546
6086,0.597408,0.5981712699999998,-0.0007632699999997605,0.0007632699999997605
6088,0.134112,0.21422740999999998,-0.08011540999999997,0.08011540999999997
6092,0.954024,0.771498541666667,0.182525458333333,0.182525458333333
6094,0.50292,1.051260661,-0.5483406609999999,0.5483406609999999
6095,0.33528,1.051260661,-0.7159806609999999,0.7159806609999999
6097,1.155192,1.033983411666667,0.12120858833333292,0.12120858833333292
6098,0.47244,1.0299670366666667,-0.5575270366666667,0.5575270366666667
6099,0.92964,0.8329451633333338,0.09669483666666623,0.09669483666666623
6100,0.54864,0.5829016366666668,-0.03426163666666682,0.03426163666666682
6101,0.832104,0.7018193566666667,0.13028464333333323,0.13028464333333323
6103,0.3048,0.3077857700000003,-0.0029857700000002763,0.0029857700000002763
6105,0.551688,0.6303039633333336,-0.07861596333333365,0.07861596333333365
6106,0.8382,0.7825359000000005,0.05566409999999944,0.05566409999999944
6107,0.0,0.156196284,-0.156196284,0.156196284
6109,0.515112,0.5452016866666667,-0.03008968666666667,0.03008968666666667
6114,0.0,0.03616282666666667,-0.03616282666666667,0.03616282666666667
6115,0.70104,0.8247943033333343,-0.12375430333333426,0.12375430333333426
6116,1.304544,1.0710799000000002,0.23346409999999973,0.23346409999999973
6117,1.152144,0.8033913320000003,0.3487526679999997,0.3487526679999997
6118,1.624584,1.4753485013333327,0.1492354986666673,0.1492354986666673
6119,1.34112,1.1937753196666672,0.14734468033333292,0.14734468033333292
6134,0.9144,0.7428249050000002,0.1715750949999998,0.1715750949999998
6136,0.310896,0.3751461466666667,-0.06425014666666667,0.06425014666666667
6137,0.88392,0.9381862533333334,-0.05426625333333335,0.05426625333333335
6138,0.65532,0.6970299749999995,-0.04170997499999951,0.04170997499999951
6139,0.0,0.556970184,-0.556970184,0.556970184
6140,0.10668,0.31299911999999996,-0.20631911999999997,0.20631911999999997
6158,0.28956,0.28721092333333326,0.0023490766666667273,0.0023490766666667273
6159,0.0,0.04658487000000001,-0.04658487000000001,0.04658487000000001
6160,0.246888,0.864191439,-0.617303439,0.617303439
6161,0.5334,0.6971108740000003,-0.16371087400000028,0.16371087400000028
6162,0.984504,0.8318191813333334,0.1526848186666666,0.1526848186666666
6163,0.0,0.8626495743333337,-0.8626495743333337,0.8626495743333337
6164,0.176784,0.6194351339999997,-0.4426511339999997,0.4426511339999997
6165,0.0,0.17194741666666666,-0.17194741666666666,0.17194741666666666
6166,0.454152,0.5640322306666665,-0.10988023066666652,0.10988023066666652
6172,0.201168,0.8026217119999999,-0.6014537119999999,0.6014537119999999
6173,0.0,0.16340366100000003,-0.16340366100000003,0.16340366100000003
6174,0.0,0.06652619833333334,-0.06652619833333334,0.06652619833333334
6175,0.140208,0.7540917100000004,-0.6138837100000004,0.6138837100000004
6176,0.3048,0.752809856666667,-0.448009856666667,0.448009856666667
6187,0.73152,0.8676272123333333,-0.13610721233333334,0.13610721233333334
6189,2.35458,1.8232847710000002,0.5312952289999997,0.5312952289999997
6217,1.6002,1.5317533500000011,0.06844664999999894,0.06844664999999894
6218,0.438912,0.831353811,-0.39244181100000003,0.39244181100000003
6224,0.0,0.24677814500000003,-0.24677814500000003,0.24677814500000003
6225,0.262128,0.31502392333333323,-0.052895923333333206,0.052895923333333206
6226,0.0,0.04068572000000001,-0.04068572000000001,0.04068572000000001
6227,1.34112,1.3791249616666683,-0.038004961666668224,0.038004961666668224
6229,0.42672,0.36306887000000015,0.06365112999999983,0.06365112999999983
6231,0.460248,0.46387469666666675,-0.003626696666666762,0.003626696666666762
6232,0.19304,0.20300420833333355,-0.009964208333333557,0.009964208333333557
6233,0.786384,0.8324761100000002,-0.04609211000000024,0.04609211000000024
6237,0.972312,0.9989237916666666,-0.026611791666666607,0.026611791666666607
6239,0.618744,0.7234570240000001,-0.10471302400000015,0.10471302400000015
6240,0.085344,0.15860140999999994,-0.07325740999999994,0.07325740999999994
6241,0.886968,0.9646570750000005,-0.07768907500000055,0.07768907500000055
6242,0.79248,0.7778242000000004,0.014655799999999553,0.014655799999999553
6243,0.399288,0.8066049400000003,-0.4073169400000003,0.4073169400000003
6244,1.365504,0.838771754,0.526732246,0.526732246
6245,0.292608,0.3578771946666668,-0.06526919466666681,0.06526919466666681
6247,0.0,0.19233642000000004,-0.19233642000000004,0.19233642000000004
6251,1.597152,1.5051031619999986,0.0920488380000013,0.0920488380000013
6252,1.091184,0.8370069196666668,0.2541770803333331,0.2541770803333331
6253,0.728472,1.1735363033333324,-0.44506430333333236,0.44506430333333236
6254,0.0,0.02361353333333333,-0.02361353333333333,0.02361353333333333
6255,0.89916,1.1735363033333324,-0.2743763033333324,0.2743763033333324
6256,0.466344,0.5171528900000002,-0.05080889000000022,0.05080889000000022
6257,1.551432,1.5061148016666681,0.04531719833333181,0.04531719833333181
6258,0.505968,0.5171528900000002,-0.011184890000000225,0.011184890000000225
6259,0.6858,0.8133118099999992,-0.12751180999999923,0.12751180999999923
6260,0.722376,0.8133118099999992,-0.09093580999999917,0.09093580999999917
6261,1.429512,1.4747676033333343,-0.04525560333333445,0.04525560333333445
6263,1.26492,0.9855458656666669,0.27937413433333314,0.27937413433333314
6266,1.420368,0.9844993856666668,0.43586861433333324,0.43586861433333324
6267,0.515112,0.5417836933333333,-0.0266716933333333,0.0266716933333333
6268,0.490728,0.6877913599999984,-0.1970633599999984,0.1970633599999984
6269,1.069848,0.6877913599999984,0.3820566400000015,0.3820566400000015
6270,0.48768,0.6877913599999984,-0.2001113599999984,0.2001113599999984
6271,0.865632,0.8725973573333329,-0.006965357333332922,0.006965357333332922
6272,0.70104,0.6996586633333334,0.0013813366666666216,0.0013813366666666216
6284,1.99644,1.567687618999999,0.4287523810000009,0.4287523810000009
6285,0.0,0.10176488833333332,-0.10176488833333332,0.10176488833333332
6289,1.807464,1.1451648420000005,0.6622991579999995,0.6622991579999995
6294,0.12192,0.21261451000000012,-0.09069451000000012,0.09069451000000012
6300,2.65176,1.829959086666666,0.8218009133333339,0.8218009133333339
6301,2.520696,2.0458264899999996,0.47486951000000044,0.47486951000000044
6302,1.499616,1.6695949166666657,-0.16997891666666565,0.16997891666666565
6303,1.6764,1.7196591633333325,-0.04325916333333257,0.04325916333333257
6307,0.03048,0.11409933999999994,-0.08361933999999993,0.08361933999999993
6316,1.179576,1.176313708666667,0.0032622913333328896,0.0032622913333328896
6332,0.6096,1.0105622833333332,-0.40096228333333317,0.40096228333333317
6334,0.64008,0.6245631399999998,0.015516860000000188,0.015516860000000188
6345,0.1524,0.9486670129999999,-0.7962670129999999,0.7962670129999999
6357,1.469136,1.1600036066666661,0.30913239333333387,0.30913239333333387
6359,1.143,1.168036780000001,-0.02503678000000109,0.02503678000000109
6361,1.41732,1.0348302900000013,0.38248970999999865,0.38248970999999865
6375,0.058928,0.12966234333333332,-0.07073434333333331,0.07073434333333331
6377,0.0,0.1637470266666666,-0.1637470266666666,0.1637470266666666
6382,1.05156,0.8116363413333327,0.23992365866666732,0.23992365866666732
6384,0.542544,0.6089848966666663,-0.0664408966666663,0.0664408966666663
6386,0.0,0.20098977666666676,-0.20098977666666676,0.20098977666666676
6389,0.0,0.122619135,-0.122619135,0.122619135
6409,0.301752,0.4143065120000001,-0.1125545120000001,0.1125545120000001
6410,0.70104,0.7586455066666676,-0.05760550666666764,0.05760550666666764
6411,1.271016,1.1925039649999998,0.07851203500000015,0.07851203500000015
6412,0.85344,0.913431836666668,-0.059991836666668075,0.059991836666668075
6432,0.12192,0.22000887333333338,-0.09808887333333338,0.09808887333333338
6448,0.377952,0.4420510166666668,-0.06409901666666679,0.06409901666666679
6469,1.018032,1.0262919529999999,-0.00825995299999982,0.00825995299999982
6474,0.0,0.05458206000000001,-0.05458206000000001,0.05458206000000001
6476,0.0,0.015328476666666667,-0.015328476666666667,0.015328476666666667
6477,0.569976,0.6425759733333333,-0.07259997333333323,0.07259997333333323
6491,0.0,0.006058323333333334,-0.006058323333333334,0.006058323333333334
6492,0.48768,0.19175780799999992,0.2959221920000001,0.2959221920000001
6493,0.0,0.28487632466666674,-0.28487632466666674,0.28487632466666674
6496,0.0,0.012331700000000001,-0.012331700000000001,0.012331700000000001
6499,0.0,0.043579203333333344,-0.043579203333333344,0.043579203333333344
6511,0.0,0.009160933333333331,-0.009160933333333331,0.009160933333333331
6512,0.0,0.17280085666666675,-0.17280085666666675,0.17280085666666675
6513,0.0,0.042059860000000004,-0.042059860000000004,0.042059860000000004
6516,0.0,0.1165220766666667,-0.1165220766666667,0.1165220766666667
6520,0.0,0.07209324333333335,-0.07209324333333335,0.07209324333333335
6524,0.0,0.06762813499999998,-0.06762813499999998,0.06762813499999998
6530,0.195072,0.23619989166666663,-0.04112789166666664,0.04112789166666664
6531,0.0,0.3237032303333335,-0.3237032303333335,0.3237032303333335
6532,0.1219199999999999,0.3244475773333334,-0.20252757733333349,0.20252757733333349
6533,0.402336,1.4250044313333348,-1.0226684313333347,1.0226684313333347
6534,2.252472,2.295813755666666,-0.04334175566666598,0.04334175566666598
6535,3.163824,2.332447667666667,0.831376332333333,0.831376332333333
6536,2.27076,2.199770852333335,0.07098914766666509,0.07098914766666509
6537,1.685544,1.969182921333335,-0.283638921333335,0.283638921333335
6538,0.6096,0.5177123249999996,0.09188767500000039,0.09188767500000039
6539,0.0,0.19262936666666672,-0.19262936666666672,0.19262936666666672
6541,0.2286,0.3478743783333335,-0.11927437833333351,0.11927437833333351
6543,0.6096,0.4745414266666667,0.13505857333333332,0.13505857333333332
6544,0.9144,0.5990549783333335,0.31534502166666645,0.31534502166666645
6545,0.4572,0.4788628133333335,-0.02166281333333353,0.02166281333333353
6546,1.560576,1.4284883800000006,0.1320876199999994,0.1320876199999994
6547,0.36576,0.40829864999999976,-0.04253864999999979,0.04253864999999979
6548,1.32588,1.2331801600000003,0.09269983999999964,0.09269983999999964
6550,0.0,0.008280399999999999,-0.008280399999999999,0.008280399999999999
6551,0.420624,0.47714640833333377,-0.05652240833333377,0.05652240833333377
6552,1.458976,1.234471326666667,0.22450467333333313,0.22450467333333313
6553,1.2192,1.6121891810000024,-0.39298918100000235,0.39298918100000235
6563,0.0,0.03491399333333334,-0.03491399333333334,0.03491399333333334
6570,0.59436,0.43652799833333317,0.15783200166666683,0.15783200166666683
6584,0.0,0.023808689999999993,-0.023808689999999993,0.023808689999999993
6588,0.527304,0.5891424166666664,-0.06183841666666645,0.06183841666666645
6590,0.0,0.04674658333333335,-0.04674658333333335,0.04674658333333335
6593,1.322832,1.280793306666667,0.04203869333333299,0.04203869333333299
6598,0.0,0.020396199999999996,-0.020396199999999996,0.020396199999999996
6639,0.149352,0.5882013466666667,-0.43884934666666664,0.43884934666666664
6646,0.420624,0.55492904,-0.13430504,0.13430504
6648,1.822704,1.680800126666666,0.1419038733333342,0.1419038733333342
6649,1.594104,1.5839363799999984,0.010167620000001598,0.010167620000001598
6651,0.637032,0.7960004400000006,-0.15896844000000054,0.15896844000000054
6654,0.0,0.028163943333333344,-0.028163943333333344,0.028163943333333344
6655,0.57912,0.11218587333333335,0.4669341266666666,0.4669341266666666
6656,0.89916,0.8541717740000004,0.04498822599999952,0.04498822599999952
6657,0.280416,0.20730971999999998,0.07310628000000002,0.07310628000000002
6658,0.093472,0.16456448333333337,-0.07109248333333337,0.07109248333333337
6660,0.173736,0.15653363833333345,0.017202361666666555,0.017202361666666555
6663,1.536192,1.612719448333332,-0.07652744833333203,0.07652744833333203
6665,0.819912,0.8773103273333334,-0.05739832733333339,0.05739832733333339
6666,1.01092,0.8736700416666673,0.13724995833333276,0.13724995833333276
6669,0.0,0.3010291583333332,-0.3010291583333332,0.3010291583333332
6670,0.560832,0.6496965670000001,-0.08886456700000012,0.08886456700000012
6671,0.057912,0.18123577333333357,-0.12332377333333358,0.12332377333333358
6673,0.490728,0.5085333153333331,-0.017805315333333127,0.017805315333333127
6674,0.0,0.7348414733333333,-0.7348414733333333,0.7348414733333333
7216,0.451104,0.49908692833333324,-0.04798292833333323,0.04798292833333323
7217,0.451104,0.49908692833333324,-0.04798292833333323,0.04798292833333323
7218,0.6096,0.501431941,0.10816805900000004,0.10816805900000004
7219,0.6096,0.501431941,0.10816805900000004,0.10816805900000004
7220,0.13716,0.5822423796666655,-0.4450823796666655,0.4450823796666655
7221,0.999744,0.5822423796666655,0.4175016203333345,0.4175016203333345
7222,1.450848,1.3793250713333336,0.07152292866666632,0.07152292866666632
7223,1.377696,1.3793250713333336,-0.001629071333333565,0.001629071333333565
7224,0.551688,0.5653943479999995,-0.01370634799999959,0.01370634799999959
7225,0.551688,0.5653943479999995,-0.01370634799999959,0.01370634799999959
7226,0.621792,0.2796747977619051,0.3421172022380949,0.3421172022380949
7227,0.86868,0.8328949559999991,0.03578504400000093,0.03578504400000093
7228,0.8382,0.8328949559999991,0.005305044000000869,0.005305044000000869
7229,0.115824,0.22854332776190503,-0.11271932776190503,0.11271932776190503
7230,0.22352,0.283619702,-0.06009970199999998,0.06009970199999998
7231,0.22352,0.283619702,-0.06009970199999998,0.06009970199999998
7232,0.786384,0.8144363526666659,-0.028052352666665947,0.028052352666665947
7233,0.704088,0.3766829010952381,0.32740509890476194,0.32740509890476194
7234,0.1524,0.38539328076190466,-0.23299328076190465,0.23299328076190465
7235,0.618744,0.38539328076190466,0.2333507192380953,0.2333507192380953
7236,1.3716,0.7579031493333326,0.6136968506666673,0.6136968506666673
7237,0.1524,0.3775600780000003,-0.2251600780000003,0.2251600780000003
7238,0.280416,0.2640101944285715,0.01640580557142851,0.01640580557142851
7239,0.277368,0.2640101944285715,0.013357805571428516,0.013357805571428516
7240,0.323088,0.3353940011764705,-0.012306001176470516,0.012306001176470516
7241,0.094488,0.19083231666666653,-0.09634431666666653,0.09634431666666653
7242,0.051816,0.19083231666666653,-0.13901631666666653,0.13901631666666653
7243,0.463296,0.4231210316666663,0.04017496833333367,0.04017496833333367
7246,0.323088,0.37234461133333313,-0.049256611333333145,0.049256611333333145
7247,0.32512,0.32940273633333284,-0.004282736333332815,0.004282736333332815
7248,0.32512,0.32940273633333284,-0.004282736333332815,0.004282736333332815
7249,0.417576,0.40777278533333283,0.00980321466666717,0.00980321466666717
7250,0.381,0.40777278533333283,-0.026772785333332827,0.026772785333332827
7251,0.2286,0.35463861,-0.12603861000000002,0.12603861000000002
7252,0.5334,0.35463861,0.17876138999999996,0.17876138999999996
7259,1.03632,1.4816886800000004,-0.4453686800000005,0.4453686800000005
7260,1.420368,1.4816886800000004,-0.06132068000000035,0.06132068000000035
7261,2.8593288,1.9657973976666667,0.8935314023333334,0.8935314023333334
7262,1.5281656,1.9657973976666667,-0.4376317976666668,0.4376317976666668
7266,0.390144,0.4231878311764703,-0.033043831176470306,0.033043831176470306
7267,0.633984,0.6548640699999999,-0.020880069999999917,0.020880069999999917
7268,0.704088,0.6548640699999999,0.04922393000000014,0.04922393000000014
7270,0.15494,0.20753061533333333,-0.05259061533333334,0.05259061533333334
7271,2.212848,0.5689665616666664,1.6438814383333338,1.6438814383333338
7272,1.023112,0.5689665616666664,0.45414543833333365,0.45414543833333365
7277,0.0,0.07424856033333332,-0.07424856033333332,0.07424856033333332
7278,0.48768,0.5092843908431369,-0.021604390843136922,0.021604390843136922
7279,0.0,0.0771704916666667,-0.0771704916666667,0.0771704916666667
7280,0.3048,0.23347595333333382,0.0713240466666662,0.0713240466666662
7281,0.16002,0.23347595333333382,-0.07345595333333382,0.07345595333333382
7282,1.685544,0.786628983,0.898915017,0.898915017
7283,0.819912,0.786628983,0.033283017000000026,0.033283017000000026
7284,0.408432,0.41099866999999946,-0.002566669999999438,0.002566669999999438
7285,1.09728,0.9276670550000007,0.16961294499999935,0.16961294499999935
7286,0.402336,0.41099866999999946,-0.008662669999999428,0.008662669999999428
7287,1.13538,1.070836949,0.06454305100000002,0.06454305100000002
7288,1.423416,1.070836949,0.352579051,0.352579051
7289,0.10668,1.1287638503333337,-1.0220838503333338,1.0220838503333338
7290,0.6693408,1.1287638503333337,-0.45942305033333375,0.45942305033333375
7291,0.0,0.3401654783333333,-0.3401654783333333,0.3401654783333333
7292,0.448056,0.6724489979999988,-0.2243929979999988,0.2243929979999988
7293,0.85344,0.6724489979999988,0.18099100200000118,0.18099100200000118
7294,0.0,0.0958698446666666,-0.0958698446666666,0.0958698446666666
7295,0.4032504,0.7008544530000002,-0.29760405300000015,0.29760405300000015
7296,1.414272,0.7008544530000002,0.7134175469999998,0.7134175469999998
7297,0.155448,0.2655937030000001,-0.11014570300000012,0.11014570300000012
7298,0.0,0.2655937030000001,-0.2655937030000001,0.2655937030000001
7299,0.496824,0.5633325876666667,-0.06650858766666673,0.06650858766666673
7300,0.612648,0.6282017746666656,-0.015553774666665632,0.015553774666665632
7301,0.298704,0.40093959266666646,-0.10223559266666643,0.10223559266666643
7303,0.65532,0.6282017746666656,0.02711822533333441,0.02711822533333441
7304,1.837944,1.530554851,0.30738914900000003,0.30738914900000003
7306,0.88392,0.5046010566666668,0.37931894333333327,0.37931894333333327
7307,0.762,0.5384388943333331,0.22356110566666687,0.22356110566666687
7308,0.3048,0.5384388943333331,-0.23363889433333312,0.23363889433333312
7309,1.23444,0.6270462016666665,0.6073937983333335,0.6073937983333335
7310,0.329184,0.38526085000000004,-0.05607685000000007,0.05607685000000007
7311,0.420624,0.3669434283333328,0.053680571666667176,0.053680571666667176
7312,0.368808,0.3669434283333328,0.001864571666667203,0.001864571666667203
7313,0.478536,0.6347638223333336,-0.1562278223333336,0.1562278223333336
7314,0.460248,0.6347638223333336,-0.17451582233333363,0.17451582233333363
7315,0.652272,0.3311072033333327,0.32116479666666725,0.32116479666666725
7316,0.758952,0.6347638223333336,0.12418817766666634,0.12418817766666634
7317,0.496824,0.6347638223333336,-0.13793982233333363,0.13793982233333363
7318,0.847344,0.8230301039999997,0.024313896000000335,0.024313896000000335
7319,0.515112,0.35071372942857115,0.16439827057142886,0.16439827057142886
7320,0.0,0.3311072033333327,-0.3311072033333327,0.3311072033333327
7321,0.18288,0.35071372942857115,-0.16783372942857117,0.16783372942857117
7322,0.67056,0.6347638223333336,0.03579617766666643,0.03579617766666643
7323,0.03048,0.4584132733333337,-0.4279332733333337,0.4279332733333337
7324,0.74676,0.7886448091764708,-0.04188480917647086,0.04188480917647086
7325,1.08204,0.7950382033333334,0.2870017966666665,0.2870017966666665
7326,1.078992,0.7950382033333334,0.28395379666666654,0.28395379666666654
7327,1.776984,1.648609164523811,0.1283748354761889,0.1283748354761889
7328,0.963168,0.4584132733333337,0.5047547266666663,0.5047547266666663
7329,1.92024,1.5899599295238107,0.33028007047618924,0.33028007047618924
7330,1.179576,1.425177302523811,-0.24560130252381107,0.24560130252381107
7331,1.17348,1.1426041833333336,0.0308758166666665,0.0308758166666665
7332,0.694944,1.1426041833333336,-0.4476601833333336,0.4476601833333336
7333,0.0,0.012243519666666676,-0.012243519666666676,0.012243519666666676
7334,0.0,0.012243519666666676,-0.012243519666666676,0.012243519666666676
7335,0.124968,0.056408828,0.068559172,0.068559172
7336,0.551688,0.6005516733333339,-0.04886367333333397,0.04886367333333397
7337,0.0,0.056408828,-0.056408828,0.056408828
7338,0.03048,0.08832024500000007,-0.057840245000000075,0.057840245000000075
7340,0.03048,0.08832024500000007,-0.057840245000000075,0.057840245000000075
7341,1.106424,1.3467573183333312,-0.24033331833333116,0.24033331833333116
7342,1.563624,1.3467573183333312,0.21686668166666867,0.21686668166666867
7346,1.207008,1.2470628686666654,-0.0400548686666653,0.0400548686666653
7347,1.210056,1.2470628686666654,-0.03700686866666536,0.03700686866666536
7348,0.566928,0.5767061533333334,-0.009778153333333428,0.009778153333333428
7349,0.41148,0.48568207833333327,-0.07420207833333325,0.07420207833333325
7350,0.03048,0.042223478333333314,-0.011743478333333314,0.011743478333333314
7351,0.03048,0.042223478333333314,-0.011743478333333314,0.011743478333333314
7352,0.03048,0.05235939066666674,-0.02187939066666674,0.02187939066666674
7353,0.4572,0.5955029153333329,-0.1383029153333329,0.1383029153333329
7354,0.371856,0.3907339149999999,-0.018877914999999856,0.018877914999999856
7355,0.03048,0.05235939066666674,-0.02187939066666674,0.02187939066666674
7358,2.414016,1.8327204900000007,0.5812955099999995,0.5812955099999995
7359,2.069592,1.8327204900000007,0.2368715099999994,0.2368715099999994
7360,1.414272,1.1359813026666663,0.27829069733333367,0.27829069733333367
7361,1.664208,1.8327204900000007,-0.1685124900000008,0.1685124900000008
7362,1.487424,1.8327204900000007,-0.3452964900000006,0.3452964900000006
7363,0.414528,0.45174661999999993,-0.037218619999999925,0.037218619999999925
7364,1.853184,1.367630784333335,0.4855532156666649,0.4855532156666649
7365,1.956816,1.2375485366666679,0.7192674633333322,0.7192674633333322
7366,1.319784,1.2997824736666679,0.020001526333332187,0.020001526333332187
7367,1.969008,1.5020852186666662,0.46692278133333387,0.46692278133333387
7368,1.892808,1.5020852186666662,0.3907227813333338,0.3907227813333338
7369,1.484376,1.6194160736666672,-0.13504007366666726,0.13504007366666726
7370,1.871472,1.6194160736666672,0.25205592633333285,0.25205592633333285
7371,1.011936,1.0176616680000006,-0.005725668000000628,0.005725668000000628
7372,1.014984,1.0176616680000006,-0.002677668000000466,0.002677668000000466
7373,0.109728,0.20884388000000004,-0.09911588000000003,0.09911588000000003
7374,0.103632,0.18988108666666664,-0.08624908666666664,0.08624908666666664
7375,0.13716,0.153852118,-0.016692118000000006,0.016692118000000006
7376,0.0762,0.12564457133333332,-0.04944457133333331,0.04944457133333331
7377,0.240792,0.17172821466666652,0.06906378533333349,0.06906378533333349
7378,0.737616,0.9416615659999985,-0.20404556599999846,0.20404556599999846
7379,1.350264,1.0696627493333315,0.2806012506666684,0.2806012506666684
7380,1.32588,1.0696627493333315,0.25621725066666845,0.25621725066666845
7386,0.664464,0.6422332849999998,0.02223071500000029,0.02223071500000029
7388,0.5334,0.4585719809999999,0.07482801900000008,0.07482801900000008
7390,0.338328,0.4585719809999999,-0.12024398099999989,0.12024398099999989
7394,0.573024,0.5506077803333332,0.022416219666666737,0.022416219666666737
7398,0.0,0.031389955,-0.031389955,0.031389955
7402,0.646176,0.5557884066666667,0.09038759333333324,0.09038759333333324
7403,0.448056,0.5557884066666667,-0.10773240666666672,0.10773240666666672
7404,0.591312,0.6090699019999992,-0.01775790199999927,0.01775790199999927
7405,1.301496,1.0575281533333325,0.2439678466666675,0.2439678466666675
7406,0.801624,1.0575281533333325,-0.2559041533333325,0.2559041533333325
7407,0.588264,0.6090699019999992,-0.02080590199999921,0.02080590199999921
7410,1.018032,1.0663346719999995,-0.04830267199999949,0.04830267199999949
7411,1.17348,0.6224915583333338,0.5509884416666663,0.5509884416666663
7412,1.030224,1.0663346719999995,-0.03611067199999951,0.03611067199999951
7413,0.0762,0.10399267999999999,-0.027792679999999986,0.027792679999999986
7414,0.12192,0.10399267999999999,0.01792732000000001,0.01792732000000001
7415,0.316992,0.4057463733333334,-0.08875437333333341,0.08875437333333341
7416,0.978408,0.9736584540000011,0.004749545999998994,0.004749545999998994
7417,0.3048,0.4057463733333334,-0.1009463733333334,0.1009463733333334
7418,0.97536,0.9736584540000011,0.0017015459999989435,0.0017015459999989435
7419,1.6002,1.413029177999998,0.18717082200000212,0.18717082200000212
7420,1.283208,1.3085820919999986,-0.025374091999998738,0.025374091999998738
7421,1.298448,1.3085820919999986,-0.010134091999998596,0.010134091999998596
7422,0.24384,0.1193776716666664,0.12446232833333361,0.12446232833333361
7423,0.673608,0.7449815706190475,-0.07137357061904748,0.07137357061904748
7424,0.0,0.1193776716666664,-0.1193776716666664,0.1193776716666664
7425,0.652272,0.7449815706190475,-0.0927095706190475,0.0927095706190475
7426,0.161544,0.1774073583333333,-0.0158633583333333,0.0158633583333333
7427,0.1524,0.1774073583333333,-0.025007358333333285,0.025007358333333285
7428,1.2954,1.060328545666666,0.2350714543333341,0.2350714543333341
7431,0.249936,0.1959597299999999,0.053976270000000104,0.053976270000000104
7433,0.2286,0.1959597299999999,0.03264027000000011,0.03264027000000011
7435,1.322832,1.1605582579999996,0.16227374200000044,0.16227374200000044
7437,0.984504,0.9052812729999996,0.07922272700000044,0.07922272700000044
7438,0.85344,0.9052812729999996,-0.05184127299999963,0.05184127299999963
7439,0.490728,0.8302030216666658,-0.3394750216666658,0.3394750216666658
7440,0.819912,0.8007592993333329,0.019152700666667077,0.019152700666667077
7441,0.762,0.8514314949999994,-0.08943149499999936,0.08943149499999936
7442,0.21336,0.21951018666666658,-0.006150186666666585,0.006150186666666585
7443,1.110996,1.0345193516666666,0.07647664833333345,0.07647664833333345
7444,0.603504,0.632027395666667,-0.02852339566666695,0.02852339566666695
7446,0.80772,0.34930541184313685,0.45841458815686315,0.45841458815686315
7447,1.207008,1.1556000509999995,0.05140794900000056,0.05140794900000056
7448,0.859536,0.6283023163333331,0.23123368366666686,0.23123368366666686
7449,0.316992,0.3491060218431368,-0.03211402184313683,0.03211402184313683
7451,0.86868,0.6783849779999999,0.19029502200000015,0.19029502200000015
7453,0.749808,0.9640718166666656,-0.2142638166666656,0.2142638166666656
7454,2.6347928,2.574032063000007,0.06076073699999318,0.06076073699999318
7455,2.6039064,2.574032063000007,0.0298743369999932,0.0298743369999932
7457,0.445008,0.5129808951764702,-0.06797289517647015,0.06797289517647015
7458,1.152144,1.062717796666665,0.08942620333333506,0.08942620333333506
7460,1.118616,1.1434348479999996,-0.02481884799999956,0.02481884799999956
7461,0.210312,0.36892407799999993,-0.15861207799999993,0.15861207799999993
7462,0.179832,0.36892407799999993,-0.18909207799999994,0.18909207799999994
7463,0.490728,0.7589818026666658,-0.2682538026666658,0.2682538026666658
7464,0.48768,0.36892407799999993,0.11875592200000007,0.11875592200000007
7465,0.758952,0.7589818026666658,-2.9802666665856847e-05,2.9802666665856847e-05
7466,1.106424,1.1894530439999997,-0.08302904399999966,0.08302904399999966
7467,0.993648,1.0244688680000005,-0.0308208680000005,0.0308208680000005
7468,1.448816,1.2392029233333315,0.20961307666666862,0.20961307666666862
7469,1.448816,1.2392029233333315,0.20961307666666862,0.20961307666666862
7470,0.256032,0.28858908500000013,-0.03255708500000015,0.03255708500000015
7471,0.298704,0.28858908500000013,0.010114914999999891,0.010114914999999891
7472,0.697992,0.8510940560000005,-0.1531020560000006,0.1531020560000006
7473,0.704088,0.8510940560000005,-0.1470060560000005,0.1470060560000005
7474,0.938784,0.5722076440000005,0.3665763559999995,0.3665763559999995
7475,0.597408,0.5722076440000005,0.02520035599999959,0.02520035599999959
7476,1.6764,1.4777761486666665,0.19862385133333338,0.19862385133333338
7477,0.0,0.03949297833333332,-0.03949297833333332,0.03949297833333332
7478,0.0,0.03949297833333332,-0.03949297833333332,0.03949297833333332
7479,0.896112,0.8497604289999998,0.0463515710000002,0.0463515710000002
7480,0.0762,0.6715275283333331,-0.595327528333333,0.595327528333333
7481,0.551688,0.6489292753333338,-0.09724127533333382,0.09724127533333382
7482,0.140208,0.7127646823333336,-0.5725566823333336,0.5725566823333336
7483,0.35052,0.1594317783333336,0.1910882216666664,0.1910882216666664
7484,0.0,0.1594317783333336,-0.1594317783333336,0.1594317783333336
7486,1.792224,1.5935374953333334,0.1986865046666666,0.1986865046666666
7487,0.0,0.08664426833333337,-0.08664426833333337,0.08664426833333337
7488,0.0,0.053370903333333324,-0.053370903333333324,0.053370903333333324
7511,1.155192,0.9640718166666656,0.19112018333333436,0.19112018333333436
7513,0.509016,0.4591993585098044,0.0498166414901956,0.0498166414901956
7514,0.463296,0.4591993585098044,0.004096641490195563,0.004096641490195563
7516,0.073152,0.26031596400000023,-0.18716396400000024,0.18716396400000024
7517,0.691896,0.6832837066666663,0.008612293333333687,0.008612293333333687
7518,0.704088,0.6832837066666663,0.02080429333333378,0.02080429333333378
7521,1.383792,1.1674110933333328,0.2163809066666671,0.2163809066666671
7522,1.475232,1.1674110933333328,0.3078209066666673,0.3078209066666673
7525,0.984504,1.0513311883333332,-0.06682718833333312,0.06682718833333312
7526,0.972312,1.0513311883333332,-0.07901918833333321,0.07901918833333321
7527,1.103376,1.068058358333333,0.035317641666666955,0.035317641666666955
7528,1.091184,1.068058358333333,0.023125641666666974,0.023125641666666974
7529,1.05156,1.128024414,-0.07646441399999993,0.07646441399999993
7532,0.41148,1.0548284719999996,-0.6433484719999996,0.6433484719999996
7533,1.770888,0.8574252600000003,0.9134627399999997,0.9134627399999997
7545,0.460248,0.46021455666666566,3.3443333334326475e-05,3.3443333334326475e-05
7546,0.451104,0.46021455666666566,-0.009110556666665659,0.009110556666665659
7547,0.097536,0.24532348450980365,-0.14778748450980367,0.14778748450980367
7548,0.118872,0.24532348450980365,-0.12645148450980365,0.12645148450980365
7549,0.996696,0.9407391650000002,0.055956834999999816,0.055956834999999816
7550,0.935736,0.9407391650000002,-0.005003165000000198,0.005003165000000198
7552,0.484632,0.3854376254621851,0.09919437453781493,0.09919437453781493
7553,0.332232,0.3854376254621851,-0.05320562546218505,0.05320562546218505
7554,0.612648,0.5412395805098035,0.0714084194901965,0.0714084194901965
7555,0.499872,0.5412395805098035,-0.04136758050980349,0.04136758050980349
7556,0.313944,0.31264143712885145,0.0013025628711485493,0.0013025628711485493
7557,0.344424,0.31264143712885145,0.031782562871148556,0.031782562871148556
7558,0.21336,0.2981395187955179,-0.08477951879551793,0.08477951879551793
7559,0.374904,0.2981395187955179,0.0767644812044821,0.0767644812044821
7560,0.59436,0.47442144546218484,0.11993855453781516,0.11993855453781516
7561,0.847344,0.47442144546218484,0.37292255453781514,0.37292255453781514
7594,1.286256,1.0869278066666679,0.19932819333333218,0.19932819333333218
7597,0.86868,1.0388835373333347,-0.1702035373333347,0.1702035373333347
7599,0.70104,1.0233348850000008,-0.3222948850000008,0.3222948850000008
7601,0.633984,0.29657230499999987,0.3374116950000001,0.3374116950000001
7603,0.201168,0.2705334949999998,-0.06936549499999978,0.06936549499999978
7605,0.201168,0.30276355499999985,-0.10159555499999984,0.10159555499999984
7610,0.50292,0.4242068816666668,0.07871311833333322,0.07871311833333322
7611,0.33528,0.37226536333333315,-0.03698536333333313,0.03698536333333313
7612,0.505968,0.4318364066666666,0.07413159333333336,0.07413159333333336
7613,0.18288,0.29406977,-0.11118977000000002,0.11118977000000002
7614,0.64008,0.61876432,0.021315679999999948,0.021315679999999948
7615,1.41732,1.4653324346666659,-0.04801243466666594,0.04801243466666594
7616,1.243584,1.4950060693333325,-0.25142206933333244,0.25142206933333244
7617,1.524,1.4950060693333325,0.028993930666667556,0.028993930666667556
7618,1.3716,1.4950060693333325,-0.12340606933333254,0.12340606933333254
7619,0.597408,0.7217660190000009,-0.12435801900000087,0.12435801900000087
7620,0.8382,0.7941406520000004,0.044059347999999554,0.044059347999999554
7621,0.204216,0.16514995333333346,0.03906604666666655,0.03906604666666655
7622,0.100584,0.16514995333333346,-0.06456595333333345,0.06456595333333345
7623,0.100584,0.16514995333333346,-0.06456595333333345,0.06456595333333345
7624,1.453896,1.4653324346666659,-0.011436434666665773,0.011436434666665773
7625,1.652016,1.6107569173333325,0.041259082666667446,0.041259082666667446
7626,1.243584,1.161658755333334,0.08192524466666606,0.08192524466666606
7627,0.92964,1.161658755333334,-0.23201875533333394,0.23201875533333394
7628,1.0668,1.0994994520000008,-0.032699452000000795,0.032699452000000795
7629,1.0668,1.0994994520000008,-0.032699452000000795,0.032699452000000795
7630,0.51816,0.4388383399999999,0.07932166000000007,0.07932166000000007
7631,0.28956,0.4388383399999999,-0.1492783399999999,0.1492783399999999
7632,0.158496,0.23378646833333325,-0.07529046833333325,0.07529046833333325
7633,0.246888,0.4250067276666668,-0.1781187276666668,0.1781187276666668
7634,0.210312,0.2499275333333331,-0.03961553333333309,0.03961553333333309
7635,0.368808,0.3432771476666666,0.02553085233333341,0.02553085233333341
7636,0.216408,0.27241246,-0.056004460000000034,0.056004460000000034
7637,0.185928,0.30193170500000005,-0.11600370500000004,0.11600370500000004
7638,0.524256,0.4687233450000001,0.05553265499999993,0.05553265499999993
7639,0.009144,0.15347717166666666,-0.14433317166666665,0.14433317166666665
7640,0.478536,0.23983717166666668,0.23869882833333333,0.23869882833333333
7641,0.627888,0.5964655330000004,0.03142246699999962,0.03142246699999962
7642,0.509016,0.4246659443333332,0.08435005566666681,0.08435005566666681
7650,0.499872,0.4710774593333338,0.028794540666666202,0.028794540666666202
7652,0.524256,0.544196566333333,-0.019940566333332965,0.019940566333332965
7654,0.082296,0.4249422116666668,-0.3426462116666668,0.3426462116666668
7655,0.1524,0.2798773083333332,-0.12747730833333318,0.12747730833333318
7656,0.42672,0.5426866633333333,-0.11596666333333328,0.11596666333333328
7657,0.676656,0.5635768933333335,0.11307910666666654,0.11307910666666654
7658,0.880872,0.7184557216666667,0.16241627833333327,0.16241627833333327
7659,0.737616,0.6981585816666666,0.039457418333333494,0.039457418333333494
7662,1.709928,1.6230717928571436,0.08685620714285625,0.08685620714285625
7663,0.542544,0.5799476166666672,-0.03740361666666714,0.03740361666666714
7664,1.472184,1.4284264281904766,0.04375757180952333,0.04375757180952333
7665,1.170432,1.2429632058571431,-0.07253120585714323,0.07253120585714323
7666,1.34112,1.2429632058571431,0.09815679414285694,0.09815679414285694
7667,1.033272,1.0342273605238095,-0.000955360523809512,0.000955360523809512
7668,1.261872,1.0342273605238095,0.22764463947619062,0.22764463947619062
7669,1.033272,1.179232930666667,-0.14596093066666693,0.14596093066666693
7670,1.776984,1.5823881653333325,0.1945958346666674,0.1945958346666674
7671,1.391412,1.3158935666666667,0.07551843333333341,0.07551843333333341
7672,0.612648,1.5333162120000006,-0.9206682120000006,0.9206682120000006
7673,1.560576,1.5333162120000006,0.027259787999999396,0.027259787999999396
7674,0.338328,0.494571401,-0.156243401,0.156243401
7675,1.155192,1.2026927516666668,-0.047500751666666785,0.047500751666666785
7676,0.10668,0.494571401,-0.387891401,0.387891401
7677,1.179576,1.128024414,0.05155158599999998,0.05155158599999998
7691,0.393192,0.4246659443333332,-0.031473944333333226,0.031473944333333226
7692,0.551688,0.545414623333333,0.006273376666666941,0.006273376666666941
7699,1.28016,1.3061190358571437,-0.025959035857143764,0.025959035857143764
7700,0.618744,0.3775600780000003,0.24118392199999966,0.24118392199999966
7711,1.255776,1.2727320663333337,-0.016956066333333686,0.016956066333333686
7728,1.185672,1.0461845980000004,0.13948740199999965,0.13948740199999965
7729,0.0,0.552318936,-0.552318936,0.552318936
7732,0.0,0.545657066333333,-0.545657066333333,0.545657066333333
7733,0.915924,0.545657066333333,0.37026693366666696,0.37026693366666696
7735,1.633728,1.408495277999998,0.2252327220000021,0.2252327220000021
7737,1.560576,1.1079629013333339,0.4526130986666661,0.4526130986666661
7824,0.9144,0.850310720000001,0.06408927999999903,0.06408927999999903
7825,0.6096,0.7283588006666671,-0.11875880066666711,0.11875880066666711
7826,1.1176,1.245254261666668,-0.12765426166666805,0.12765426166666805
7827,0.9144,0.9134809433333344,0.0009190566666655853,0.0009190566666655853
7828,0.9144,0.9209091733333346,-0.006509173333334561,0.006509173333334561
7829,1.8288,1.6286782683333325,0.20012173166666747,0.20012173166666747
7830,1.524,1.6286782683333325,-0.10467826833333249,0.10467826833333249
7854,1.096264,1.1416556626666663,-0.04539166266666639,0.04539166266666639
7872,1.22936,1.0286448396666674,0.2007151603333326,0.2007151603333326
7886,0.762,0.7970243986666672,-0.03502439866666718,0.03502439866666718
7887,0.762,0.7961053420000007,-0.034105342000000705,0.034105342000000705
7889,0.9144,0.8887929900000002,0.025607009999999764,0.025607009999999764
7890,0.9144,0.8960993,0.018300699999999948,0.018300699999999948
8053,0.1524,0.21321052099999996,-0.06081052099999995,0.06081052099999995
8054,0.0,0.1819793583333334,-0.1819793583333334,0.1819793583333334
8055,0.0,0.1819793583333334,-0.1819793583333334,0.1819793583333334
8056,0.6096,0.4942801900000004,0.11531980999999963,0.11531980999999963
8058,0.0,0.038640385000000006,-0.038640385000000006,0.038640385000000006
8059,0.0,0.038640385000000006,-0.038640385000000006,0.038640385000000006
8060,2.1336,0.32350202000000017,1.8100979799999997,1.8100979799999997
8061,0.0,0.05013155666666669,-0.05013155666666669,0.05013155666666669
8062,0.0,0.05013155666666669,-0.05013155666666669,0.05013155666666669
8063,0.9144,0.8756127183333333,0.03878728166666667,0.03878728166666667
8064,0.9144,0.8756127183333333,0.03878728166666667,0.03878728166666667
8065,0.0,0.073886695,-0.073886695,0.073886695
8066,0.0,0.073886695,-0.073886695,0.073886695
8067,1.2192,0.36668286666666683,0.8525171333333332,0.8525171333333332
8068,0.3048,0.36668286666666683,-0.061882866666666814,0.061882866666666814
8069,1.2192,1.093881607,0.12531839300000014,0.12531839300000014
8070,0.704088,0.6671415833333336,0.036946416666666426,0.036946416666666426
8073,0.957072,1.1664233720000003,-0.2093513720000003,0.2093513720000003
8074,2.828544,3.1345190039999973,-0.30597500399999733,0.30597500399999733
8075,2.779776,2.9755925586666647,-0.1958165586666647,0.1958165586666647
8076,2.944368,3.0733990686666655,-0.12903106866666558,0.12903106866666558
8077,2.779776,3.0691062146666654,-0.2893302146666654,0.2893302146666654
8078,5.21208,3.4517655120000006,1.7603144879999997,1.7603144879999997
8079,2.718816,3.056269308666666,-0.337453308666666,0.337453308666666
8084,0.33528,0.6518239863333334,-0.31654398633333336,0.31654398633333336
8085,0.109728,0.1620759183333333,-0.052347918333333285,0.052347918333333285
8086,0.27432,0.252233514666667,0.022086485333333017,0.022086485333333017
8107,0.39624,0.8697040433333334,-0.4734640433333334,0.4734640433333334
8113,0.270256,0.3835912656666663,-0.1133352656666663,0.1133352656666663
9594,0.771144,0.8560552686666663,-0.0849112686666662,0.0849112686666662
9602,1.594104,0.8499990619999999,0.7441049380000001,0.7441049380000001
9766,1.133856,1.1808299979999985,-0.046973997999998574,0.046973997999998574
9767,1.121664,1.1828492979999985,-0.0611852979999985,0.0611852979999985
14010,2.01168,1.9798553240000032,0.03182467599999694,0.03182467599999694
14011,1.9812,1.9812624840000028,-6.248400000274934e-05,6.248400000274934e-05
14021,1.9812,1.810790553333334,0.17040944666666613,0.17040944666666613
14022,1.816608,1.8042636000000007,0.012344399999999256,0.012344399999999256
14023,0.387096,0.5970786466666678,-0.20998264666666777,0.20998264666666777
14059,0.73152,0.7111263400000014,0.020393659999998537,0.020393659999998537
14060,0.71628,0.7106018300000015,0.005678169999998484,0.005678169999998484
14061,0.652272,0.6806895200000017,-0.02841752000000175,0.02841752000000175
14062,0.643128,0.6801332600000016,-0.037005260000001594,0.037005260000001594
14064,0.131064,0.7027938700000016,-0.5717298700000015,0.5717298700000015
14119,0.179832,0.9630956100000004,-0.7832636100000004,0.7832636100000004
14684,0.24384,0.25030133666666676,-0.0064613366666667615,0.0064613366666667615
14685,0.24384,0.25030133666666676,-0.0064613366666667615,0.0064613366666667615
14686,0.0,0.020001230000000012,-0.020001230000000012,0.020001230000000012
14687,0.0,0.020001230000000012,-0.020001230000000012,0.020001230000000012
14688,0.1524,0.17036859500000007,-0.01796859500000006,0.01796859500000006
14689,0.2286,0.17036859500000007,0.05823140499999993,0.05823140499999993
14690,0.57912,0.43659636666666707,0.1425236333333329,0.1425236333333329
14691,0.27432,0.43659636666666707,-0.16227636666666706,0.16227636666666706
14692,0.64008,1.6061416526666668,-0.9660616526666668,0.9660616526666668
14693,2.10312,1.6061416526666668,0.49697834733333335,0.49697834733333335
14706,0.923544,0.4111400633333335,0.5124039366666665,0.5124039366666665
14707,0.62484,0.4111400633333335,0.21369993666666642,0.21369993666666642
14708,0.13716,0.20166075999999983,-0.06450075999999982,0.06450075999999982
14711,0.35052,0.2972409600000002,0.05327903999999978,0.05327903999999978
14714,0.417576,0.3387995933333332,0.0787764066666668,0.0787764066666668
14715,0.225552,0.2511996499999999,-0.025647649999999883,0.025647649999999883
14720,0.2377439999999999,0.2329649899999999,0.00477901,0.00477901
14721,0.2377439999999999,0.2329649899999999,0.00477901,0.00477901
14855,1.078992,0.7032256700000004,0.3757663299999996,0.3757663299999996
14856,0.28956,0.3874270466666666,-0.09786704666666662,0.09786704666666662
14925,0.893064,1.0688082086666666,-0.17574420866666662,0.17574420866666662
14926,1.61544,1.5749471083333335,0.040492891666666475,0.040492891666666475
14928,1.472184,1.5030492333333338,-0.030865233333333908,0.030865233333333908
14930,0.73152,1.0613833653333336,-0.3298633653333336,0.3298633653333336
14931,1.905,1.8017026449999989,0.10329735500000115,0.10329735500000115
14932,1.627632,1.419286383333333,0.20834561666666707,0.20834561666666707
14943,0.79248,0.9868014300000004,-0.19432143000000046,0.19432143000000046
14947,0.79248,0.8445302545238096,-0.052050254523809625,0.052050254523809625
14948,0.512064,1.1990721933333335,-0.6870081933333335,0.6870081933333335
15096,0.62484,0.6985694266666671,-0.07372942666666715,0.07372942666666715
15101,0.399288,0.5308807009999997,-0.13159270099999976,0.13159270099999976
15105,0.97536,0.9088496766666664,0.06651032333333362,0.06651032333333362
15108,1.15316,0.9997224099999995,0.15343759000000046,0.15343759000000046
15110,0.816864,0.7597284780000004,0.057135521999999606,0.057135521999999606
15134,1.207008,1.069365823333333,0.13764217666666712,0.13764217666666712
15137,0.618744,0.7827894766666662,-0.16404547666666625,0.16404547666666625
