ID,S1_Date,soil_moisture
770,2016-08-19,0.32099390029907227
771,2016-08-19,0.32099390029907227
772,2016-08-19,0.3129613697528839
773,2016-08-19,0.32099390029907227
774,2016-08-19,0.32099390029907227
775,2016-08-19,0.32099390029907227
776,2016-08-19,0.3129613697528839
777,2016-08-19,0.32099390029907227
778,2016-08-19,0.32099390029907227
779,2016-08-19,0.32099390029907227
780,2016-08-19,0.34076929092407227
781,2016-08-19,0.34076929092407227
782,2016-08-19,0.33637475967407227
783,2016-08-19,0.33637475967407227
784,2016-08-19,0.34076929092407227
785,2016-08-19,0.33637475967407227
786,2016-08-19,0.34076929092407227
787,2016-08-19,0.33637475967407227
788,2016-08-19,0.33637475967407227
789,2016-08-19,0.33637475967407227
790,2016-08-19,0.34076929092407227
791,2016-08-19,0.34076929092407227
792,2016-08-19,0.34076929092407227
793,2016-08-19,0.34076929092407227
794,2016-08-19,0.34076929092407227
795,2016-08-19,0.34076929092407227
796,2016-08-19,0.34076929092407227
797,2016-08-19,0.34076929092407227
2495,2016-10-04,0.32189008593559265
2496,2016-10-04,0.35545942187309265
2499,2016-10-04,0.35545942187309265
2500,2016-10-04,0.32189008593559265
2502,2016-10-04,0.32189008593559265
2506,2016-10-04,0.35545942187309265
2508,2016-10-04,0.32189008593559265
2521,2016-10-10,0.33931228518486023
2528,2016-10-04,0.35545942187309265
2542,2016-10-10,0.33931228518486023
2543,2016-10-10,0.29780837893486023
2544,2016-10-10,0.29780837893486023
2545,2016-10-10,0.29780837893486023
2546,2016-10-10,0.33931228518486023
2547,2016-10-10,0.33931228518486023
2548,2016-10-10,0.33931228518486023
2549,2016-10-10,0.33931228518486023
2550,2016-10-10,0.33931228518486023
2552,2016-10-10,0.33931228518486023
2555,2016-10-10,0.33931228518486023
2687,2016-10-10,0.32637283205986023
2688,2016-10-10,0.32637283205986023
2689,2016-10-10,0.32637283205986023
2690,2016-10-10,0.32637283205986023
2691,2016-10-10,0.32637283205986023
2692,2016-10-10,0.32466384768486023
2693,2016-10-10,0.32466384768486023
2694,2016-10-10,0.32466384768486023
2695,2016-10-10,0.32466384768486023
2704,2016-10-10,0.42024490237236023
2705,2016-10-10,0.42024490237236023
2706,2016-10-10,0.30427810549736023
2707,2016-10-10,0.23506423830986023
2708,2016-10-10,0.33052322268486023
2709,2016-10-10,0.33052322268486023
2710,2016-10-10,0.33052322268486023
2711,2016-10-10,0.33052322268486023
2712,2016-10-10,0.33052322268486023
2713,2016-10-10,0.33052322268486023
2714,2016-10-10,0.33052322268486023
2715,2016-10-10,0.33052322268486023
2716,2016-10-10,0.33052322268486023
2725,2016-10-04,0.35545942187309265
2726,2016-10-04,0.35545942187309265
2727,2016-10-04,0.35545942187309265
2728,2016-10-04,0.35545942187309265
2729,2016-10-04,0.35545942187309265
2730,2016-10-04,0.35545942187309265
2731,2016-10-04,0.35545942187309265
2732,2016-10-04,0.35545942187309265
2733,2016-10-04,0.35545942187309265
2734,2016-10-04,0.35545942187309265
2735,2016-10-04,0.35545942187309265
2736,2016-10-04,0.32189008593559265
2737,2016-10-10,0.30940505862236023
2738,2016-10-04,0.32189008593559265
2739,2016-10-10,0.30940505862236023
2740,2016-10-10,0.30940505862236023
2741,2016-10-10,0.30940505862236023
2742,2016-10-04,0.32189008593559265
2743,2016-10-04,0.32189008593559265
2744,2016-10-10,0.33931228518486023
2745,2016-10-10,0.33931228518486023
2748,2016-10-10,0.29780837893486023
2749,2016-10-10,0.29780837893486023
2750,2016-10-10,0.32637283205986023
2751,2016-10-10,0.32637283205986023
2752,2016-10-10,0.23506423830986023
2753,2016-10-10,0.42024490237236023
2754,2016-10-10,0.30427810549736023
2755,2016-10-10,0.30427810549736023
2756,2016-10-10,0.30427810549736023
2757,2016-10-04,0.39193132519721985
2758,2016-10-04,0.39193132519721985
2759,2016-10-04,0.39193132519721985
2760,2016-10-04,0.39193132519721985
2761,2016-10-04,0.39193132519721985
2762,2016-10-04,0.41011980175971985
2763,2016-10-04,0.41011980175971985
2764,2016-10-04,0.41011980175971985
2765,2016-10-10,0.33955642580986023
2766,2016-10-10,0.33955642580986023
2767,2016-10-10,0.33955642580986023
2768,2016-10-10,0.33955642580986023
2769,2016-10-10,0.33955642580986023
2770,2016-10-10,0.33955642580986023
2771,2016-10-10,0.33955642580986023
2772,2016-10-10,0.33955642580986023
2773,2016-10-10,0.33955642580986023
2774,2016-10-10,0.33955642580986023
2775,2016-10-10,0.33955642580986023
2776,2016-10-10,0.33052322268486023
2777,2016-10-10,0.33052322268486023
2778,2016-10-10,0.33052322268486023
2779,2016-10-10,0.33052322268486023
2780,2016-10-10,0.33052322268486023
2781,2016-10-10,0.33052322268486023
2782,2016-10-10,0.33650466799736023
2783,2016-10-10,0.33650466799736023
2784,2016-10-10,0.33650466799736023
2785,2016-10-10,0.33650466799736023
2790,2016-10-04,0.27620866894721985
2791,2016-10-04,0.27620866894721985
2792,2016-10-04,0.27620866894721985
2793,2016-10-04,0.27620866894721985
2800,2016-10-10,0.19386550784111023
2801,2016-10-10,0.19386550784111023
2802,2016-10-10,0.19386550784111023
2803,2016-10-10,0.19386550784111023
2804,2016-10-10,0.19386550784111023
2805,2016-10-10,0.19386550784111023
2806,2016-10-10,0.19386550784111023
2807,2016-10-10,0.41194412112236023
2808,2016-10-10,0.41194412112236023
2809,2016-10-10,0.41194412112236023
2810,2016-10-10,0.41194412112236023
2811,2016-10-10,0.41194412112236023
2812,2016-10-10,0.41194412112236023
2813,2016-10-10,0.41194412112236023
2814,2016-10-10,0.41194412112236023
2815,2016-10-10,0.41194412112236023
2816,2016-10-10,0.41194412112236023
2817,2016-10-10,0.41194412112236023
2818,2016-10-10,0.41792556643486023
2819,2016-10-10,0.41194412112236023
2820,2016-10-10,0.41194412112236023
2821,2016-10-10,0.32466384768486023
2822,2016-10-10,0.32466384768486023
2823,2016-10-10,0.32466384768486023
2824,2016-10-10,0.32466384768486023
2829,2016-10-04,0.39193132519721985
2839,2016-10-10,0.30940505862236023
2840,2016-10-10,0.30940505862236023
2841,2016-10-10,0.30940505862236023
2842,2016-10-10,0.30940505862236023
2843,2016-10-10,0.30940505862236023
2844,2016-10-10,0.30940505862236023
2845,2016-10-10,0.33650466799736023
2846,2016-10-10,0.33650466799736023
2847,2016-10-10,0.33650466799736023
2848,2016-10-10,0.33650466799736023
2849,2016-10-10,0.33650466799736023
2850,2016-10-10,0.33650466799736023
2851,2016-10-04,0.27620866894721985
2852,2016-10-04,0.27620866894721985
2853,2016-10-04,0.27620866894721985
2863,2016-10-04,0.41011980175971985
2864,2016-10-04,0.41011980175971985
2865,2016-10-10,0.33052322268486023
2866,2016-10-10,0.23506423830986023
2867,2016-10-10,0.33052322268486023
2868,2016-10-10,0.33052322268486023
2869,2016-10-10,0.41194412112236023
2872,2016-10-10,0.32637283205986023
3193,2017-08-24,0.5035727620124817
3194,2017-08-24,0.5035727620124817
3195,2017-08-24,0.5231040120124817
3196,2017-08-24,0.5231040120124817
3197,2017-08-24,0.5231040120124817
3200,2017-08-24,0.5431235432624817
3201,2017-08-24,0.5431235432624817
3202,2017-08-24,0.5431235432624817
3203,2017-08-24,0.5431235432624817
3204,2017-08-24,0.5431235432624817
3205,2017-08-24,0.5211508870124817
3206,2017-08-24,0.5211508870124817
3208,2017-08-24,0.5211508870124817
3210,2017-08-24,0.5007651448249817
3211,2017-08-24,0.5007651448249817
3212,2017-08-24,0.5007651448249817
3213,2017-08-24,0.5007651448249817
3214,2017-08-24,0.5201743245124817
3252,2017-08-22,0.43254828453063965
3253,2017-08-22,0.43254828453063965
3257,2017-08-22,0.43254828453063965
3258,2017-08-22,0.43254828453063965
3262,2017-08-22,0.46636176109313965
3264,2017-08-22,0.46636176109313965
3265,2017-08-22,0.4297778904438019
3266,2017-08-22,0.4297778904438019
3270,2017-08-22,0.3173511326313019
3271,2017-08-22,0.3173511326313019
3274,2017-08-22,0.3173511326313019
3275,2017-08-22,0.3173511326313019
3324,2017-08-24,0.4295651614665985
3325,2017-08-24,0.4295651614665985
3327,2017-08-24,0.5150473713874817
3328,2017-08-24,0.5150473713874817
3329,2017-08-24,0.5150473713874817
3332,2017-08-24,0.5167768001556396
3334,2017-08-24,0.5167768001556396
3476,2017-08-24,0.5111239552497864
3477,2017-08-24,0.5111239552497864
3478,2017-08-24,0.5318930745124817
3479,2017-08-24,0.5318930745124817
3482,2017-08-24,0.5318930745124817
3483,2017-08-24,0.5318930745124817
3484,2017-08-24,0.5318930745124817
3485,2017-08-24,0.5318930745124817
3486,2017-08-24,0.5318930745124817
3487,2017-08-24,0.5318930745124817
3488,2017-08-24,0.5318930745124817
3489,2017-08-24,0.5128329396247864
3490,2017-08-24,0.5128329396247864
3491,2017-08-24,0.4659421145915985
3492,2017-08-24,0.4659421145915985
3493,2017-08-24,0.5177157521247864
3494,2017-08-24,0.5177157521247864
3496,2017-08-24,0.5111239552497864
3497,2017-08-24,0.5111239552497864
3546,2017-08-22,0.4051271975040436
3562,2017-08-24,0.5010092854499817
3563,2017-08-24,0.5010092854499817
3570,2017-08-24,0.5010092854499817
3571,2017-08-24,0.5010092854499817
3572,2017-08-24,0.5010092854499817
3573,2017-08-24,0.5010092854499817
3574,2017-08-24,0.5010092854499817
3575,2017-08-24,0.5010092854499817
3582,2017-08-24,0.3957516849040985
3583,2017-08-24,0.3957516849040985
3585,2017-08-24,0.5023520588874817
3586,2017-08-24,0.5023520588874817
3587,2017-08-24,0.5023520588874817
3592,2017-08-24,0.5167768001556396
3593,2017-08-24,0.5167768001556396
3594,2017-08-24,0.5167768001556396
3595,2017-08-24,0.5179975032806396
3596,2017-08-24,0.5179975032806396
3597,2017-08-24,0.5179975032806396
3598,2017-08-24,0.4700925052165985
3599,2017-08-24,0.4700925052165985
3600,2017-08-24,0.4700925052165985
3602,2017-08-24,0.4669186770915985
3603,2017-08-24,0.5167768001556396
3604,2017-08-24,0.5167768001556396
3617,2017-09-05,0.41685357689857483
3618,2017-09-05,0.41685357689857483
3637,2017-08-24,0.5167768001556396
3640,2017-08-24,0.5167768001556396
3642,2017-08-24,0.5182211995124817
3694,2017-08-24,0.3907468020915985
3695,2017-08-24,0.3632809817790985
3696,2017-08-24,0.3632809817790985
3698,2017-08-24,0.3632809817790985
3699,2017-08-24,0.3664548099040985
3703,2017-08-24,0.3912350833415985
3709,2017-08-24,0.4132407009601593
3712,2017-08-24,0.4132407009601593
3714,2017-08-24,0.4893796145915985
3715,2017-08-24,0.4079916775226593
3716,2017-08-24,0.4893796145915985
3717,2017-08-24,0.4079916775226593
3719,2017-08-24,0.4043295681476593
3720,2017-08-24,0.4043295681476593
3721,2017-08-24,0.3514731228351593
3722,2017-08-24,0.4893796145915985
3723,2017-08-24,0.3514731228351593
3725,2017-08-24,0.4893796145915985
3727,2017-08-24,0.3514731228351593
3728,2017-08-24,0.4893796145915985
3729,2017-08-24,0.3514731228351593
3730,2017-08-24,0.4893796145915985
3731,2017-08-24,0.354873925447464
3732,2017-08-24,0.354873925447464
3733,2017-08-24,0.330948144197464
3734,2017-08-24,0.330948144197464
3735,2017-08-24,0.330948144197464
3736,2017-08-24,0.330948144197464
3740,2017-08-22,0.421158105134964
3741,2017-08-22,0.421158105134964
3746,2017-08-24,0.3592526614665985
3748,2017-08-24,0.3592526614665985
3751,2017-08-24,0.4114987552165985
3752,2017-08-24,0.3796384036540985
3753,2017-08-24,0.3796384036540985
3757,2017-08-24,0.4114987552165985
3761,2017-08-24,0.4041745364665985
3762,2017-08-24,0.4041745364665985
3763,2017-08-24,0.4084469974040985
3764,2017-08-24,0.4084469974040985
3766,2017-08-24,0.4459225833415985
3767,2017-08-24,0.4459225833415985
3773,2017-08-24,0.3912350833415985
3774,2017-09-05,0.40890300273895264
3775,2017-09-05,0.40890300273895264
3783,2017-08-24,0.3408530056476593
3785,2017-08-24,0.3796384036540985
3788,2017-08-24,0.3796384036540985
3856,2017-08-24,0.4042966067790985
3858,2017-08-24,0.4014889895915985
3859,2017-09-29,0.3317734897136688
3861,2017-08-22,0.406143456697464
3872,2017-08-24,0.4359128177165985
3911,2017-08-24,0.4451901614665985
3941,2017-08-24,0.4359128177165985
3942,2017-08-24,0.4359128177165985
3943,2017-08-24,0.4405514895915985
3944,2017-08-24,0.4422604739665985
3945,2017-08-24,0.4096677005290985
3946,2017-08-24,0.4096677005290985
3948,2017-08-24,0.4039303958415985
3949,2017-08-24,0.4086911380290985
3950,2017-08-24,0.4086911380290985
3951,2017-08-24,0.4096677005290985
3952,2017-08-24,0.4096677005290985
3953,2017-08-24,0.4963376224040985
3954,2017-08-24,0.4436032474040985
3955,2017-08-24,0.4433591067790985
3956,2017-08-24,0.3557126224040985
3957,2017-08-24,0.3557126224040985
3958,2017-08-24,0.4453122317790985
3959,2017-08-24,0.4433591067790985
3960,2017-08-24,0.4453122317790985
3961,2017-08-24,0.4433591067790985
3962,2017-08-24,0.4410397708415985
3963,2017-08-24,0.4433591067790985
3967,2017-08-24,0.4433591067790985
3968,2017-08-24,0.4433591067790985
3970,2017-08-24,0.4433591067790985
3971,2017-08-24,0.4439694583415985
3972,2017-08-24,0.4439694583415985
3973,2017-08-24,0.4433591067790985
3976,2017-08-24,0.4433591067790985
3993,2017-08-24,0.4433591067790985
3996,2017-08-24,0.4433591067790985
3998,2017-08-24,0.4439694583415985
3999,2017-08-24,0.4439694583415985
4001,2017-08-24,0.4433591067790985
4002,2017-08-24,0.4433591067790985
4032,2017-08-24,0.4416501224040985
4035,2017-08-24,0.4416501224040985
4037,2017-08-24,0.4416501224040985
4039,2017-08-24,0.4439694583415985
4042,2017-08-24,0.4439694583415985
4052,2017-08-24,0.4014889895915985
4069,2017-08-24,0.4014889895915985
4071,2017-08-24,0.4014889895915985
4078,2017-08-24,0.4014889895915985
4103,2017-08-24,0.4014889895915985
4106,2017-08-24,0.3129880130290985
4111,2017-08-24,0.3129880130290985
4215,2017-08-24,0.4896455407142639
4216,2017-08-24,0.4896455407142639
4264,2017-08-24,0.3617270290851593
4265,2017-08-24,0.3617270290851593
4268,2017-08-24,0.3790610134601593
4269,2017-08-24,0.3790610134601593
4271,2017-08-24,0.3790610134601593
4276,2017-08-24,0.3851645290851593
4277,2017-08-24,0.3851645290851593
4279,2017-08-24,0.3851645290851593
4280,2017-08-24,0.3851645290851593
4282,2017-08-24,0.3917563259601593
4284,2017-08-24,0.3917563259601593
4286,2017-08-24,0.3917563259601593
4324,2017-08-24,0.4933076500892639
4325,2017-08-24,0.4416719079017639
4326,2017-08-24,0.5364480018615723
4354,2017-08-24,0.5025790333747864
4355,2017-08-24,0.5025790333747864
4358,2017-08-24,0.5123446583747864
4359,2017-08-24,0.5123446583747864
4360,2017-08-24,0.5123446583747864
4361,2017-08-24,0.5123446583747864
4362,2017-08-24,0.5123446583747864
4363,2017-08-24,0.5123446583747864
4364,2017-08-24,0.5087201595306396
4365,2017-08-24,0.5087201595306396
4366,2017-08-24,0.490494042634964
4367,2017-08-24,0.490494042634964
4368,2017-08-24,0.377456933259964
4369,2017-08-24,0.377456933259964
4370,2017-08-24,0.398575097322464
4371,2017-08-24,0.5087201595306396
4372,2017-08-24,0.49810004234313965
4373,2017-08-24,0.49810004234313965
4374,2017-08-24,0.49810004234313965
4375,2017-08-24,0.49810004234313965
4381,2017-08-24,0.5328584313392639
4382,2017-08-24,0.4936738610267639
4383,2017-08-24,0.5362764000892639
4384,2017-08-24,0.5362764000892639
4385,2017-08-24,0.4878144860267639
4386,2017-08-24,0.4819551110267639
4387,2017-08-24,0.4819551110267639
4390,2017-08-24,0.4742646813392639
4391,2017-08-24,0.4742646813392639
4392,2017-08-24,0.4742646813392639
4393,2017-08-24,0.4742646813392639
4493,2017-08-24,0.3678193688392639
4494,2017-08-24,0.3678193688392639
4496,2017-08-24,0.3905244469642639
4497,2017-08-24,0.3905244469642639
4498,2017-08-24,0.3826137185096741
4499,2017-08-24,0.3826137185096741
4525,2017-09-11,0.3383335769176483
4526,2017-09-11,0.3383335769176483
4537,2017-09-11,0.2705845534801483
4538,2017-09-11,0.2705845534801483
4548,2017-08-24,0.3905244469642639
4549,2017-08-24,0.3905244469642639
4550,2017-08-24,0.42902612686157227
4551,2017-08-24,0.42902612686157227
4552,2017-08-24,0.41742944717407227
4553,2017-08-24,0.41742944717407227
4554,2017-08-24,0.42902612686157227
4555,2017-08-24,0.42902612686157227
4734,2017-08-24,0.4043295681476593
4772,2017-08-24,0.3632809817790985
4777,2017-08-24,0.4014889895915985
4837,2017-08-24,0.4936738610267639
4859,2017-08-24,0.3603842556476593
4860,2017-08-24,0.3603842556476593
4861,2017-08-24,0.3586752712726593
4862,2017-08-24,0.3603842556476593
4863,2017-08-24,0.3603842556476593
4864,2017-08-24,0.3677084743976593
4865,2017-08-24,0.3677084743976593
4866,2017-08-24,0.3617270290851593
4867,2017-08-24,0.3617270290851593
4868,2017-08-24,0.3617270290851593
4869,2017-08-24,0.3790610134601593
4870,2017-08-24,0.3790610134601593
4871,2017-08-24,0.3790610134601593
4872,2017-08-24,0.3790610134601593
4873,2017-08-24,0.3790610134601593
4874,2017-08-24,0.3790610134601593
4875,2017-08-24,0.5106528401374817
4876,2017-08-24,0.5106528401374817
4956,2017-08-24,0.3669648766517639
4957,2017-08-24,0.3669648766517639
4958,2017-08-24,0.3899140954017639
4959,2017-08-24,0.3899140954017639
4977,2017-08-24,0.4039303958415985
4987,2017-08-24,0.3465573489665985
5252,,0.3437888026237488
5258,,0.3437888026237488
5259,,0.3437888026237488
5271,2017-09-03,0.34257882833480835
5301,2017-09-03,0.34257882833480835
5310,2017-09-05,0.31480279564857483
5315,2017-09-05,
5316,2017-09-05,
5328,2017-09-05,0.27574029564857483
5329,2017-09-05,0.27574029564857483
5335,2017-09-03,0.45708078145980835
5338,2017-09-03,0.45708078145980835
5339,2017-09-03,0.45708078145980835
5346,2017-09-03,0.45708078145980835
5351,2017-09-03,0.44682687520980835
5352,2017-09-03,0.44682687520980835
5355,2017-09-03,0.45708078145980835
5357,2017-09-03,0.45708078145980835
5358,2017-09-03,0.45390695333480835
5360,2017-09-03,0.45390695333480835
5362,2017-09-03,0.44682687520980835
5363,2017-09-03,0.44682687520980835
5368,2017-09-03,0.45708078145980835
5369,2017-09-03,0.45708078145980835
5371,2017-09-05,0.8239309191703796
5384,,0.2960593104362488
5385,,0.2960593104362488
5386,,0.3529440760612488
5413,2017-09-03,0.45708078145980835
5417,2017-09-03,0.45659250020980835
5418,2017-09-03,0.45708078145980835
5419,2017-09-03,0.45708078145980835
5420,2017-09-03,0.45659250020980835
5421,2017-09-03,0.45708078145980835
5422,2017-09-03,0.45659250020980835
5424,2017-09-03,0.45708078145980835
5425,2017-09-03,0.45708078145980835
5435,2017-09-03,0.5122565627098083
5436,2017-09-03,0.5122565627098083
5447,2017-09-03,0.45708078145980835
5448,2017-09-03,0.45708078145980835
5449,2017-09-03,0.45708078145980835
5453,2017-09-03,0.38076359033584595
5454,2017-09-03,0.38076359033584595
5460,2017-09-03,0.37453800439834595
5462,2017-09-03,0.45390695333480835
5463,2017-09-03,0.45390695333480835
5464,2017-09-03,0.45390695333480835
5465,2017-09-03,0.45390695333480835
5466,2017-09-03,0.45390695333480835
5467,2017-09-03,0.45708078145980835
5468,2017-09-03,0.45708078145980835
5469,2017-09-03,0.45708078145980835
5470,2017-09-03,0.45708078145980835
5471,2017-09-03,0.45659250020980835
5472,2017-09-03,0.45659250020980835
5473,2017-09-03,0.45659250020980835
5474,2017-09-03,0.45659250020980835
5477,2017-09-03,0.41935300827026367
5478,2017-09-03,0.42155027389526367
5479,2017-09-03,0.42155027389526367
5480,2017-09-03,0.34257882833480835
5482,2017-09-03,0.38076359033584595
5483,2017-09-03,0.38076359033584595
5485,2017-09-03,0.41935300827026367
5486,2017-09-03,0.42155027389526367
5487,2017-09-03,0.34257882833480835
5488,2017-09-03,0.34257882833480835
5489,2017-09-03,0.34257882833480835
5490,2017-09-03,0.34257882833480835
5492,2017-09-03,0.41935300827026367
5493,2017-09-03,0.42155027389526367
5494,,0.3437888026237488
5495,,0.3437888026237488
5496,,0.3437888026237488
5497,,0.3437888026237488
5498,,0.3529440760612488
5500,,0.3437888026237488
5501,,0.3437888026237488
5502,,0.3437888026237488
5503,,0.3437888026237488
5504,,0.3437888026237488
5507,2017-09-03,0.45390695333480835
6031,2018-09-13,0.40825989842414856
6036,2018-09-12,0.4179805815219879
6043,2018-09-07,0.27641579508781433
6046,2018-09-07,0.25993630290031433
6067,2018-09-07,0.25993630290031433
6068,2018-09-07,0.25993630290031433
6071,,0.25757530331611633
6073,,0.24982383847236633
6074,,0.25757530331611633
6075,,0.38054177165031433
6076,,0.25757530331611633
6086,2018-09-07,0.23546122014522552
6088,2018-09-07,0.21641825139522552
6092,,0.3724854588508606
6094,2018-10-13,0.19751852750778198
6095,2018-10-13,0.19751852750778198
6097,,0.3724854588508606
6098,2018-10-13,0.19751852750778198
6099,2018-10-13,0.3212210237979889
6100,2018-10-13,0.3212210237979889
6101,2018-10-13,0.3212210237979889
6103,2018-10-13,0.3212210237979889
6105,2018-10-13,0.3212210237979889
6106,2018-10-13,0.3212210237979889
6107,2018-10-13,0.3212210237979889
6109,2018-10-13,0.3212210237979889
6114,2018-09-07,0.22716043889522552
6115,2018-09-07,0.25310036540031433
6116,2018-09-14,0.22670279443264008
6117,2018-09-14,0.22670279443264008
6118,2018-09-14,0.22670279443264008
6119,2018-09-07,0.25310036540031433
6134,2018-09-12,0.22133170068264008
6136,,0.24268272519111633
6137,2018-09-12,0.22133170068264008
6138,2018-09-12,0.22133170068264008
6139,2018-09-07,0.17011192440986633
6140,2018-09-12,0.22133170068264008
6158,2018-09-07,0.21641825139522552
6159,2018-09-07,0.22716043889522552
6160,2018-09-07,0.14032676815986633
6161,2018-09-07,0.17591026425361633
6162,2018-09-14,0.41184258460998535
6163,2018-09-07,0.17591026425361633
6164,2018-09-07,0.17011192440986633
6165,2018-09-07,0.17591026425361633
6166,2018-09-14,0.41184258460998535
6172,2018-09-14,0.42942070960998535
6173,2018-09-07,0.31036466360092163
6174,2018-09-07,
6175,2018-09-07,0.23301981389522552
6176,2018-09-07,0.23301981389522552
6187,2018-09-14,0.41184258460998535
6189,2018-09-14,0.41587090492248535
6217,2018-09-14,0.29306817054748535
6218,2018-09-14,0.32077813148498535
6224,2018-09-07,0.33686065673828125
6225,2018-09-14,0.41184258460998535
6226,2018-09-07,0.31488800048828125
6227,2018-09-14,0.29306817054748535
6229,2018-09-07,0.39551490545272827
6231,2018-09-14,0.26622501015663147
6232,2018-09-07,0.6130857467651367
6233,2018-09-07,0.23688438534736633
6237,2018-10-13,0.275399386882782
6239,2018-10-13,0.272103488445282
6240,2018-10-13,0.272103488445282
6241,2018-09-14,0.2390739619731903
6242,2018-09-14,0.25754570960998535
6243,2018-09-14,0.32077813148498535
6244,2018-09-07,0.23688438534736633
6245,2018-09-14,0.32785820960998535
6247,2018-09-07,0.39551490545272827
6251,2018-09-07,0.39856666326522827
6252,2018-09-14,0.2390739619731903
6253,2018-09-07,0.39856666326522827
6254,2018-09-07,0.39551490545272827
6255,2018-09-07,0.39856666326522827
6256,2018-09-07,0.41162818670272827
6257,2018-09-14,0.29306817054748535
6258,2018-09-07,0.41162818670272827
6259,2018-09-07,0.39856666326522827
6260,2018-09-07,0.39856666326522827
6261,2018-09-14,0.29306817054748535
6263,2018-09-14,0.2316887080669403
6266,2018-09-14,0.2316887080669403
6267,2018-09-14,0.7418205142021179
6268,2018-09-12,0.20399771630764008
6269,2018-09-12,0.20399771630764008
6270,2018-09-12,0.20399771630764008
6271,2018-09-12,0.24922476708889008
6272,2018-10-13,0.272103488445282
6284,2018-09-07,0.21124961972236633
6285,2018-09-12,0.30946648120880127
6289,2018-09-07,0.21124961972236633
6294,,0.20795372128486633
6300,2018-10-13,0.2677542269229889
6301,2018-10-13,0.2677542269229889
6302,2018-10-13,0.2677542269229889
6303,2018-10-13,0.2677542269229889
6307,2018-09-13,0.32731902599334717
6316,2018-10-13,0.19904440641403198
6332,2018-10-13,0.21076315641403198
6334,2018-10-13,0.274178683757782
6345,,0.18225792050361633
6357,2018-10-13,0.20996969938278198
6359,2018-10-13,0.22419089078903198
6361,2018-10-13,0.272103488445282
6375,,0.38054177165031433
6377,,0.38054177165031433
6382,2018-09-14,0.42050957679748535
6384,2018-09-14,0.42050957679748535
6386,,0.38054177165031433
6389,,0.38054177165031433
6409,2018-09-14,0.22981558740139008
6410,2018-09-14,0.25209343433380127
6411,2018-09-14,0.25209343433380127
6412,2018-09-14,0.25209343433380127
6432,2018-09-14,0.34470391273498535
6448,2018-09-14,0.33077865839004517
6469,2018-09-07,0.6840891242027283
6474,2018-09-07,
6476,2018-09-07,0.33500954508781433
6477,2018-09-07,0.6024856567382812
6491,2018-09-07,0.33500954508781433
6492,2018-09-07,
6493,2018-09-07,
6496,2018-09-07,
6499,2018-09-07,
6511,2018-09-07,0.6130857467651367
6512,2018-09-07,0.6130857467651367
6513,2018-09-07,
6516,2018-09-07,0.33500954508781433
6520,2018-09-07,0.33686065673828125
6524,2018-09-07,0.33686065673828125
6530,2018-09-07,0.31488800048828125
6531,2018-09-07,0.6737747192382812
6532,2018-09-07,0.6737747192382812
6533,2018-09-07,0.31336158514022827
6534,2018-09-07,0.31336158514022827
6535,2018-09-07,0.31336158514022827
6536,2018-09-07,0.31336158514022827
6537,2018-09-07,0.31336158514022827
6538,2018-09-07,0.31958717107772827
6539,2018-09-07,0.31958717107772827
6541,2018-09-07,0.31336158514022827
6543,2018-09-07,0.31336158514022827
6544,2018-09-07,0.31336158514022827
6545,2018-09-07,0.31336158514022827
6546,2018-09-07,0.17591026425361633
6547,2018-09-07,0.31336158514022827
6548,2018-09-07,0.14032676815986633
6550,2018-09-07,0.35905739665031433
6551,2018-09-07,0.31336158514022827
6552,2018-09-07,0.31336158514022827
6553,2018-09-07,0.31336158514022827
6563,2018-09-07,0.33686065673828125
6570,2018-09-07,0.33686065673828125
6584,2018-09-07,0.32526397705078125
6588,2018-09-07,0.39936065673828125
6590,2018-09-07,0.39014381170272827
6593,2018-10-13,0.3811575472354889
6598,2018-09-07,0.35905739665031433
6639,2018-09-07,0.31488800048828125
6646,2018-09-07,0.31488800048828125
6648,2018-10-13,0.24640768766403198
6649,2018-10-13,0.3728567659854889
6651,2018-10-13,0.24640768766403198
6654,2018-09-07,0.35187530517578125
6655,2018-09-07,0.33405303955078125
6656,2018-09-07,0.31488800048828125
6657,2018-09-07,0.33405303955078125
6658,2018-09-07,0.31488800048828125
6660,2018-09-07,0.35187530517578125
6663,2018-10-13,0.292000949382782
6665,,0.30302712321281433
6666,,0.38054177165031433
6669,2018-09-07,0.21641825139522552
6670,,0.38054177165031433
6671,,0.24268272519111633
6673,,0.24982383847236633
6674,2018-09-07,0.25187966227531433
7216,2018-10-04,0.1655818372964859
7217,2018-10-04,0.1655818372964859
7218,2018-10-04,0.14809270203113556
7219,2018-10-04,0.14809270203113556
7220,2018-10-04,0.48323673009872437
7221,2018-10-04,0.48323673009872437
7222,2018-10-04,0.17342229187488556
7223,2018-10-04,0.17342229187488556
7224,2018-10-04,0.48860782384872437
7225,2018-10-04,0.48860782384872437
7226,2018-10-04,0.2018977552652359
7227,2018-10-04,0.2243586927652359
7228,2018-10-04,0.2243586927652359
7229,2018-10-04,0.2018977552652359
7230,2018-10-04,0.14809270203113556
7231,2018-10-04,0.14809270203113556
7232,2018-10-04,0.2243586927652359
7233,2018-10-04,0.2018977552652359
7234,2018-10-04,0.2018977552652359
7235,2018-10-04,0.2018977552652359
7236,2018-10-04,0.2243586927652359
7237,2018-10-04,0.2018977552652359
7238,2018-10-04,0.2018977552652359
7239,2018-10-04,0.2018977552652359
7240,2018-10-04,0.2018977552652359
7241,2018-10-04,0.2243586927652359
7242,2018-10-04,0.2243586927652359
7243,2018-10-04,0.2018977552652359
7246,2018-10-04,0.2018977552652359
7247,2018-10-04,0.14662785828113556
7248,2018-10-04,0.14662785828113556
7249,2018-10-04,0.2018977552652359
7250,2018-10-04,0.2018977552652359
7251,2018-10-04,0.2243586927652359
7252,2018-10-04,0.2243586927652359
7259,2018-10-04,0.0889313668012619
7260,2018-10-04,0.0889313668012619
7261,2018-10-04,0.29585880041122437
7262,2018-10-04,0.29585880041122437
7266,2018-10-04,0.14937444031238556
7267,2018-10-04,0.2018977552652359
7268,2018-10-04,0.2018977552652359
7270,2018-10-04,0.2018977552652359
7271,2018-10-04,0.2018977552652359
7272,2018-10-04,0.2018977552652359
7277,2018-10-04,0.2357112318277359
7278,2018-10-04,0.2018977552652359
7279,2018-10-04,0.2572566568851471
7280,2018-10-04,0.2572566568851471
7281,2018-10-04,0.2572566568851471
7282,2018-10-04,0.2018977552652359
7283,2018-10-04,0.2018977552652359
7284,2018-10-04,0.2572566568851471
7285,2018-10-04,0.2216731458902359
7286,2018-10-04,0.2572566568851471
7287,2018-10-04,0.2018977552652359
7288,2018-10-04,0.2018977552652359
7289,2018-10-04,0.23775334656238556
7290,2018-10-04,0.23775334656238556
7291,2018-10-04,0.2216731458902359
7292,2018-10-04,0.2572566568851471
7293,2018-10-04,0.2572566568851471
7294,2018-10-04,0.2216731458902359
7295,2018-10-04,0.24935002624988556
7296,2018-10-04,0.24935002624988556
7297,2018-10-04,0.2357112318277359
7298,2018-10-04,0.2357112318277359
7299,2018-10-04,0.2357112318277359
7300,2018-10-04,0.2572566568851471
7301,2018-10-04,0.2357112318277359
7303,2018-10-04,0.2572566568851471
7304,2018-10-04,0.2357112318277359
7306,2018-10-04,0.29585880041122437
7307,2018-10-04,0.14937444031238556
7308,2018-10-04,0.14937444031238556
7309,2018-10-04,0.2399836927652359
7310,2018-10-04,0.29585880041122437
7311,2018-10-04,0.2572566568851471
7312,2018-10-04,0.2572566568851471
7313,2018-10-04,0.27156680822372437
7314,2018-10-04,0.27156680822372437
7315,2018-10-04,0.2572566568851471
7316,2018-10-04,0.27156680822372437
7317,2018-10-04,0.27156680822372437
7318,2018-10-04,0.29585880041122437
7319,2018-10-04,0.2018977552652359
7320,2018-10-04,0.2572566568851471
7321,2018-10-04,0.2018977552652359
7322,2018-10-04,0.27156680822372437
7323,2018-10-04,0.2357112318277359
7324,2018-10-04,0.2018977552652359
7325,2018-10-04,0.2018977552652359
7326,2018-10-04,0.2018977552652359
7327,2018-10-04,0.26607364416122437
7328,2018-10-04,0.2357112318277359
7329,2018-10-04,0.26607364416122437
7330,2018-10-04,0.26607364416122437
7331,2018-10-04,0.2018977552652359
7332,2018-10-04,0.2018977552652359
7333,2018-10-04,0.2018977552652359
7334,2018-10-04,0.2018977552652359
7335,2018-10-04,0.2018977552652359
7336,2018-10-04,0.29585880041122437
7337,2018-10-04,0.2018977552652359
7338,2018-10-04,0.13454289734363556
7340,2018-10-04,0.13454289734363556
7341,2018-10-04,0.5943207144737244
7342,2018-10-04,0.5943207144737244
7346,2018-10-04,0.3781093657016754
7347,2018-10-04,0.3781093657016754
7348,2018-10-04,0.2018977552652359
7349,2018-10-04,0.2243586927652359
7350,2018-10-04,0.13454289734363556
7351,2018-10-04,0.13454289734363556
7352,2018-10-04,0.14937444031238556
7353,2018-10-04,0.2243586927652359
7354,2018-10-04,0.29585880041122437
7355,2018-10-04,0.14937444031238556
7358,2018-10-04,0.29585880041122437
7359,2018-10-04,0.29585880041122437
7360,2018-10-04,0.2018977552652359
7361,2018-10-04,0.29585880041122437
7362,2018-10-04,0.29585880041122437
7363,2018-10-04,0.29585880041122437
7364,2018-10-04,0.29585880041122437
7365,2018-10-04,0.29585880041122437
7366,2018-10-04,0.29585880041122437
7367,2018-10-04,0.3781093657016754
7368,2018-10-04,0.3781093657016754
7369,2018-10-04,0.5943207144737244
7370,2018-10-04,0.5943207144737244
7371,2018-10-04,0.0961945503950119
7372,2018-10-04,0.0961945503950119
7373,2018-10-04,0.29585880041122437
7374,2018-10-04,0.29585880041122437
7375,2018-10-04,0.29585880041122437
7376,2018-10-04,0.29585880041122437
7377,2018-10-04,0.29585880041122437
7378,2018-10-04,0.2743465006351471
7379,2018-10-04,0.2743465006351471
7380,2018-10-04,0.2743465006351471
7386,2018-10-04,0.2018977552652359
7388,2018-10-04,0.2243586927652359
7390,2018-10-04,0.2243586927652359
7394,2018-10-04,0.2243586927652359
7398,2018-10-04,0.2243586927652359
7402,2018-10-04,0.3458797037601471
7403,2018-10-04,0.3458797037601471
7404,2018-10-04,0.3458797037601471
7405,2018-10-04,0.1985408216714859
7406,2018-10-04,0.1985408216714859
7407,2018-10-04,0.3458797037601471
7410,2018-10-04,0.3458797037601471
7411,2018-10-04,0.29585880041122437
7412,2018-10-04,0.3458797037601471
7413,2018-10-04,0.1985408216714859
7414,2018-10-04,0.1985408216714859
7415,2018-10-04,0.29585880041122437
7416,2018-10-04,0.3458797037601471
7417,2018-10-04,0.29585880041122437
7418,2018-10-04,0.3458797037601471
7419,2018-10-04,0.3458797037601471
7420,2018-10-04,0.3458797037601471
7421,2018-10-04,0.3458797037601471
7422,2018-10-04,0.1660701185464859
7423,2018-10-04,0.3458797037601471
7424,2018-10-04,0.1660701185464859
7425,2018-10-04,0.3458797037601471
7426,2018-10-04,0.1660701185464859
7427,2018-10-04,0.1660701185464859
7428,2018-10-04,0.29585880041122437
7431,2018-10-04,0.1660701185464859
7433,2018-10-04,0.1660701185464859
7435,2018-10-04,0.2026912122964859
7437,2018-10-04,0.2026912122964859
7438,2018-10-04,0.2026912122964859
7439,2018-10-04,0.2743465006351471
7440,2018-10-04,0.2743465006351471
7441,2018-10-04,0.29585880041122437
7442,2018-10-04,0.2743465006351471
7443,2018-10-04,0.2026912122964859
7444,2018-10-04,0.2743465006351471
7446,2018-10-04,0.2743465006351471
7447,2018-10-04,0.29585880041122437
7448,2018-10-04,0.2743465006351471
7449,2018-10-04,0.2743465006351471
7451,2018-10-04,0.2354670912027359
7453,2018-10-04,0.2743465006351471
7454,2018-10-04,0.16182561218738556
7455,2018-10-04,0.16182561218738556
7457,2018-10-04,0.2354670912027359
7458,2018-10-04,0.2743465006351471
7460,2018-10-04,0.29585880041122437
7461,2018-10-04,0.29585880041122437
7462,2018-10-04,0.29585880041122437
7463,2018-10-04,0.2572566568851471
7464,2018-10-04,0.29585880041122437
7465,2018-10-04,0.2572566568851471
7466,2018-10-04,0.29585880041122437
7467,2018-10-04,0.29585880041122437
7468,2018-10-04,0.2743465006351471
7469,2018-10-04,0.2743465006351471
7470,2018-10-04,0.29585880041122437
7471,2018-10-04,0.29585880041122437
7472,2018-10-04,0.29585880041122437
7473,2018-10-04,0.29585880041122437
7474,2018-10-04,0.29585880041122437
7475,2018-10-04,0.29585880041122437
7476,2018-10-04,0.3781093657016754
7477,2018-10-04,0.2216731458902359
7478,2018-10-04,0.2216731458902359
7479,2018-10-04,0.2354670912027359
7480,2018-10-04,0.2197810560464859
7481,2018-10-04,0.2397395521402359
7482,2018-10-04,0.2308284193277359
7483,2018-10-04,0.2357112318277359
7484,2018-10-04,0.2357112318277359
7486,2018-10-04,0.3781093657016754
7487,2018-10-04,0.2399836927652359
7488,2018-10-04,0.2399836927652359
7511,2018-10-04,0.2743465006351471
7513,2018-10-04,0.2354670912027359
7514,2018-10-04,0.2354670912027359
7516,2018-10-04,0.2354670912027359
7517,2018-10-04,0.2572566568851471
7518,2018-10-04,0.2572566568851471
7521,2018-10-04,0.2572566568851471
7522,2018-10-04,0.2572566568851471
7525,2018-10-04,0.2572566568851471
7526,2018-10-04,0.2572566568851471
7527,2018-10-04,0.2572566568851471
7528,2018-10-04,0.2572566568851471
7529,2018-10-04,0.0920136421918869
7532,2018-10-04,0.29585880041122437
7533,2018-10-04,0.1055939644575119
7545,2018-10-04,0.2572566568851471
7546,2018-10-04,0.2572566568851471
7547,2018-10-04,0.3458797037601471
7548,2018-10-04,0.3458797037601471
7549,2018-10-04,0.2354670912027359
7550,2018-10-04,0.2354670912027359
7552,2018-10-04,0.3458797037601471
7553,2018-10-04,0.3458797037601471
7554,2018-10-04,0.3458797037601471
7555,2018-10-04,0.3458797037601471
7556,2018-10-04,0.3458797037601471
7557,2018-10-04,0.3458797037601471
7558,2018-10-04,0.3458797037601471
7559,2018-10-04,0.3458797037601471
7560,2018-10-04,0.3458797037601471
7561,2018-10-04,0.3458797037601471
7594,2018-10-04,0.24873967468738556
7597,2018-10-04,0.24873967468738556
7599,2018-10-04,0.24873967468738556
7601,2018-10-04,0.24873967468738556
7603,2018-10-04,0.24873967468738556
7605,2018-10-04,0.24873967468738556
7610,2018-10-04,0.24873967468738556
7611,2018-10-04,0.24873967468738556
7612,2018-10-04,0.24873967468738556
7613,2018-10-04,0.2743465006351471
7614,2018-10-04,0.2743465006351471
7615,2018-10-04,0.29585880041122437
7616,2018-10-04,0.29585880041122437
7617,2018-10-04,0.29585880041122437
7618,2018-10-04,0.29585880041122437
7619,2018-10-04,0.29585880041122437
7620,2018-10-04,0.29585880041122437
7621,2018-10-04,0.29585880041122437
7622,2018-10-04,0.29585880041122437
7623,2018-10-04,0.29585880041122437
7624,2018-10-04,0.29585880041122437
7625,2018-10-04,0.29585880041122437
7626,2018-10-04,0.29585880041122437
7627,2018-10-04,0.29585880041122437
7628,2018-10-04,0.29585880041122437
7629,2018-10-04,0.29585880041122437
7630,2018-10-04,0.29585880041122437
7631,2018-10-04,0.29585880041122437
7632,2018-10-04,0.24873967468738556
7633,2018-10-04,0.2026912122964859
7634,2018-10-04,0.2743465006351471
7635,2018-10-04,0.2743465006351471
7636,2018-10-04,0.2743465006351471
7637,2018-10-04,0.2743465006351471
7638,2018-10-04,0.2743465006351471
7639,2018-10-04,0.2743465006351471
7640,2018-10-04,0.2743465006351471
7641,2018-10-04,0.2743465006351471
7642,2018-10-04,0.2026912122964859
7650,2018-10-04,0.2026912122964859
7652,2018-10-04,0.29585880041122437
7654,2018-10-04,0.2743465006351471
7655,2018-10-04,0.24873967468738556
7656,2018-10-04,0.24873967468738556
7657,2018-10-04,0.24873967468738556
7658,2018-10-04,0.24873967468738556
7659,2018-10-04,0.24873967468738556
7662,2018-10-04,0.26607364416122437
7663,2018-10-04,0.2743465006351471
7664,2018-10-04,0.0961945503950119
7665,2018-10-04,0.26607364416122437
7666,2018-10-04,0.26607364416122437
7667,2018-10-04,0.26607364416122437
7668,2018-10-04,0.26607364416122437
7669,2018-10-04,0.0920136421918869
7670,2018-10-04,0.0920136421918869
7671,2018-10-04,0.0889313668012619
7672,2018-10-04,0.0889313668012619
7673,2018-10-04,0.0889313668012619
7674,2018-10-04,0.0920136421918869
7675,2018-10-04,0.0889313668012619
7676,2018-10-04,0.0920136421918869
7677,2018-10-04,0.0920136421918869
7691,2018-10-04,0.2026912122964859
7692,2018-10-04,0.29585880041122437
7699,2018-10-04,0.0961945503950119
7700,2018-10-04,0.2018977552652359
7711,2018-10-04,0.3765224516391754
7728,2018-10-04,0.24935002624988556
7729,2018-10-04,0.29585880041122437
7732,2018-10-04,0.29585880041122437
7733,2018-10-04,0.29585880041122437
7735,2018-10-04,0.3458797037601471
7737,2018-10-04,0.29585880041122437
7824,2020-04-22,0.18969224393367767
7825,2020-04-22,0.18969224393367767
7826,2020-04-22,0.18969224393367767
7827,2020-04-22,0.18969224393367767
7828,2020-04-22,0.18969224393367767
7829,2020-04-22,0.18969224393367767
7830,2020-04-22,0.18969224393367767
7854,2018-09-12,0.24120666086673737
7872,2020-04-22,0.19066880643367767
7886,2018-09-14,0.30343490839004517
7887,2018-09-14,0.30343490839004517
7889,2018-09-14,0.30343490839004517
7890,2018-09-14,0.30343490839004517
8053,,0.6711484789848328
8054,,0.3327862620353699
8055,,0.3327862620353699
8056,,0.4836651682853699
8058,,0.6906964182853699
8059,,0.6906964182853699
8060,,0.4564434885978699
8061,,0.3031231760978699
8062,,0.3031231760978699
8063,,0.3521954417228699
8064,,0.3521954417228699
8065,,0.3480450510978699
8066,,0.3480450510978699
8067,,0.3523175120353699
8068,,0.3523175120353699
8069,,0.3479229807853699
8070,,0.5527569651603699
8073,2020-08-20,0.5825914740562439
8074,2020-08-20,0.5535387396812439
8075,2020-08-20,0.5454820990562439
8076,2020-08-20,0.5454820990562439
8077,2020-08-20,0.5454820990562439
8078,2020-08-20,0.5454820990562439
8079,2020-08-20,0.5454820990562439
8084,2020-08-20,0.3566393256187439
8085,,0.3463854193687439
8086,2020-08-20,0.2979235053062439
8107,2020-08-20,0.2689928412437439
8113,,0.6655052304267883
9594,2022-10-02,0.14663206040859222
9602,2022-10-02,0.14663206040859222
9766,2022-10-02,0.24373899400234222
9767,2022-10-02,0.24373899400234222
14010,2019-05-10,0.33272671699523926
14011,2019-05-10,0.33272671699523926
14021,2019-03-12,0.44081416726112366
14022,2019-03-12,0.44081416726112366
14023,2019-03-12,0.44081416726112366
14059,2019-03-12,0.41932979226112366
14060,2019-03-12,0.41932979226112366
14061,2019-03-12,0.41932979226112366
14062,2019-03-12,0.41932979226112366
14064,2019-03-12,0.41932979226112366
14119,2019-03-12,0.41932979226112366
14684,2019-05-29,0.2950435280799866
14685,2019-05-29,0.2950435280799866
14686,2019-05-29,0.2950435280799866
14687,2019-05-29,0.2950435280799866
14688,2019-05-29,0.2950435280799866
14689,2019-05-29,0.2950435280799866
14690,2019-05-29,0.2950435280799866
14691,2019-05-29,0.2950435280799866
14692,2019-05-29,0.20155379176139832
14693,2019-05-29,0.20155379176139832
14706,2019-05-29,0.2648921608924866
14707,2019-05-29,0.2648921608924866
14708,2019-05-29,0.25559478998184204
14711,2019-05-29,0.25559478998184204
14714,2019-05-29,0.23455359041690826
14715,2019-05-29,0.23455359041690826
14720,2019-05-29,0.2950435280799866
14721,2019-05-29,0.2950435280799866
14855,2019-05-15,0.40925726294517517
14856,2019-05-15,0.41450628638267517
14925,2019-05-15,0.41166192293167114
14926,2019-05-17,0.33730417490005493
14928,2019-05-17,0.33730417490005493
14930,2019-05-15,0.41166192293167114
14931,2019-05-17,0.33730417490005493
14932,,0.41166192293167114
14943,2019-05-15,0.42874667048454285
14947,2019-05-15,0.42874667048454285
14948,2019-05-15,0.38358575105667114
15096,2019-05-15,0.42874667048454285
15101,2019-05-15,0.42874667048454285
15105,2019-05-15,0.42874667048454285
15108,2019-05-15,0.42874667048454285
15110,2019-05-15,0.42874667048454285
15134,2019-05-15,0.42874667048454285
15137,2019-05-15,0.42874667048454285
